customer_id,payment_id,order_id,amount,currency,payment_method,payment_status,failure_reason,failure_code,failure_source,failure_step,customer_age_days,previous_payment_count,previous_success_count,previous_failure_count,customer_success_rate,average_transaction_amount,customer_lifetime_value,days_since_last_payment,retry_count,previous_recovery_count,subscription_status,subscription_age_days,time_of_day,day_of_week,merchant_category,customer_segment,historical_recovery_rate,previous_intervention,recovery_action,recovery_probability,recovered,recovered_amount
cus_0,pay_0,ord_0,7670.0,INR,netbanking,failed,network_timeout,network_timeout,customer,payment_authentication,779,4,3,1,0.75,6929.494110140112,73737.85211450502,157,1,0,none,656,7,2,health,vip,0.46545421969944856,ALTERNATIVE_PAYMENT_METHOD,RETRY,0.6824479300545103,0,0.0
cus_1,pay_1,ord_1,3920.0,INR,upi,failed,card_declined,card_declined,customer,payment_authentication,760,8,7,1,0.875,4272.989862359379,34263.789748072704,83,1,0,active,503,11,6,saas,new,0.5061118062493223,CUSTOMER_NOTIFICATION,REMINDER,0.6533697319899421,0,0.0
cus_2,pay_2,ord_2,1370.0,INR,netbanking,failed,temporary_bank_failure,temporary_bank_failure,customer,payment_authentication,872,3,3,0,1.0,1193.404992773773,5747.531608331185,53,0,1,past_due,610,21,3,retail,regular,0.794787829251356,ALTERNATIVE_PAYMENT_METHOD,RETRY,0.7999853437912158,1,1370.0
cus_3,pay_3,ord_3,220.0,INR,upi,failed,network_timeout,network_timeout,customer,payment_authentication,131,10,7,3,0.7,183.28565679318498,2161.9363636704848,129,0,1,none,516,17,0,education,regular,0.7951234276171348,ALTERNATIVE_PAYMENT_METHOD,RETRY,0.7543163758175856,1,220.0
cus_4,pay_4,ord_4,1520.0,INR,card,failed,temporary_bank_failure,temporary_bank_failure,customer,payment_authentication,482,4,2,2,0.5,1600.5043272985674,6093.924080221729,142,0,0,none,663,16,6,education,vip,0.5005947647678534,NO_ACTION,RETRY,0.5342168390631324,0,0.0
cus_5,pay_5,ord_5,290.0,INR,wallet,failed,network_timeout,network_timeout,customer,payment_authentication,1364,7,6,1,0.8571428571428571,321.570386283956,1655.6707073041239,172,0,2,active,460,7,1,retail,new,0.8043991632704665,ALTERNATIVE_PAYMENT_METHOD,RETRY,0.7608365552908063,0,0.0
cus_6,pay_6,ord_6,170.0,INR,netbanking,failed,card_declined,card_declined,customer,payment_authentication,1464,7,3,4,0.42857142857142855,168.72479624924796,2592.587774705941,164,0,1,none,989,7,0,retail,regular,0.5776487878055624,HUMAN_ESCALATION,REMINDER,0.6637099586977991,1,170.0
cus_7,pay_7,ord_7,3450.0,INR,netbanking,failed,temporary_bank_failure,temporary_bank_failure,customer,payment_authentication,4,5,5,0,1.0,3798.730906849472,26646.126837492717,5,1,1,active,948,12,3,retail,new,0.9825009977922724,NO_ACTION,RETRY,0.8311115765587784,1,3450.0
cus_8,pay_8,ord_8,5840.0,INR,card,failed,temporary_bank_failure,temporary_bank_failure,customer,payment_authentication,945,7,5,2,0.7142857142857143,4102.37081399459,89726.41393200695,146,0,1,none,799,0,4,education,new,0.9539915303626536,NO_ACTION,RETRY,0.8628932541846626,1,5840.0
cus_9,pay_9,ord_9,260.0,INR,upi,failed,network_timeout,network_timeout,customer,payment_authentication,208,7,6,1,0.8571428571428571,233.14590146520968,3792.2613835469624,31,0,1,none,91,2,3,education,new,0.7405309935137597,HUMAN_ESCALATION,RETRY,0.8219574893302329,1,260.0
cus_10,pay_10,ord_10,1400.0,INR,card,failed,insufficient_funds,insufficient_funds,customer,payment_authentication,803,4,3,1,0.75,1491.970376433711,11669.594255638567,150,0,0,active,231,13,4,retail,new,0.5184117498627272,RETRY,NO_ACTION,0.5372564662004654,0,0.0
cus_11,pay_11,ord_11,1780.0,INR,wallet,failed,network_timeout,network_timeout,customer,payment_authentication,13,4,4,0,1.0,1941.209465721997,16849.453195331378,144,0,0,past_due,363,18,6,saas,new,0.7451150017076338,ALTERNATIVE_PAYMENT_METHOD,RETRY,0.9415516715664448,1,1780.0
cus_12,pay_12,ord_12,1350.0,INR,upi,failed,network_timeout,network_timeout,customer,payment_authentication,1134,5,5,0,1.0,1102.5033880791002,8450.024144406423,41,0,1,active,125,9,4,education,vip,0.9554807460449076,ALTERNATIVE_PAYMENT_METHOD,RETRY,0.8625163058357825,1,1350.0
cus_13,pay_13,ord_13,460.0,INR,netbanking,failed,card_declined,card_declined,customer,payment_authentication,1479,5,3,2,0.6,413.647725731079,5004.6794314684275,79,0,0,none,906,7,5,saas,regular,0.43124380204255164,HUMAN_ESCALATION,REMINDER,0.559180699743462,1,460.0
cus_14,pay_14,ord_14,6840.0,INR,upi,failed,insufficient_funds,insufficient_funds,customer,payment_authentication,185,6,4,2,0.6666666666666666,5717.012673064877,75840.66621096258,138,0,1,past_due,274,16,4,retail,regular,0.7016149109060494,RETRY,REMINDER,0.7554778970849219,1,6840.0
cus_15,pay_15,ord_15,470.0,INR,card,failed,card_declined,card_declined,customer,payment_authentication,616,9,8,1,0.8888888888888888,582.3825474752822,6953.197127014664,154,2,0,none,774,4,3,health,regular,0.5640965923071026,RETRY,REMINDER,0.5933973122591966,1,470.0
cus_16,pay_16,ord_16,260.0,INR,upi,failed,upi_error,upi_error,customer,payment_authentication,291,8,4,4,0.5,228.18384133372996,3519.980037279753,156,0,0,none,904,2,3,education,regular,0.3403422026218197,CUSTOMER_NOTIFICATION,RETRY,0.47798641561182176,0,0.0
cus_17,pay_17,ord_17,460.0,INR,card,failed,temporary_bank_failure,temporary_bank_failure,customer,payment_authentication,294,4,2,2,0.5,565.4312115999555,4319.411714937975,63,1,0,active,288,17,6,education,vip,0.5075546329673393,REMINDER,RETRY,0.5908502348891009,1,460.0
cus_18,pay_18,ord_18,2930.0,INR,netbanking,failed,insufficient_funds,insufficient_funds,customer,payment_authentication,1189,2,2,0,1.0,3604.432140287206,16767.735357663598,14,0,0,none,724,11,2,saas,regular,0.9518149385774847,HUMAN_ESCALATION,REMINDER,0.9145731533731325,1,2930.0
cus_19,pay_19,ord_19,1380.0,INR,upi,failed,temporary_bank_failure,temporary_bank_failure,customer,payment_authentication,178,6,5,1,0.8333333333333334,1401.2834024733409,8984.30779794066,175,1,1,none,663,2,2,health,regular,0.833093665490967,NO_ACTION,RETRY,0.8828951091541012,1,1380.0
cus_20,pay_20,ord_20,840.0,INR,netbanking,failed,insufficient_funds,insufficient_funds,customer,payment_authentication,186,5,4,1,0.8,1026.8931118696432,4057.1736680476556,155,0,0,none,639,15,5,education,new,0.667128810990489,RETRY,REMINDER,0.57995380994533,0,0.0
cus_21,pay_21,ord_21,3060.0,INR,card,failed,network_timeout,network_timeout,customer,payment_authentication,556,7,4,3,0.5714285714285714,2282.76413322933,25812.572457835257,38,0,1,none,1,22,4,education,regular,0.9092841304030813,NO_ACTION,RETRY,0.8351174732370041,1,3060.0
cus_22,pay_22,ord_22,2520.0,INR,wallet,failed,expired_card,expired_card,customer,payment_authentication,464,7,5,2,0.7142857142857143,1954.7590207242558,35345.2255906248,104,0,1,past_due,549,8,0,retail,regular,0.51521476766267,CUSTOMER_NOTIFICATION,ALTERNATIVE_PAYMENT_METHOD,0.6001006137466669,0,0.0
cus_23,pay_23,ord_23,180.0,INR,netbanking,failed,card_declined,card_declined,customer,payment_authentication,1463,1,1,0,1.0,169.9254840989138,297.42494724050533,170,0,0,none,532,16,4,retail,new,0.6176484676646135,NO_ACTION,REMINDER,0.6630130515968625,0,0.0
cus_24,pay_24,ord_24,3030.0,INR,netbanking,failed,insufficient_funds,insufficient_funds,customer,payment_authentication,592,13,11,2,0.8461538461538461,3378.673131951491,66187.46180992457,58,0,1,none,4,16,0,retail,new,0.6068737300762141,HUMAN_ESCALATION,REMINDER,0.6521885462384283,0,0.0
cus_25,pay_25,ord_25,5890.0,INR,card,failed,temporary_bank_failure,temporary_bank_failure,customer,payment_authentication,823,7,6,1,0.8571428571428571,7552.919595832456,57438.15677271768,142,1,2,past_due,918,17,3,retail,regular,0.6884991743132907,CUSTOMER_NOTIFICATION,RETRY,0.7288934170906404,1,5890.0
cus_26,pay_26,ord_26,1600.0,INR,upi,failed,insufficient_funds,insufficient_funds,customer,payment_authentication,155,10,8,2,0.8,1568.186778506066,33194.041334892754,87,0,0,none,759,11,2,health,vip,0.7343542913251324,CUSTOMER_NOTIFICATION,REMINDER,0.5868755128796775,0,0.0
cus_27,pay_27,ord_27,1430.0,INR,card,failed,network_timeout,network_timeout,customer,payment_authentication,531,5,3,2,0.6,1007.333652016312,15152.497178302197,175,0,0,active,618,1,1,saas,regular,0.9188991693371663,HUMAN_ESCALATION,RETRY,0.8997348822082397,1,1430.0
cus_28,pay_28,ord_28,12010.0,INR,card,failed,card_declined,card_declined,customer,payment_authentication,309,8,3,5,0.375,9714.916783890521,147016.74645531565,73,1,0,none,363,3,4,education,regular,0.24254874805353827,RETRY,NO_ACTION,0.4084750344116273,0,0.0
cus_29,pay_29,ord_29,890.0,INR,upi,failed,insufficient_funds,insufficient_funds,customer,payment_authentication,547,3,3,0,1.0,856.8948047269116,4253.726573662367,29,0,2,none,909,13,1,health,new,0.7430893118554303,RETRY,REMINDER,0.808572286972566,1,890.0
cus_30,pay_30,ord_30,1530.0,INR,upi,failed,network_timeout,network_timeout,customer,payment_authentication,456,7,6,1,0.8571428571428571,1704.4046211840366,21848.331972029246,171,1,2,none,425,12,2,saas,new,0.65400232871938,REMINDER,RETRY,0.7002170313787593,0,0.0
cus_31,pay_31,ord_31,2520.0,INR,wallet,failed,temporary_bank_failure,temporary_bank_failure,customer,payment_authentication,176,6,6,0,1.0,2650.836228307838,17951.34865684812,63,0,1,active,75,0,1,education,regular,0.8404654319938639,ALTERNATIVE_PAYMENT_METHOD,RETRY,0.7981137437623392,1,2520.0
cus_32,pay_32,ord_32,1900.0,INR,card,failed,insufficient_funds,insufficient_funds,customer,payment_authentication,832,8,6,2,0.75,2328.761499668263,24048.764884121465,49,0,0,active,999,5,0,saas,new,0.882430434487026,CUSTOMER_NOTIFICATION,REMINDER,0.7022137581139875,0,0.0
cus_33,pay_33,ord_33,1380.0,INR,card,failed,temporary_bank_failure,temporary_bank_failure,customer,payment_authentication,775,7,5,2,0.7142857142857143,1185.9020404795933,21099.24104586947,35,2,1,none,533,7,2,education,regular,0.4907677299379769,CUSTOMER_NOTIFICATION,NO_ACTION,0.41203719416044826,0,0.0
cus_34,pay_34,ord_34,1980.0,INR,upi,failed,upi_error,upi_error,customer,payment_authentication,778,8,3,5,0.375,2027.515811409982,26459.288441865003,73,1,0,none,589,19,4,retail,new,0.6947085856142006,NO_ACTION,RETRY,0.704916296393464,1,1980.0
cus_35,pay_35,ord_35,8680.0,INR,card,failed,card_declined,card_declined,customer,payment_authentication,636,9,6,3,0.6666666666666666,6827.264482695673,165710.9244596091,149,0,1,past_due,684,17,4,education,new,0.5902661836331039,CUSTOMER_NOTIFICATION,REMINDER,0.6753410693249025,1,8680.0
cus_36,pay_36,ord_36,4050.0,INR,card,failed,card_declined,card_declined,customer,payment_authentication,787,5,5,0,1.0,4402.937959251082,30973.073664997806,61,0,2,active,164,20,6,health,regular,0.8026372638714298,ALTERNATIVE_PAYMENT_METHOD,REMINDER,0.6605368086686616,1,4050.0
cus_37,pay_37,ord_37,1680.0,INR,upi,failed,temporary_bank_failure,temporary_bank_failure,customer,payment_authentication,1093,2,1,1,0.5,1944.4508426135521,7651.154120530543,48,0,0,active,33,5,2,health,regular,0.5547143964887908,REMINDER,RETRY,0.5843896887627249,1,1680.0
cus_38,pay_38,ord_38,760.0,INR,card,failed,temporary_bank_failure,temporary_bank_failure,customer,payment_authentication,392,3,1,2,0.3333333333333333,766.117840660999,5844.444343529646,79,0,1,none,457,20,2,saas,new,0.7194238921103946,NO_ACTION,RETRY,0.8614740446585283,1,760.0
cus_39,pay_39,ord_39,870.0,INR,upi,failed,card_declined,card_declined,customer,payment_authentication,288,7,6,1,0.8571428571428571,842.9170960511432,11542.88703999114,94,1,0,past_due,866,16,6,retail,regular,0.5852680938148581,CUSTOMER_NOTIFICATION,NO_ACTION,0.5495023620227374,0,0.0
cus_40,pay_40,ord_40,4680.0,INR,upi,failed,insufficient_funds,insufficient_funds,customer,payment_authentication,1016,11,6,5,0.5454545454545454,3797.9105780982604,105427.82160458206,148,0,1,active,993,1,1,education,new,0.5009091889216786,ALTERNATIVE_PAYMENT_METHOD,REMINDER,0.6244817186775979,1,4680.0
cus_41,pay_41,ord_41,370.0,INR,netbanking,failed,upi_error,upi_error,customer,payment_authentication,206,9,6,3,0.6666666666666666,466.363598198369,6592.120925536297,34,0,1,active,256,13,4,health,regular,0.902453234307492,REMINDER,RETRY,0.8364842595252969,1,370.0
cus_42,pay_42,ord_42,19990.0,INR,upi,failed,network_timeout,network_timeout,customer,payment_authentication,527,8,5,3,0.625,21263.397983436636,144133.69697346166,58,0,0,past_due,987,6,5,retail,regular,0.6889828032588442,CUSTOMER_NOTIFICATION,RETRY,0.7283778990326633,0,0.0
cus_43,pay_43,ord_43,1750.0,INR,card,failed,insufficient_funds,insufficient_funds,customer,payment_authentication,872,9,7,2,0.7777777777777778,2080.92373444524,18130.136287743357,127,1,1,active,864,21,3,saas,regular,0.6834885992795257,HUMAN_ESCALATION,REMINDER,0.7140605697202497,0,0.0
cus_44,pay_44,ord_44,460.0,INR,netbanking,failed,network_timeout,network_timeout,customer,payment_authentication,877,9,8,1,0.8888888888888888,328.6934527489584,7654.066442494022,77,0,0,none,817,10,5,saas,regular,0.5273973866103804,RETRY,RETRY,0.8019531112553344,1,460.0
cus_45,pay_45,ord_45,2170.0,INR,netbanking,failed,upi_error,upi_error,customer,payment_authentication,1113,10,6,4,0.6,1846.204258152064,44327.845404810476,133,1,0,past_due,279,11,2,saas,new,0.5995176570737182,ALTERNATIVE_PAYMENT_METHOD,RETRY,0.4917646205426747,1,2170.0
cus_46,pay_46,ord_46,810.0,INR,card,failed,expired_card,expired_card,customer,payment_authentication,708,13,10,3,0.7692307692307693,801.4430046695446,19765.647240904396,79,0,0,none,733,22,0,saas,regular,0.445500470064021,HUMAN_ESCALATION,ALTERNATIVE_PAYMENT_METHOD,0.563411567674551,1,810.0
cus_47,pay_47,ord_47,1190.0,INR,card,failed,card_declined,card_declined,customer,payment_authentication,746,8,3,5,0.375,1215.867129828383,11857.111040042446,20,0,1,active,981,7,0,health,regular,0.24001140244207486,CUSTOMER_NOTIFICATION,NO_ACTION,0.3122436208634119,0,0.0
cus_48,pay_48,ord_48,400.0,INR,upi,failed,upi_error,upi_error,customer,payment_authentication,67,7,6,1,0.8571428571428571,377.19331043431356,4823.545540692945,155,1,1,past_due,581,14,3,health,new,0.7373009979693002,RETRY,RETRY,0.7182116044466893,1,400.0
cus_49,pay_49,ord_49,1420.0,INR,card,failed,temporary_bank_failure,temporary_bank_failure,customer,payment_authentication,1185,10,8,2,0.8,1281.367935214107,24364.18943899033,123,1,1,none,887,20,3,saas,new,0.6186583635636402,NO_ACTION,RETRY,0.6332457765279247,1,1420.0
cus_50,pay_50,ord_50,220.0,INR,card,failed,network_timeout,network_timeout,customer,payment_authentication,356,5,3,2,0.6,213.44895175469145,1674.4291495529396,24,3,0,past_due,276,13,3,health,regular,0.48496468695732875,REMINDER,NO_ACTION,0.2553397133330819,0,0.0
cus_51,pay_51,ord_51,990.0,INR,card,failed,temporary_bank_failure,temporary_bank_failure,customer,payment_authentication,1261,7,5,2,0.7142857142857143,910.3880217120438,11594.94160565867,29,2,0,none,856,11,2,education,regular,0.4679662980415489,NO_ACTION,REMINDER,0.6404580191849568,0,0.0
cus_52,pay_52,ord_52,790.0,INR,netbanking,failed,card_declined,card_declined,customer,payment_authentication,967,1,1,0,1.0,571.9832211866268,3131.236446162005,61,3,0,none,177,7,3,education,new,0.32152292151479195,REMINDER,NO_ACTION,0.3598307010978573,0,0.0
cus_53,pay_53,ord_53,1090.0,INR,upi,failed,network_timeout,network_timeout,customer,payment_authentication,1375,7,4,3,0.5714285714285714,1216.0561738587476,12278.553468029784,171,0,0,active,687,6,6,retail,regular,0.9378108691732364,HUMAN_ESCALATION,RETRY,0.8591928083375107,1,1090.0
cus_54,pay_54,ord_54,840.0,INR,upi,failed,card_declined,card_declined,customer,payment_authentication,1312,9,6,3,0.6666666666666666,976.7341122274266,8002.404499191382,53,2,1,none,362,20,3,retail,regular,0.5086722854222265,REMINDER,REMINDER,0.5529757296875856,0,0.0
cus_55,pay_55,ord_55,1870.0,INR,netbanking,failed,expired_card,expired_card,customer,payment_authentication,567,4,3,1,0.75,1658.2215409189253,12672.39716482973,158,0,0,none,401,9,5,retail,new,0.6304686886817487,ALTERNATIVE_PAYMENT_METHOD,ALTERNATIVE_PAYMENT_METHOD,0.6308015002562085,1,1870.0
cus_56,pay_56,ord_56,4390.0,INR,upi,failed,card_declined,card_declined,customer,payment_authentication,591,5,4,1,0.8,5617.245195673339,24456.072246948293,87,1,0,none,734,7,5,health,regular,0.901248862666513,ALTERNATIVE_PAYMENT_METHOD,REMINDER,0.6427736732792327,0,0.0
cus_57,pay_57,ord_57,2590.0,INR,upi,failed,temporary_bank_failure,temporary_bank_failure,customer,payment_authentication,1356,8,5,3,0.625,3346.672628704695,37171.77018700091,36,2,0,none,458,10,0,health,regular,0.3931395596394023,ALTERNATIVE_PAYMENT_METHOD,NO_ACTION,0.38655517904863507,0,0.0
cus_58,pay_58,ord_58,6630.0,INR,card,failed,temporary_bank_failure,temporary_bank_failure,customer,payment_authentication,1325,10,7,3,0.7,6902.762616441694,136559.44033980244,20,1,2,none,843,1,1,education,vip,0.9814774468379819,HUMAN_ESCALATION,RETRY,0.8414099885864171,1,6630.0
cus_59,pay_59,ord_59,1100.0,INR,card,failed,insufficient_funds,insufficient_funds,customer,payment_authentication,1063,11,7,4,0.6363636363636364,1294.0988782982768,20837.8780597997,61,0,0,active,587,5,3,retail,regular,0.7279366002795451,CUSTOMER_NOTIFICATION,REMINDER,0.6629699810253518,1,1100.0
cus_60,pay_60,ord_60,2500.0,INR,upi,failed,card_declined,card_declined,customer,payment_authentication,1385,11,7,4,0.6363636363636364,2568.300546520329,55227.64708837618,40,0,1,past_due,512,21,5,retail,regular,0.8422719299282968,RETRY,REMINDER,0.7685231372178354,1,2500.0
cus_61,pay_61,ord_61,2600.0,INR,upi,failed,insufficient_funds,insufficient_funds,customer,payment_authentication,937,12,9,3,0.75,2227.3159437541667,55634.70470256114,107,1,0,none,267,19,6,saas,regular,0.5132462091071401,HUMAN_ESCALATION,NO_ACTION,0.5330876653466023,0,0.0
cus_62,pay_62,ord_62,5720.0,INR,upi,failed,temporary_bank_failure,temporary_bank_failure,customer,payment_authentication,38,6,6,0,1.0,4244.323014826861,50798.49912565447,176,0,1,none,644,21,5,retail,regular,0.6848641488035143,RETRY,RETRY,0.8477601977894357,1,5720.0
cus_63,pay_63,ord_63,870.0,INR,netbanking,failed,network_timeout,network_timeout,customer,payment_authentication,831,9,8,1,0.8888888888888888,788.7943057887161,12176.995524608388,145,1,1,none,256,19,6,saas,regular,0.8172705203956272,HUMAN_ESCALATION,RETRY,0.7085048726372097,1,870.0
cus_64,pay_64,ord_64,3980.0,INR,upi,failed,insufficient_funds,insufficient_funds,customer,payment_authentication,555,6,5,1,0.8333333333333334,3228.6686958101955,38790.25347128917,55,1,0,past_due,748,0,6,health,new,0.845778782962401,HUMAN_ESCALATION,REMINDER,0.7901005642899985,0,0.0
cus_65,pay_65,ord_65,770.0,INR,upi,failed,insufficient_funds,insufficient_funds,customer,payment_authentication,30,8,6,2,0.75,965.0968014452342,8386.977049530144,169,0,0,none,485,10,6,health,regular,0.7019574895024536,REMINDER,REMINDER,0.6483918950794848,1,770.0
cus_66,pay_66,ord_66,1020.0,INR,upi,failed,insufficient_funds,insufficient_funds,customer,payment_authentication,834,5,3,2,0.6,1308.3977565409768,5023.285866520676,174,0,0,none,531,3,4,education,regular,0.28461010583189494,REMINDER,NO_ACTION,0.29960901289561437,0,0.0
cus_67,pay_67,ord_67,1260.0,INR,card,failed,temporary_bank_failure,temporary_bank_failure,customer,payment_authentication,840,5,2,3,0.4,1283.984019951438,12189.444266914958,75,0,1,active,528,0,5,health,regular,0.7006986727312854,ALTERNATIVE_PAYMENT_METHOD,RETRY,0.7655124329734769,1,1260.0
cus_68,pay_68,ord_68,2840.0,INR,card,failed,network_timeout,network_timeout,customer,payment_authentication,1098,7,5,2,0.7142857142857143,2947.692462580242,17296.96700173761,87,0,1,past_due,42,5,6,education,regular,0.8620383145956445,HUMAN_ESCALATION,RETRY,0.7297781147156825,1,2840.0
cus_69,pay_69,ord_69,610.0,INR,upi,failed,insufficient_funds,insufficient_funds,customer,payment_authentication,1168,7,4,3,0.5714285714285714,767.5569172337699,4710.478640470281,87,2,1,active,797,2,1,retail,regular,0.5166110628362558,HUMAN_ESCALATION,NO_ACTION,0.48393924714346165,0,0.0
cus_70,pay_70,ord_70,700.0,INR,card,failed,temporary_bank_failure,temporary_bank_failure,customer,payment_authentication,484,5,3,2,0.6,803.9304452867646,5418.162461389731,74,0,0,none,992,21,3,education,new,0.6003939306714654,CUSTOMER_NOTIFICATION,RETRY,0.7832711462510935,1,700.0
cus_71,pay_71,ord_71,950.0,INR,upi,failed,upi_error,upi_error,customer,payment_authentication,1482,6,5,1,0.8333333333333334,757.3337920178055,13188.351474452156,28,0,1,none,744,12,4,education,vip,0.8978882359789936,RETRY,RETRY,0.9032373766829543,0,0.0
cus_72,pay_72,ord_72,1900.0,INR,netbanking,failed,network_timeout,network_timeout,customer,payment_authentication,663,13,9,4,0.6923076923076923,2415.2320136963012,29231.387714414737,161,2,1,none,181,22,2,retail,regular,0.7358640451512398,NO_ACTION,REMINDER,0.7662611609638529,1,1900.0
cus_73,pay_73,ord_73,710.0,INR,card,failed,network_timeout,network_timeout,customer,payment_authentication,650,9,7,2,0.7777777777777778,740.3955585087161,12305.125565198106,62,0,0,none,625,6,4,education,regular,0.6119138649239599,RETRY,RETRY,0.8745521806948995,1,710.0
cus_74,pay_74,ord_74,2350.0,INR,card,failed,network_timeout,network_timeout,customer,payment_authentication,271,10,7,3,0.7,1674.1332723050482,32191.30476706826,15,0,0,none,160,12,4,health,regular,0.8178179898522999,CUSTOMER_NOTIFICATION,RETRY,0.8926231813644636,1,2350.0
cus_75,pay_75,ord_75,1260.0,INR,card,failed,upi_error,upi_error,customer,payment_authentication,1485,2,1,1,0.5,1030.340156580068,3734.7238727104054,178,0,0,past_due,654,7,5,health,new,1.0,HUMAN_ESCALATION,RETRY,0.7789701048170289,1,1260.0
cus_76,pay_76,ord_76,3490.0,INR,card,failed,insufficient_funds,insufficient_funds,customer,payment_authentication,591,4,3,1,0.75,4111.56367579027,12818.010108162112,22,0,0,active,442,12,1,health,new,0.2756670650617622,HUMAN_ESCALATION,NO_ACTION,0.5116672774330856,0,0.0
cus_77,pay_77,ord_77,1930.0,INR,upi,failed,card_declined,card_declined,customer,payment_authentication,257,3,3,0,1.0,1498.9527614928436,6291.661086720155,168,0,2,active,871,12,6,education,regular,0.38815176062929957,NO_ACTION,NO_ACTION,0.5035702993446299,0,0.0
cus_78,pay_78,ord_78,10430.0,INR,upi,failed,card_declined,card_declined,customer,payment_authentication,1269,6,4,2,0.6666666666666666,12628.430863862846,90660.51963631444,24,1,2,past_due,581,1,6,education,vip,0.19539613791296584,RETRY,NO_ACTION,0.438707755803868,0,0.0
cus_79,pay_79,ord_79,2040.0,INR,netbanking,failed,insufficient_funds,insufficient_funds,customer,payment_authentication,1437,5,2,3,0.4,2390.4619055882713,14935.736792814476,74,2,1,active,58,15,3,health,regular,0.25104386109352916,REMINDER,NO_ACTION,0.4093370139781142,0,0.0
cus_80,pay_80,ord_80,530.0,INR,upi,failed,temporary_bank_failure,temporary_bank_failure,customer,payment_authentication,321,5,5,0,1.0,382.21161880899524,4815.358234195607,93,0,0,active,870,5,3,retail,new,0.3340768285827592,REMINDER,RETRY,0.5179129377394261,0,0.0
cus_81,pay_81,ord_81,1460.0,INR,upi,failed,temporary_bank_failure,temporary_bank_failure,customer,payment_authentication,884,7,3,4,0.42857142857142855,1311.9961686142092,9120.730881838599,40,0,0,active,570,4,2,saas,regular,0.5606163969967788,NO_ACTION,RETRY,0.6790638596615404,0,0.0
cus_82,pay_82,ord_82,1850.0,INR,netbanking,failed,card_declined,card_declined,customer,payment_authentication,1357,5,1,4,0.2,1857.6340732714348,11867.15447596304,103,1,0,active,888,23,5,saas,regular,0.45391985579287475,NO_ACTION,NO_ACTION,0.28232264944336677,0,0.0
cus_83,pay_83,ord_83,730.0,INR,card,failed,network_timeout,network_timeout,customer,payment_authentication,994,4,3,1,0.75,544.29878764084,2666.1472051126016,103,2,1,past_due,60,16,3,retail,regular,0.8244648194212852,NO_ACTION,REMINDER,0.7338694883535927,0,0.0
cus_84,pay_84,ord_84,8240.0,INR,card,failed,network_timeout,network_timeout,customer,payment_authentication,655,12,9,3,0.75,8633.612575203817,196402.98327928918,155,0,0,none,237,2,4,saas,new,0.8196485845208744,HUMAN_ESCALATION,RETRY,0.8455551733704957,1,8240.0
cus_85,pay_85,ord_85,1330.0,INR,card,failed,insufficient_funds,insufficient_funds,customer,payment_authentication,860,9,9,0,1.0,1713.2480205197878,16183.540118865481,76,0,0,active,110,2,6,health,regular,0.8294179851024263,RETRY,REMINDER,0.6620347628780447,1,1330.0
cus_86,pay_86,ord_86,950.0,INR,upi,failed,temporary_bank_failure,temporary_bank_failure,customer,payment_authentication,153,7,7,0,1.0,1007.0800797195434,11092.743723324456,157,0,1,none,296,1,4,saas,regular,0.8768207467982818,ALTERNATIVE_PAYMENT_METHOD,RETRY,0.9244272662021629,0,0.0
cus_87,pay_87,ord_87,2170.0,INR,upi,failed,expired_card,expired_card,customer,payment_authentication,1474,12,9,3,0.75,2161.818805362034,45805.273598217325,135,0,0,none,475,13,3,saas,regular,0.5631704733305608,RETRY,ALTERNATIVE_PAYMENT_METHOD,0.6587073628192511,1,2170.0
cus_88,pay_88,ord_88,730.0,INR,card,failed,expired_card,expired_card,customer,payment_authentication,770,8,5,3,0.625,890.6798029010629,6887.725099021716,145,1,1,none,654,16,1,retail,new,0.36391640088755445,RETRY,ALTERNATIVE_PAYMENT_METHOD,0.40721843319597617,0,0.0
cus_89,pay_89,ord_89,4750.0,INR,upi,failed,upi_error,upi_error,customer,payment_authentication,67,7,3,4,0.42857142857142855,6072.312843499093,33266.47887521391,113,0,1,none,391,16,0,retail,vip,0.5011331827135382,ALTERNATIVE_PAYMENT_METHOD,RETRY,0.6594873256313875,0,0.0
cus_90,pay_90,ord_90,3890.0,INR,card,failed,network_timeout,network_timeout,customer,payment_authentication,507,9,8,1,0.8888888888888888,4826.376353274614,56574.313644179536,32,1,1,active,479,0,5,education,regular,0.6331838628510662,HUMAN_ESCALATION,RETRY,0.8217945822180348,1,3890.0
cus_91,pay_91,ord_91,2060.0,INR,upi,failed,upi_error,upi_error,customer,payment_authentication,616,6,4,2,0.6666666666666666,1487.6771806765576,27028.347661290863,118,0,1,past_due,733,7,3,health,regular,0.8133256654719315,HUMAN_ESCALATION,RETRY,0.7473475240065302,1,2060.0
cus_92,pay_92,ord_92,3270.0,INR,upi,failed,network_timeout,network_timeout,customer,payment_authentication,1491,8,6,2,0.75,2484.4693616924005,54750.204274223404,128,0,0,active,413,4,0,education,regular,0.8249383518604891,CUSTOMER_NOTIFICATION,RETRY,0.7917725855826331,1,3270.0
cus_93,pay_93,ord_93,1100.0,INR,card,failed,upi_error,upi_error,customer,payment_authentication,1312,6,5,1,0.8333333333333334,1176.2028765533325,8475.47881962165,67,1,0,past_due,818,20,5,health,regular,0.7385884540646751,ALTERNATIVE_PAYMENT_METHOD,RETRY,0.8673143326425035,1,1100.0
cus_94,pay_94,ord_94,400.0,INR,card,failed,expired_card,expired_card,customer,payment_authentication,456,1,1,0,1.0,334.40784001295975,836.806572873111,114,0,0,active,115,3,5,education,regular,0.6788296087981074,NO_ACTION,ALTERNATIVE_PAYMENT_METHOD,0.6320973738973409,1,400.0
cus_95,pay_95,ord_95,1310.0,INR,upi,failed,temporary_bank_failure,temporary_bank_failure,customer,payment_authentication,251,6,3,3,0.5,1326.5457301686147,10633.754676906196,111,1,1,none,790,18,6,saas,regular,0.5956986077279867,HUMAN_ESCALATION,RETRY,0.5449688888787867,1,1310.0
cus_96,pay_96,ord_96,1090.0,INR,card,failed,temporary_bank_failure,temporary_bank_failure,customer,payment_authentication,65,8,6,2,0.75,1311.3845855616103,9994.634511288088,115,0,1,active,800,5,1,saas,regular,0.5874368874766762,HUMAN_ESCALATION,RETRY,0.6478758212866284,0,0.0
cus_97,pay_97,ord_97,240.0,INR,card,failed,insufficient_funds,insufficient_funds,customer,payment_authentication,854,9,8,1,0.8888888888888888,303.13758877936044,4689.282237056269,124,0,1,past_due,579,21,2,retail,new,0.5674012444783695,RETRY,REMINDER,0.6626915957303644,0,0.0
cus_98,pay_98,ord_98,630.0,INR,card,failed,insufficient_funds,insufficient_funds,customer,payment_authentication,668,10,7,3,0.7,567.1023654614105,5163.31581782869,120,1,0,none,298,7,4,retail,new,0.4551791651302012,RETRY,NO_ACTION,0.3760176628524588,0,0.0
cus_99,pay_99,ord_99,530.0,INR,wallet,failed,temporary_bank_failure,temporary_bank_failure,customer,payment_authentication,785,9,9,0,1.0,640.8893808408811,5028.236021246586,116,1,1,past_due,6,8,5,retail,regular,0.7482618748175629,REMINDER,RETRY,0.7034843173275023,1,530.0
cus_100,pay_100,ord_100,630.0,INR,wallet,failed,upi_error,upi_error,customer,payment_authentication,409,8,4,4,0.5,631.5127853392297,4177.590750273062,57,2,2,none,984,12,1,saas,new,0.5175504603951322,NO_ACTION,NO_ACTION,0.343550230325982,0,0.0
cus_101,pay_101,ord_101,6860.0,INR,upi,failed,temporary_bank_failure,temporary_bank_failure,customer,payment_authentication,1211,11,6,5,0.5454545454545454,7512.77625269594,149013.58728764436,125,1,0,active,23,22,1,saas,regular,0.7990886927334733,HUMAN_ESCALATION,RETRY,0.7554875418847949,1,6860.0
cus_102,pay_102,ord_102,3020.0,INR,card,failed,upi_error,upi_error,customer,payment_authentication,775,5,5,0,1.0,2341.286197468037,23790.82295162004,26,3,2,active,87,10,4,retail,regular,0.24114016366142002,REMINDER,NO_ACTION,0.41841669911681234,0,0.0
cus_103,pay_103,ord_103,4750.0,INR,wallet,failed,network_timeout,network_timeout,customer,payment_authentication,1377,6,4,2,0.6666666666666666,3505.5570140646337,33132.549789418634,160,2,1,past_due,190,11,2,retail,regular,0.5287556167431081,CUSTOMER_NOTIFICATION,REMINDER,0.6819826758372924,1,4750.0
cus_104,pay_104,ord_104,3010.0,INR,netbanking,failed,card_declined,card_declined,customer,payment_authentication,360,7,4,3,0.5714285714285714,3516.4082542757565,29233.4120200757,142,1,0,none,192,9,6,education,regular,0.37847283753047245,RETRY,NO_ACTION,0.4002427853458586,0,0.0
cus_105,pay_105,ord_105,5340.0,INR,upi,failed,card_declined,card_declined,customer,payment_authentication,388,10,7,3,0.7,5655.431918607376,49218.78907024691,48,2,0,past_due,268,7,2,saas,regular,0.6506306534634647,ALTERNATIVE_PAYMENT_METHOD,REMINDER,0.5697337396818176,0,0.0
cus_106,pay_106,ord_106,1860.0,INR,upi,failed,insufficient_funds,insufficient_funds,customer,payment_authentication,879,4,3,1,0.75,2221.457114966528,7811.724205563576,13,0,1,none,214,23,0,education,new,0.707359045924353,CUSTOMER_NOTIFICATION,REMINDER,0.6752694315985194,1,1860.0
cus_107,pay_107,ord_107,8230.0,INR,card,failed,card_declined,card_declined,customer,payment_authentication,1040,8,3,5,0.375,6332.738093345187,143025.5370366524,28,1,1,none,460,14,4,health,new,0.4394952118845999,NO_ACTION,NO_ACTION,0.501175655424115,0,0.0
cus_108,pay_108,ord_108,530.0,INR,card,failed,temporary_bank_failure,temporary_bank_failure,customer,payment_authentication,443,4,4,0,1.0,425.6569256245051,4252.982394177181,123,0,1,none,898,23,5,retail,regular,0.7175355474000069,HUMAN_ESCALATION,RETRY,0.8858036687720574,1,530.0
cus_109,pay_109,ord_109,1690.0,INR,wallet,failed,upi_error,upi_error,customer,payment_authentication,821,5,4,1,0.8,1246.8704403318502,15517.240931058866,6,0,0,none,380,21,6,education,vip,1.0,RETRY,RETRY,0.9181002204272662,1,1690.0
cus_110,pay_110,ord_110,650.0,INR,upi,failed,insufficient_funds,insufficient_funds,customer,payment_authentication,766,7,6,1,0.8571428571428571,708.5495980439985,6835.837352780686,17,0,0,past_due,140,10,1,saas,regular,0.9412244726782393,RETRY,REMINDER,0.7991199656305603,1,650.0
cus_111,pay_111,ord_111,6260.0,INR,card,failed,insufficient_funds,insufficient_funds,customer,payment_authentication,994,5,4,1,0.8,6694.1239537939855,50208.884493211066,126,0,1,none,151,21,5,saas,new,0.34837546755357784,ALTERNATIVE_PAYMENT_METHOD,NO_ACTION,0.48910232034761436,0,0.0
cus_112,pay_112,ord_112,2750.0,INR,card,failed,card_declined,card_declined,customer,payment_authentication,954,9,5,4,0.5555555555555556,2627.163526668211,46850.59670788559,88,0,1,past_due,848,3,6,saas,regular,0.5754707701734586,NO_ACTION,NO_ACTION,0.5090241647622177,0,0.0
cus_113,pay_113,ord_113,5920.0,INR,upi,failed,card_declined,card_declined,customer,payment_authentication,301,4,2,2,0.5,4624.535968283044,22736.01324870539,60,3,0,active,96,5,4,retail,regular,0.23076567725759062,NO_ACTION,NO_ACTION,0.20524097746426437,0,0.0
cus_114,pay_114,ord_114,440.0,INR,card,failed,expired_card,expired_card,customer,payment_authentication,171,14,10,4,0.7142857142857143,314.2963545199437,10346.64919824835,49,1,1,none,951,11,1,retail,regular,0.6680028391052693,RETRY,ALTERNATIVE_PAYMENT_METHOD,0.5995837759097672,1,440.0
cus_115,pay_115,ord_115,990.0,INR,netbanking,failed,card_declined,card_declined,customer,payment_authentication,409,11,10,1,0.9090909090909091,846.8278407040169,16817.96301128506,91,2,0,none,21,3,3,saas,new,0.5537379069898652,NO_ACTION,NO_ACTION,0.401943124605566,0,0.0
cus_116,pay_116,ord_116,300.0,INR,netbanking,failed,temporary_bank_failure,temporary_bank_failure,customer,payment_authentication,190,8,4,4,0.5,210.50512086277115,2966.5162307891146,53,2,0,active,41,0,4,retail,regular,0.518434483276678,RETRY,NO_ACTION,0.3759100399446513,0,0.0
cus_117,pay_117,ord_117,2590.0,INR,upi,failed,card_declined,card_declined,customer,payment_authentication,825,8,6,2,0.75,3287.370935674016,22852.4964550849,13,2,1,none,69,10,5,health,regular,0.37774812580852823,ALTERNATIVE_PAYMENT_METHOD,NO_ACTION,0.32711242481878405,0,0.0
cus_118,pay_118,ord_118,1180.0,INR,upi,failed,insufficient_funds,insufficient_funds,customer,payment_authentication,768,12,9,3,0.75,946.5008448424065,27923.12430561502,81,0,1,none,923,1,3,health,regular,0.6709015904174039,RETRY,REMINDER,0.6952783086465593,1,1180.0
cus_119,pay_119,ord_119,3850.0,INR,upi,failed,insufficient_funds,insufficient_funds,customer,payment_authentication,5,7,6,1,0.8571428571428571,3308.2837062600806,58859.55863843982,166,2,1,past_due,0,22,6,education,new,0.5912967215179837,ALTERNATIVE_PAYMENT_METHOD,REMINDER,0.6212398667729384,1,3850.0
cus_120,pay_120,ord_120,1870.0,INR,upi,failed,temporary_bank_failure,temporary_bank_failure,customer,payment_authentication,1237,7,5,2,0.7142857142857143,2204.9995412822495,12335.537415069353,92,0,1,none,885,12,2,health,new,0.5888014783855193,HUMAN_ESCALATION,RETRY,0.6106777104286801,1,1870.0
cus_121,pay_121,ord_121,210.0,INR,upi,failed,insufficient_funds,insufficient_funds,customer,payment_authentication,1074,5,4,1,0.8,272.36416208336846,1160.180492182029,105,0,0,active,32,23,5,education,new,0.7491061999128303,RETRY,NO_ACTION,0.47611272374556024,0,0.0
cus_122,pay_122,ord_122,340.0,INR,card,failed,insufficient_funds,insufficient_funds,customer,payment_authentication,700,9,7,2,0.7777777777777778,364.59171183658725,5328.623555063872,59,0,0,past_due,717,15,5,retail,regular,0.3075346490472532,NO_ACTION,NO_ACTION,0.3030137634156778,0,0.0
cus_123,pay_123,ord_123,1960.0,INR,upi,failed,expired_card,expired_card,customer,payment_authentication,243,1,1,0,1.0,1669.905183067982,6688.372462658262,22,0,1,active,447,6,4,education,vip,0.39069219801101823,REMINDER,ALTERNATIVE_PAYMENT_METHOD,0.31271675517770736,0,0.0
cus_124,pay_124,ord_124,2880.0,INR,card,failed,temporary_bank_failure,temporary_bank_failure,customer,payment_authentication,242,12,9,3,0.75,2798.6367731044325,50122.488865211395,134,0,1,none,245,15,4,health,regular,0.9055185445928602,HUMAN_ESCALATION,RETRY,0.8639148235648985,1,2880.0
cus_125,pay_125,ord_125,200.0,INR,upi,failed,temporary_bank_failure,temporary_bank_failure,customer,payment_authentication,1397,5,3,2,0.6,147.15807223643137,2285.9522635710528,73,1,0,none,675,1,5,retail,new,0.5465318978606165,RETRY,RETRY,0.6454653135328163,1,200.0
cus_126,pay_126,ord_126,1660.0,INR,card,failed,expired_card,expired_card,customer,payment_authentication,354,3,2,1,0.6666666666666666,1270.5771948640252,12184.009590817017,14,1,2,active,712,12,0,retail,regular,0.5618434032426691,REMINDER,ALTERNATIVE_PAYMENT_METHOD,0.5140673540062014,0,0.0
cus_127,pay_127,ord_127,650.0,INR,card,failed,temporary_bank_failure,temporary_bank_failure,customer,payment_authentication,1291,5,2,3,0.4,731.741438254533,3370.107913222096,56,3,2,none,418,17,3,retail,regular,0.5172325128237882,CUSTOMER_NOTIFICATION,REMINDER,0.5834609855788995,0,0.0
cus_128,pay_128,ord_128,600.0,INR,card,failed,card_declined,card_declined,customer,payment_authentication,995,8,8,0,1.0,718.6152611302615,4779.974513655961,6,0,0,none,106,10,6,education,new,0.31305959607703926,RETRY,NO_ACTION,0.4077109304194061,0,0.0
cus_129,pay_129,ord_129,940.0,INR,upi,failed,upi_error,upi_error,customer,payment_authentication,935,2,2,0,1.0,810.3582714400643,2288.894825608743,156,0,0,past_due,262,5,2,saas,regular,0.5749751848308191,NO_ACTION,RETRY,0.515552821191655,1,940.0
cus_130,pay_130,ord_130,2050.0,INR,card,failed,insufficient_funds,insufficient_funds,customer,payment_authentication,1253,4,4,0,1.0,2343.223927996175,18839.984568671982,178,0,0,past_due,19,22,0,education,new,0.4252563908243622,HUMAN_ESCALATION,REMINDER,0.5517175689840257,1,2050.0
cus_131,pay_131,ord_131,890.0,INR,wallet,failed,upi_error,upi_error,customer,payment_authentication,1336,6,6,0,1.0,964.9575008538415,8877.247630996615,157,0,2,past_due,615,5,6,saas,regular,0.6461051918980534,RETRY,RETRY,0.5583519233762049,1,890.0
cus_132,pay_132,ord_132,250.0,INR,upi,failed,temporary_bank_failure,temporary_bank_failure,customer,payment_authentication,406,8,6,2,0.75,251.4504565676038,4328.572896928329,146,0,0,active,356,6,5,retail,regular,0.7312707113463566,REMINDER,RETRY,0.6742506428595275,1,250.0
cus_133,pay_133,ord_133,2030.0,INR,card,failed,temporary_bank_failure,temporary_bank_failure,customer,payment_authentication,1480,6,5,1,0.8333333333333334,1773.3198612037081,23418.1380152087,142,0,0,active,632,17,3,saas,new,0.9968375924853212,NO_ACTION,RETRY,0.8703455350162498,1,2030.0
cus_134,pay_134,ord_134,1270.0,INR,upi,failed,network_timeout,network_timeout,customer,payment_authentication,193,2,2,0,1.0,1639.7401226332684,6292.596994734714,84,0,1,active,539,6,6,health,regular,0.9000005840740891,HUMAN_ESCALATION,RETRY,0.852003211761711,1,1270.0
cus_135,pay_135,ord_135,710.0,INR,card,failed,network_timeout,network_timeout,customer,payment_authentication,1162,8,7,1,0.875,602.633024601381,5512.6201323204095,69,1,0,past_due,711,4,4,saas,regular,0.7361311013501818,ALTERNATIVE_PAYMENT_METHOD,RETRY,0.8316909624372024,1,710.0
cus_136,pay_136,ord_136,1330.0,INR,wallet,failed,network_timeout,network_timeout,customer,payment_authentication,579,7,5,2,0.7142857142857143,1097.52295392112,8962.894866012752,14,0,2,active,455,3,6,saas,regular,0.9177325459975854,REMINDER,RETRY,0.8063122221725213,1,1330.0
cus_137,pay_137,ord_137,1280.0,INR,upi,failed,temporary_bank_failure,temporary_bank_failure,customer,payment_authentication,940,10,6,4,0.6,980.4370325106363,26896.23495348765,169,0,1,none,284,18,0,education,new,0.8349746162954517,RETRY,RETRY,0.718392595008128,0,0.0
cus_138,pay_138,ord_138,1890.0,INR,netbanking,failed,network_timeout,network_timeout,customer,payment_authentication,1252,9,7,2,0.7777777777777778,2070.2984590751103,25087.512953351757,2,0,0,past_due,623,2,3,retail,regular,0.8418208647026549,NO_ACTION,RETRY,0.7524745666415955,0,0.0
cus_139,pay_139,ord_139,1410.0,INR,card,failed,insufficient_funds,insufficient_funds,customer,payment_authentication,674,4,1,3,0.25,1749.4191381541716,14044.342728848938,49,0,1,none,956,22,3,saas,new,0.5851389757741359,RETRY,NO_ACTION,0.5118293547664252,0,0.0
cus_140,pay_140,ord_140,2130.0,INR,upi,failed,insufficient_funds,insufficient_funds,customer,payment_authentication,123,4,4,0,1.0,1662.4581520239767,11927.412724952253,77,1,1,active,692,3,3,education,vip,0.21716382201892762,RETRY,NO_ACTION,0.36495483731672923,0,0.0
cus_141,pay_141,ord_141,1720.0,INR,upi,failed,temporary_bank_failure,temporary_bank_failure,customer,payment_authentication,1220,11,8,3,0.7272727272727273,1311.759998176825,31121.84357028341,119,0,1,active,172,3,2,saas,regular,0.42857080394926184,ALTERNATIVE_PAYMENT_METHOD,RETRY,0.3429734163710362,0,0.0
cus_142,pay_142,ord_142,4100.0,INR,wallet,failed,upi_error,upi_error,customer,payment_authentication,198,10,8,2,0.8,5094.8829184075885,65153.74060934747,179,1,1,none,256,23,0,retail,regular,0.6908931966630599,ALTERNATIVE_PAYMENT_METHOD,RETRY,0.8158082157658585,1,4100.0
cus_143,pay_143,ord_143,8820.0,INR,upi,failed,temporary_bank_failure,temporary_bank_failure,customer,payment_authentication,1056,6,3,3,0.5,9669.638644772172,48682.07113572199,94,1,1,active,963,13,1,saas,new,0.6457578165539234,REMINDER,RETRY,0.7079204250251222,1,8820.0
cus_144,pay_144,ord_144,1780.0,INR,upi,failed,network_timeout,network_timeout,customer,payment_authentication,660,10,8,2,0.8,2280.915402572969,26912.947206228822,146,0,1,none,717,17,5,education,new,0.8423154175239781,REMINDER,RETRY,0.9254824541488416,1,1780.0
cus_145,pay_145,ord_145,970.0,INR,card,failed,card_declined,card_declined,customer,payment_authentication,709,12,6,6,0.5,1092.390445917557,23980.399716499654,78,0,1,active,633,16,6,retail,regular,0.507310419448909,HUMAN_ESCALATION,REMINDER,0.6641714419438285,1,970.0
cus_146,pay_146,ord_146,430.0,INR,card,failed,network_timeout,network_timeout,customer,payment_authentication,394,5,3,2,0.6,500.0999667480493,3328.2798466480795,178,1,1,past_due,723,6,0,education,regular,0.6735507142239472,CUSTOMER_NOTIFICATION,RETRY,0.6558143602077615,1,430.0
cus_147,pay_147,ord_147,3450.0,INR,upi,failed,card_declined,card_declined,customer,payment_authentication,750,5,4,1,0.8,3370.7608429367438,27208.450496464076,33,0,1,past_due,272,12,6,saas,new,0.6189390635426908,REMINDER,REMINDER,0.6220473110529886,0,0.0
cus_148,pay_148,ord_148,730.0,INR,upi,failed,network_timeout,network_timeout,customer,payment_authentication,281,8,6,2,0.75,615.3806566034758,10584.938855690763,73,1,2,none,920,11,6,saas,regular,0.711833323140132,ALTERNATIVE_PAYMENT_METHOD,RETRY,0.5790106791123154,1,730.0
cus_149,pay_149,ord_149,18910.0,INR,card,failed,temporary_bank_failure,temporary_bank_failure,customer,payment_authentication,344,6,5,1,0.8333333333333334,19694.46901094187,227004.15995229254,43,0,0,none,199,21,6,saas,regular,0.9718674360255795,HUMAN_ESCALATION,RETRY,0.851336348394559,1,18910.0
cus_150,pay_150,ord_150,29120.0,INR,netbanking,failed,temporary_bank_failure,temporary_bank_failure,customer,payment_authentication,710,10,10,0,1.0,26642.710293648543,569000.1130512351,48,3,0,active,942,20,1,health,new,0.8636220448867536,NO_ACTION,REMINDER,0.8459328776938957,0,0.0
cus_151,pay_151,ord_151,1460.0,INR,netbanking,failed,card_declined,card_declined,customer,payment_authentication,1183,6,3,3,0.5,1433.4795610745023,13158.835020060544,147,1,0,active,231,1,2,health,new,0.5809220338669667,REMINDER,NO_ACTION,0.5021105801732952,0,0.0
cus_152,pay_152,ord_152,340.0,INR,card,failed,insufficient_funds,insufficient_funds,customer,payment_authentication,771,9,5,4,0.5555555555555556,343.19964216937205,4342.5412340105195,128,0,0,past_due,313,15,1,saas,regular,0.6448308974697778,REMINDER,REMINDER,0.6552527719123492,0,0.0
cus_153,pay_153,ord_153,3480.0,INR,upi,failed,temporary_bank_failure,temporary_bank_failure,customer,payment_authentication,1317,5,5,0,1.0,2491.4797123143976,27464.782301647967,120,0,1,none,646,23,4,saas,regular,0.8556579116094936,CUSTOMER_NOTIFICATION,RETRY,0.866703845124274,1,3480.0
cus_154,pay_154,ord_154,14750.0,INR,card,failed,temporary_bank_failure,temporary_bank_failure,customer,payment_authentication,412,4,4,0,1.0,15710.584809542883,144526.72995874812,15,0,0,active,497,10,1,saas,regular,0.8318817183048632,ALTERNATIVE_PAYMENT_METHOD,RETRY,0.8193222195650148,1,14750.0
cus_155,pay_155,ord_155,490.0,INR,upi,failed,insufficient_funds,insufficient_funds,customer,payment_authentication,25,7,6,1,0.8571428571428571,448.409232514909,7479.115705593956,167,2,0,none,957,13,2,education,new,0.6038217187451596,CUSTOMER_NOTIFICATION,REMINDER,0.6188948279107314,1,490.0
cus_156,pay_156,ord_156,12060.0,INR,card,failed,temporary_bank_failure,temporary_bank_failure,customer,payment_authentication,462,12,8,4,0.6666666666666666,14318.38923315108,236670.94140960078,170,0,1,past_due,853,18,3,health,new,0.9365202293041884,ALTERNATIVE_PAYMENT_METHOD,RETRY,0.9153138833354705,1,12060.0
cus_157,pay_157,ord_157,280.0,INR,upi,failed,temporary_bank_failure,temporary_bank_failure,customer,payment_authentication,168,7,5,2,0.7142857142857143,205.45846141017353,2395.9674854655605,122,0,1,active,867,5,3,health,regular,0.8188616137951462,HUMAN_ESCALATION,RETRY,0.7525175889144232,1,280.0
cus_158,pay_158,ord_158,420.0,INR,upi,failed,upi_error,upi_error,customer,payment_authentication,785,5,3,2,0.6,434.15997766789445,4713.762539001401,73,1,0,none,569,6,2,saas,new,0.5796680594500154,RETRY,RETRY,0.7016351123755324,1,420.0
cus_159,pay_159,ord_159,2460.0,INR,netbanking,failed,insufficient_funds,insufficient_funds,customer,payment_authentication,1486,7,7,0,1.0,2253.388558234655,18149.06351275802,10,1,2,past_due,981,15,1,health,new,0.6570273357114629,CUSTOMER_NOTIFICATION,REMINDER,0.6978381240200977,1,2460.0
cus_160,pay_160,ord_160,5000.0,INR,card,failed,upi_error,upi_error,customer,payment_authentication,733,8,4,4,0.5,3779.8887876896547,37744.90731703555,80,2,0,active,727,23,1,retail,new,0.5685388894931205,NO_ACTION,NO_ACTION,0.49095136875079026,0,0.0
cus_161,pay_161,ord_161,1690.0,INR,wallet,failed,upi_error,upi_error,customer,payment_authentication,267,7,6,1,0.8571428571428571,1602.486401022891,16750.3994867466,20,2,0,none,322,15,4,retail,regular,0.5657182010879103,CUSTOMER_NOTIFICATION,REMINDER,0.6211448089926812,1,1690.0
cus_162,pay_162,ord_162,2830.0,INR,card,failed,temporary_bank_failure,temporary_bank_failure,customer,payment_authentication,876,8,6,2,0.75,2675.9432680359037,40520.08565401334,117,0,0,none,597,18,1,health,regular,0.6585367551804857,REMINDER,RETRY,0.7118578593486344,1,2830.0
cus_163,pay_163,ord_163,5460.0,INR,card,failed,card_declined,card_declined,customer,payment_authentication,1105,8,4,4,0.5,6289.8365816536,37757.52639315368,130,1,1,none,387,0,2,retail,new,0.5312250679623299,NO_ACTION,NO_ACTION,0.4296796632057281,0,0.0
cus_164,pay_164,ord_164,6130.0,INR,upi,failed,card_declined,card_declined,customer,payment_authentication,1306,6,4,2,0.6666666666666666,4850.129193061781,47490.91122346909,13,1,0,active,274,2,0,education,regular,0.6262981722713605,RETRY,REMINDER,0.7002932580135013,1,6130.0
cus_165,pay_165,ord_165,970.0,INR,card,failed,card_declined,card_declined,customer,payment_authentication,721,5,4,1,0.8,1162.282210012571,10006.861289055143,45,1,0,active,746,20,2,retail,regular,0.7022502445637386,NO_ACTION,REMINDER,0.6589051647473978,0,0.0
cus_166,pay_166,ord_166,760.0,INR,netbanking,failed,temporary_bank_failure,temporary_bank_failure,customer,payment_authentication,637,9,5,4,0.5555555555555556,553.8452794978792,11833.087369592698,116,0,0,none,409,18,2,health,new,0.8100410703820683,CUSTOMER_NOTIFICATION,RETRY,0.7950597533884572,0,0.0
cus_167,pay_167,ord_167,5190.0,INR,netbanking,failed,temporary_bank_failure,temporary_bank_failure,customer,payment_authentication,782,9,8,1,0.8888888888888888,5238.913090083604,42028.992983793774,44,0,1,active,250,1,2,education,vip,1.0,NO_ACTION,RETRY,0.9116489134877452,1,5190.0
cus_168,pay_168,ord_168,2850.0,INR,card,failed,temporary_bank_failure,temporary_bank_failure,customer,payment_authentication,321,6,6,0,1.0,3104.796516175416,19198.982021650627,153,1,0,none,857,9,1,health,vip,0.7405569968963249,RETRY,RETRY,0.7471670033843255,1,2850.0
cus_169,pay_169,ord_169,3260.0,INR,wallet,failed,card_declined,card_declined,customer,payment_authentication,163,2,2,0,1.0,2310.0552769112714,16065.816757835977,73,0,0,active,337,5,0,retail,new,0.4578871721903215,REMINDER,NO_ACTION,0.5369368475177994,0,0.0
cus_170,pay_170,ord_170,930.0,INR,card,failed,upi_error,upi_error,customer,payment_authentication,1157,8,7,1,0.875,689.574795691673,7128.211424990053,121,1,0,none,741,14,2,retail,new,0.6390456046117281,HUMAN_ESCALATION,RETRY,0.7042651567224714,1,930.0
cus_171,pay_171,ord_171,3420.0,INR,upi,failed,card_declined,card_declined,customer,payment_authentication,207,9,6,3,0.6666666666666666,2955.228568875783,24371.457864368782,134,1,1,active,286,14,6,retail,new,0.6684755919223799,HUMAN_ESCALATION,NO_ACTION,0.5028887897281933,0,0.0
cus_172,pay_172,ord_172,610.0,INR,card,failed,card_declined,card_declined,customer,payment_authentication,1033,8,6,2,0.75,566.6116013773027,10927.763946142377,108,1,0,none,382,0,4,education,regular,0.566843884582024,CUSTOMER_NOTIFICATION,REMINDER,0.6202067089713098,1,610.0
cus_173,pay_173,ord_173,2320.0,INR,wallet,failed,upi_error,upi_error,customer,payment_authentication,867,5,4,1,0.8,2106.34227149248,20853.74642906043,114,0,1,active,407,18,1,health,regular,0.7967377012887193,CUSTOMER_NOTIFICATION,RETRY,0.8566361472689351,1,2320.0
cus_174,pay_174,ord_174,2020.0,INR,card,failed,card_declined,card_declined,customer,payment_authentication,707,3,2,1,0.6666666666666666,2591.2289174350713,10161.723999124104,103,0,2,none,483,4,6,saas,vip,0.6831435448072333,NO_ACTION,REMINDER,0.7293101881096744,1,2020.0
cus_175,pay_175,ord_175,2040.0,INR,card,failed,temporary_bank_failure,temporary_bank_failure,customer,payment_authentication,567,2,2,0,1.0,1632.3381698375306,9034.353160707782,34,0,1,active,771,15,4,retail,regular,0.5486991432240391,NO_ACTION,RETRY,0.5757602543787697,1,2040.0
cus_176,pay_176,ord_176,3950.0,INR,upi,failed,network_timeout,network_timeout,customer,payment_authentication,1475,11,10,1,0.9090909090909091,4876.043163184551,74476.70763606485,52,1,1,active,352,19,4,saas,new,0.6707964422289028,REMINDER,RETRY,0.711607475458271,1,3950.0
cus_177,pay_177,ord_177,650.0,INR,wallet,failed,insufficient_funds,insufficient_funds,customer,payment_authentication,1196,5,4,1,0.8,823.3849078993625,5242.19224634522,161,0,0,active,8,14,0,saas,regular,0.6479853292799296,CUSTOMER_NOTIFICATION,REMINDER,0.5915208178532755,0,0.0
cus_178,pay_178,ord_178,3560.0,INR,netbanking,failed,temporary_bank_failure,temporary_bank_failure,customer,payment_authentication,246,8,5,3,0.625,2867.0647028611456,49837.8500086465,63,2,1,none,154,23,1,education,regular,0.7035987737441969,CUSTOMER_NOTIFICATION,REMINDER,0.6934366291674081,0,0.0
cus_179,pay_179,ord_179,1850.0,INR,upi,failed,expired_card,expired_card,customer,payment_authentication,1457,5,4,1,0.8,2137.032510595333,17994.664154468686,175,2,0,active,26,11,2,health,new,0.7007267533511972,REMINDER,ALTERNATIVE_PAYMENT_METHOD,0.7597482133907414,1,1850.0
cus_180,pay_180,ord_180,820.0,INR,netbanking,failed,upi_error,upi_error,customer,payment_authentication,195,8,3,5,0.375,1065.1091290836962,6887.70797795072,103,2,0,none,912,6,4,health,new,0.3735795756988063,REMINDER,NO_ACTION,0.3013251965803847,0,0.0
cus_181,pay_181,ord_181,480.0,INR,netbanking,failed,insufficient_funds,insufficient_funds,customer,payment_authentication,1218,8,4,4,0.5,407.3817541008918,5403.551103997585,142,1,0,active,3,12,0,education,vip,0.31780304078039856,REMINDER,NO_ACTION,0.28963475140539174,0,0.0
cus_182,pay_182,ord_182,11950.0,INR,upi,failed,expired_card,expired_card,customer,payment_authentication,640,6,3,3,0.5,11969.616832483214,91679.74132488873,41,1,1,past_due,921,17,1,saas,vip,0.5754662566862003,HUMAN_ESCALATION,ALTERNATIVE_PAYMENT_METHOD,0.44277299629475186,1,11950.0
cus_183,pay_183,ord_183,1690.0,INR,card,failed,temporary_bank_failure,temporary_bank_failure,customer,payment_authentication,609,9,6,3,0.6666666666666666,1952.4590840908863,29347.753913151835,34,0,1,active,639,10,6,health,regular,0.7279233781765629,ALTERNATIVE_PAYMENT_METHOD,RETRY,0.6962851474435989,1,1690.0
cus_184,pay_184,ord_184,1270.0,INR,netbanking,failed,temporary_bank_failure,temporary_bank_failure,customer,payment_authentication,756,4,3,1,0.75,1448.899949270507,10800.577816016363,68,0,1,active,9,2,2,education,new,0.6535790629189506,CUSTOMER_NOTIFICATION,RETRY,0.6663923554002429,1,1270.0
cus_185,pay_185,ord_185,580.0,INR,upi,failed,temporary_bank_failure,temporary_bank_failure,customer,payment_authentication,723,7,3,4,0.42857142857142855,695.9414683587767,8137.573538143185,142,1,0,none,366,6,6,retail,new,0.5664927634108627,CUSTOMER_NOTIFICATION,RETRY,0.5868441822232586,1,580.0
cus_186,pay_186,ord_186,5370.0,INR,card,failed,network_timeout,network_timeout,customer,payment_authentication,189,10,7,3,0.7,4881.029071546037,74943.47120955908,123,0,0,active,774,12,1,health,regular,0.9119247167612521,RETRY,RETRY,0.8974095160492044,1,5370.0
cus_187,pay_187,ord_187,4970.0,INR,card,failed,network_timeout,network_timeout,customer,payment_authentication,235,3,3,0,1.0,3838.8079892103274,28784.83041165538,93,0,0,none,471,8,5,saas,new,0.9052845307411124,ALTERNATIVE_PAYMENT_METHOD,RETRY,0.8685841626245723,1,4970.0
cus_188,pay_188,ord_188,4100.0,INR,upi,failed,temporary_bank_failure,temporary_bank_failure,customer,payment_authentication,1103,7,6,1,0.8571428571428571,4533.997407160119,53047.17189380105,32,0,1,none,807,21,2,education,new,0.758404847374556,ALTERNATIVE_PAYMENT_METHOD,RETRY,0.7586100699915193,1,4100.0
cus_189,pay_189,ord_189,1700.0,INR,card,failed,insufficient_funds,insufficient_funds,customer,payment_authentication,1043,5,3,2,0.6,1536.3531923798926,11411.205695861321,5,0,0,none,466,21,1,saas,new,0.48733656303617495,NO_ACTION,NO_ACTION,0.5314098686541209,0,0.0
cus_190,pay_190,ord_190,3830.0,INR,wallet,failed,temporary_bank_failure,temporary_bank_failure,customer,payment_authentication,590,10,8,2,0.8,4165.656510821917,83037.88930598676,23,0,1,active,360,15,4,education,regular,0.7981331558755631,RETRY,RETRY,0.7354678863960038,1,3830.0
cus_191,pay_191,ord_191,790.0,INR,card,failed,temporary_bank_failure,temporary_bank_failure,customer,payment_authentication,671,6,3,3,0.5,777.4006363146058,6592.926530899265,120,0,1,active,203,9,3,health,regular,0.8538993647305454,NO_ACTION,RETRY,0.8105928981921423,0,0.0
cus_192,pay_192,ord_192,2250.0,INR,card,failed,expired_card,expired_card,customer,payment_authentication,575,6,2,4,0.3333333333333333,2194.1197992921957,22020.387849731087,172,0,0,active,664,4,0,education,vip,0.7170690038382679,NO_ACTION,ALTERNATIVE_PAYMENT_METHOD,0.7152046428922373,1,2250.0
cus_193,pay_193,ord_193,1710.0,INR,netbanking,failed,card_declined,card_declined,customer,payment_authentication,1286,3,2,1,0.6666666666666666,2101.4308194141563,12139.844549067713,175,2,0,active,790,18,6,health,new,0.24730365726563946,HUMAN_ESCALATION,NO_ACTION,0.1804616998905104,0,0.0
cus_194,pay_194,ord_194,2360.0,INR,card,failed,card_declined,card_declined,customer,payment_authentication,104,6,5,1,0.8333333333333334,2558.890375536406,27608.445106601186,137,0,1,none,687,22,5,health,vip,0.7038334105774235,NO_ACTION,REMINDER,0.7114698579632219,1,2360.0
cus_195,pay_195,ord_195,290.0,INR,card,failed,insufficient_funds,insufficient_funds,customer,payment_authentication,978,8,7,1,0.875,311.6641004061606,3528.8509226368337,77,0,1,none,186,14,2,health,regular,0.4958541648424519,ALTERNATIVE_PAYMENT_METHOD,NO_ACTION,0.49463790624461,0,0.0
cus_196,pay_196,ord_196,11730.0,INR,upi,failed,expired_card,expired_card,customer,payment_authentication,462,1,1,0,1.0,15043.85477258005,28875.147178122283,129,0,0,past_due,354,0,6,health,regular,0.8043765415411428,REMINDER,ALTERNATIVE_PAYMENT_METHOD,0.7412230131011096,1,11730.0
cus_197,pay_197,ord_197,9120.0,INR,netbanking,failed,temporary_bank_failure,temporary_bank_failure,customer,payment_authentication,256,11,7,4,0.6363636363636364,7860.041174202772,167246.00157077314,11,1,0,none,684,5,0,education,regular,0.8306335814221882,HUMAN_ESCALATION,RETRY,0.750543164731824,1,9120.0
cus_198,pay_198,ord_198,570.0,INR,card,failed,temporary_bank_failure,temporary_bank_failure,customer,payment_authentication,236,4,3,1,0.75,634.4718288638554,3609.315454317148,63,0,2,none,212,13,6,retail,regular,0.622178013316265,RETRY,RETRY,0.5568443547334255,0,0.0
cus_199,pay_199,ord_199,3220.0,INR,card,failed,upi_error,upi_error,customer,payment_authentication,617,7,5,2,0.7142857142857143,2940.871673131546,37857.17705318763,41,2,0,none,739,3,2,education,regular,0.7218810868678271,NO_ACTION,REMINDER,0.7983381723666101,1,3220.0
cus_200,pay_200,ord_200,410.0,INR,netbanking,failed,network_timeout,network_timeout,customer,payment_authentication,218,3,2,1,0.6666666666666666,434.33463741591,2853.557361383298,175,1,0,none,920,13,5,saas,regular,0.6420754121101895,CUSTOMER_NOTIFICATION,RETRY,0.6044898076184215,1,410.0
cus_201,pay_201,ord_201,1970.0,INR,wallet,failed,upi_error,upi_error,customer,payment_authentication,1015,7,6,1,0.8571428571428571,2344.8240908281123,13527.067789293971,100,1,1,active,255,2,6,retail,regular,0.6817598952112444,CUSTOMER_NOTIFICATION,RETRY,0.6774089546863129,1,1970.0
cus_202,pay_202,ord_202,200.0,INR,upi,failed,upi_error,upi_error,customer,payment_authentication,492,15,14,1,0.9333333333333333,250.73422208331974,5140.971944192321,169,0,0,active,367,10,5,retail,regular,0.8571010858042181,CUSTOMER_NOTIFICATION,RETRY,0.8179168878088636,1,200.0
cus_203,pay_203,ord_203,1350.0,INR,card,failed,card_declined,card_declined,customer,payment_authentication,1287,11,9,2,0.8181818181818182,1290.9523360058483,12473.73404745578,142,0,0,active,709,11,0,retail,regular,0.6897360776737551,CUSTOMER_NOTIFICATION,NO_ACTION,0.5073789620640005,0,0.0
cus_204,pay_204,ord_204,1110.0,INR,card,failed,upi_error,upi_error,customer,payment_authentication,219,8,5,3,0.625,1331.172310933565,16525.591743691886,131,0,1,past_due,743,15,2,retail,new,0.7165591223757922,NO_ACTION,RETRY,0.7376097982350639,0,0.0
cus_205,pay_205,ord_205,5750.0,INR,card,failed,insufficient_funds,insufficient_funds,customer,payment_authentication,526,5,4,1,0.8,5180.979207596139,33530.576001022666,33,0,1,none,216,4,0,saas,new,0.3899653486515207,REMINDER,NO_ACTION,0.38776287295475315,0,0.0
cus_206,pay_206,ord_206,9590.0,INR,card,failed,temporary_bank_failure,temporary_bank_failure,customer,payment_authentication,574,5,5,0,1.0,10516.547478586455,77183.42903985346,13,1,0,active,485,14,1,health,regular,0.4518549218047717,ALTERNATIVE_PAYMENT_METHOD,RETRY,0.5081256512733897,0,0.0
cus_207,pay_207,ord_207,9810.0,INR,upi,failed,temporary_bank_failure,temporary_bank_failure,customer,payment_authentication,1004,7,5,2,0.7142857142857143,12032.754974360381,82175.61876550768,39,1,1,active,525,6,4,education,regular,0.6071884695492242,ALTERNATIVE_PAYMENT_METHOD,RETRY,0.6263642111017321,1,9810.0
cus_208,pay_208,ord_208,5760.0,INR,card,failed,temporary_bank_failure,temporary_bank_failure,customer,payment_authentication,444,6,4,2,0.6666666666666666,6400.8188578378795,45097.17039975701,148,1,0,none,833,10,4,retail,vip,0.5832714157611916,REMINDER,RETRY,0.651010757412147,1,5760.0
cus_209,pay_209,ord_209,1960.0,INR,upi,failed,temporary_bank_failure,temporary_bank_failure,customer,payment_authentication,261,4,2,2,0.5,2201.9429392852785,14869.94583528075,166,0,1,none,716,20,1,health,regular,0.3442389800138921,HUMAN_ESCALATION,RETRY,0.45153873314171805,1,1960.0
cus_210,pay_210,ord_210,2670.0,INR,upi,failed,insufficient_funds,insufficient_funds,customer,payment_authentication,609,9,7,2,0.7777777777777778,3210.878003144515,33656.055325757254,125,0,1,active,144,1,0,health,regular,0.39866751253450905,ALTERNATIVE_PAYMENT_METHOD,REMINDER,0.5942324917172631,0,0.0
cus_211,pay_211,ord_211,2650.0,INR,upi,failed,card_declined,card_declined,customer,payment_authentication,1357,10,7,3,0.7,2256.3930493875414,38881.458317418204,158,0,1,none,145,11,2,education,new,0.4967098912741512,NO_ACTION,REMINDER,0.5662448567302684,1,2650.0
cus_212,pay_212,ord_212,560.0,INR,card,failed,network_timeout,network_timeout,customer,payment_authentication,1221,11,7,4,0.6363636363636364,642.9569978063699,13430.747921683342,13,0,0,none,903,22,4,retail,regular,0.6866778706155726,REMINDER,RETRY,0.7493247737100718,1,560.0
cus_213,pay_213,ord_213,5690.0,INR,netbanking,failed,card_declined,card_declined,customer,payment_authentication,863,4,2,2,0.5,6159.916785138004,24412.874093284692,164,1,0,active,677,7,2,retail,regular,0.5468085445071077,HUMAN_ESCALATION,REMINDER,0.5526900910026387,1,5690.0
cus_214,pay_214,ord_214,3600.0,INR,upi,failed,temporary_bank_failure,temporary_bank_failure,customer,payment_authentication,1493,6,4,2,0.6666666666666666,3699.1172303316766,30228.6899243464,19,0,1,none,863,10,6,retail,regular,0.8653316343661648,HUMAN_ESCALATION,RETRY,0.9192575319099207,1,3600.0
cus_215,pay_215,ord_215,3780.0,INR,upi,failed,network_timeout,network_timeout,customer,payment_authentication,1153,8,5,3,0.625,4857.506197127109,47263.054176316116,31,0,1,past_due,133,4,4,retail,vip,0.9371689734666446,ALTERNATIVE_PAYMENT_METHOD,RETRY,0.8339192412041768,1,3780.0
cus_216,pay_216,ord_216,180.0,INR,card,failed,insufficient_funds,insufficient_funds,customer,payment_authentication,1148,5,5,0,1.0,170.5514614122562,1898.443624097852,149,1,2,none,528,3,4,health,regular,0.4077359384392038,CUSTOMER_NOTIFICATION,NO_ACTION,0.38506072065803104,0,0.0
cus_217,pay_217,ord_217,2840.0,INR,card,failed,temporary_bank_failure,temporary_bank_failure,customer,payment_authentication,595,7,5,2,0.7142857142857143,2388.184442097321,24244.7418888427,167,0,0,none,71,10,0,retail,regular,0.9306158448847744,HUMAN_ESCALATION,RETRY,0.8564114625747024,1,2840.0
cus_218,pay_218,ord_218,4940.0,INR,wallet,failed,insufficient_funds,insufficient_funds,customer,payment_authentication,743,6,3,3,0.5,5945.583665175163,41910.995380727865,28,0,2,active,477,13,6,retail,regular,0.8733517822938538,REMINDER,REMINDER,0.7750476495767123,0,0.0
cus_219,pay_219,ord_219,1780.0,INR,card,failed,insufficient_funds,insufficient_funds,customer,payment_authentication,1410,7,6,1,0.8571428571428571,1443.7105312309986,25171.19795084571,61,1,0,none,349,6,4,retail,new,0.5460730748136464,ALTERNATIVE_PAYMENT_METHOD,NO_ACTION,0.40737603306991405,0,0.0
cus_220,pay_220,ord_220,1100.0,INR,card,failed,insufficient_funds,insufficient_funds,customer,payment_authentication,1389,12,9,3,0.75,1261.880542491569,19869.597379075734,148,0,0,none,315,13,6,retail,regular,0.5673084009632325,ALTERNATIVE_PAYMENT_METHOD,NO_ACTION,0.47000794550322983,0,0.0
cus_221,pay_221,ord_221,460.0,INR,upi,failed,network_timeout,network_timeout,customer,payment_authentication,1080,6,4,2,0.6666666666666666,578.188690021499,5837.491146258268,93,0,1,none,218,0,3,health,regular,0.4421678378242351,ALTERNATIVE_PAYMENT_METHOD,RETRY,0.5305485786007595,1,460.0
cus_222,pay_222,ord_222,430.0,INR,upi,failed,network_timeout,network_timeout,customer,payment_authentication,146,6,3,3,0.5,512.9680608536911,2358.79348942171,72,0,1,none,129,12,4,health,regular,0.6606482057569463,ALTERNATIVE_PAYMENT_METHOD,RETRY,0.574726487499197,1,430.0
cus_223,pay_223,ord_223,2110.0,INR,wallet,failed,card_declined,card_declined,customer,payment_authentication,231,5,5,0,1.0,2278.5694141061713,13586.757190539398,82,0,0,none,149,20,3,education,regular,0.7869523077231658,ALTERNATIVE_PAYMENT_METHOD,REMINDER,0.7549169641385854,1,2110.0
cus_224,pay_224,ord_224,1430.0,INR,card,failed,temporary_bank_failure,temporary_bank_failure,customer,payment_authentication,685,6,3,3,0.5,1793.0652988487682,14265.043174973784,52,2,1,none,534,17,6,education,vip,0.878235260530921,NO_ACTION,REMINDER,0.743584689252081,0,0.0
cus_225,pay_225,ord_225,1410.0,INR,wallet,failed,network_timeout,network_timeout,customer,payment_authentication,825,10,8,2,0.8,1400.6167783911485,13316.606832156596,176,1,0,none,258,13,4,retail,new,0.8258465326494052,HUMAN_ESCALATION,RETRY,0.8232674402740338,1,1410.0
cus_226,pay_226,ord_226,8340.0,INR,card,failed,card_declined,card_declined,customer,payment_authentication,935,9,5,4,0.5555555555555556,6216.66792899664,110615.36088688172,94,1,2,none,301,23,2,saas,regular,0.7161712651177166,ALTERNATIVE_PAYMENT_METHOD,REMINDER,0.601719815016039,0,0.0
cus_227,pay_227,ord_227,510.0,INR,upi,failed,temporary_bank_failure,temporary_bank_failure,customer,payment_authentication,408,9,5,4,0.5555555555555556,581.8888243872634,3686.9263872678794,47,1,1,none,762,19,4,retail,regular,0.6137433773866862,NO_ACTION,RETRY,0.6037549894998065,0,0.0
cus_228,pay_228,ord_228,1280.0,INR,upi,failed,card_declined,card_declined,customer,payment_authentication,1170,7,4,3,0.5714285714285714,1446.53652033157,13886.059741847126,161,0,1,past_due,407,1,0,education,regular,0.635894984425837,ALTERNATIVE_PAYMENT_METHOD,REMINDER,0.6219199872153528,0,0.0
cus_229,pay_229,ord_229,9840.0,INR,card,failed,expired_card,expired_card,customer,payment_authentication,1250,9,5,4,0.5555555555555556,11997.18104458772,186606.77339113798,172,0,0,none,860,17,4,saas,new,0.79138411377777,REMINDER,ALTERNATIVE_PAYMENT_METHOD,0.7247815112066008,0,0.0
cus_230,pay_230,ord_230,1320.0,INR,card,failed,insufficient_funds,insufficient_funds,customer,payment_authentication,313,8,3,5,0.375,1245.6306765580816,22961.824838929268,11,0,0,none,628,17,3,saas,regular,0.6756424992684638,CUSTOMER_NOTIFICATION,REMINDER,0.7070999648836815,1,1320.0
cus_231,pay_231,ord_231,1930.0,INR,upi,failed,temporary_bank_failure,temporary_bank_failure,customer,payment_authentication,1174,7,3,4,0.42857142857142855,1518.957649661872,17213.22400276356,172,0,1,active,937,0,2,saas,new,0.7561841639549154,REMINDER,RETRY,0.700917572302943,0,0.0
cus_232,pay_232,ord_232,1520.0,INR,wallet,failed,expired_card,expired_card,customer,payment_authentication,227,8,6,2,0.75,1157.6352709930693,9637.467983023967,174,1,0,active,701,9,5,saas,regular,0.3981615233023401,RETRY,ALTERNATIVE_PAYMENT_METHOD,0.550013373335708,0,0.0
cus_233,pay_233,ord_233,3660.0,INR,upi,failed,temporary_bank_failure,temporary_bank_failure,customer,payment_authentication,742,7,5,2,0.7142857142857143,3320.48865319393,55216.03189303847,165,1,0,active,951,15,5,retail,regular,0.7407120759554497,CUSTOMER_NOTIFICATION,RETRY,0.6923569296485976,0,0.0
cus_234,pay_234,ord_234,230.0,INR,wallet,failed,temporary_bank_failure,temporary_bank_failure,customer,payment_authentication,1316,4,4,0,1.0,270.4290790565898,1652.9489127131756,25,0,1,active,727,15,0,education,new,0.6827150054275557,REMINDER,RETRY,0.8098955155883696,1,230.0
cus_235,pay_235,ord_235,1480.0,INR,netbanking,failed,temporary_bank_failure,temporary_bank_failure,customer,payment_authentication,453,4,4,0,1.0,1498.975675034375,10765.580823292665,64,0,1,none,628,3,4,retail,regular,0.8695727630429086,NO_ACTION,RETRY,0.814139345011504,0,0.0
cus_236,pay_236,ord_236,1910.0,INR,upi,failed,upi_error,upi_error,customer,payment_authentication,1027,5,3,2,0.6,1532.3191574479217,20164.88364990598,156,0,0,past_due,376,5,0,saas,regular,0.2808887924557869,ALTERNATIVE_PAYMENT_METHOD,RETRY,0.5929563081897368,1,1910.0
cus_237,pay_237,ord_237,670.0,INR,netbanking,failed,insufficient_funds,insufficient_funds,customer,payment_authentication,1279,6,6,0,1.0,566.2111838732865,5681.2661892819015,67,1,1,none,693,1,3,saas,regular,0.527325835120774,RETRY,REMINDER,0.7087880644336388,1,670.0
cus_238,pay_238,ord_238,2550.0,INR,card,failed,insufficient_funds,insufficient_funds,customer,payment_authentication,736,7,3,4,0.42857142857142855,2318.0686653957364,25421.499803157712,78,0,2,past_due,406,12,6,education,vip,0.7554668898493266,CUSTOMER_NOTIFICATION,REMINDER,0.7501803580848305,1,2550.0
cus_239,pay_239,ord_239,3970.0,INR,card,failed,insufficient_funds,insufficient_funds,customer,payment_authentication,1275,6,5,1,0.8333333333333334,3923.0423043493192,50214.669658129926,36,0,0,active,305,0,3,retail,new,0.7042741756496081,ALTERNATIVE_PAYMENT_METHOD,REMINDER,0.6972331708177651,0,0.0
cus_240,pay_240,ord_240,2840.0,INR,netbanking,failed,network_timeout,network_timeout,customer,payment_authentication,957,11,10,1,0.9090909090909091,3418.4126749061734,45633.13293622521,75,1,0,active,28,15,0,saas,regular,0.7998025324287107,REMINDER,RETRY,0.8250706872695791,0,0.0
cus_241,pay_241,ord_241,10710.0,INR,netbanking,failed,expired_card,expired_card,customer,payment_authentication,758,11,9,2,0.8181818181818182,13873.717728197025,212899.89701810383,85,1,0,active,895,20,1,retail,regular,0.846607794066053,RETRY,ALTERNATIVE_PAYMENT_METHOD,0.7743664871999434,1,10710.0
cus_242,pay_242,ord_242,1170.0,INR,card,failed,upi_error,upi_error,customer,payment_authentication,178,4,4,0,1.0,1239.6789514745424,10977.790194484598,73,0,0,none,297,18,0,retail,new,0.9187124165075848,REMINDER,RETRY,0.8254601302633398,1,1170.0
cus_243,pay_243,ord_243,2980.0,INR,upi,failed,insufficient_funds,insufficient_funds,customer,payment_authentication,1076,5,5,0,1.0,2781.858303395973,21664.650674978097,44,0,1,active,348,13,5,retail,regular,1.0,CUSTOMER_NOTIFICATION,REMINDER,0.7474355531445437,1,2980.0
cus_244,pay_244,ord_244,2910.0,INR,upi,failed,temporary_bank_failure,temporary_bank_failure,customer,payment_authentication,466,5,3,2,0.6,2357.1798182156417,32398.993036168056,15,1,0,active,790,16,6,saas,regular,0.6660101517959668,ALTERNATIVE_PAYMENT_METHOD,RETRY,0.6616139037001035,1,2910.0
cus_245,pay_245,ord_245,1430.0,INR,netbanking,failed,expired_card,expired_card,customer,payment_authentication,428,10,8,2,0.8,1439.4584437117599,17705.978111444252,112,0,1,active,734,18,1,retail,vip,0.6705452131015122,REMINDER,ALTERNATIVE_PAYMENT_METHOD,0.5670965456832973,0,0.0
cus_246,pay_246,ord_246,5620.0,INR,upi,failed,insufficient_funds,insufficient_funds,customer,payment_authentication,1379,6,3,3,0.5,6001.443934167905,75078.42650847665,11,0,1,none,669,18,1,saas,regular,0.6003892866560876,CUSTOMER_NOTIFICATION,REMINDER,0.6832500206888062,1,5620.0
cus_247,pay_247,ord_247,2410.0,INR,upi,failed,network_timeout,network_timeout,customer,payment_authentication,523,9,7,2,0.7777777777777778,2159.756457443122,26437.248933658506,156,0,0,past_due,784,15,4,education,regular,0.8029645863266691,ALTERNATIVE_PAYMENT_METHOD,RETRY,0.8576550056633447,1,2410.0
cus_248,pay_248,ord_248,540.0,INR,card,failed,network_timeout,network_timeout,customer,payment_authentication,540,4,2,2,0.5,482.95118879151164,2712.1299679905846,13,1,0,active,974,23,5,retail,regular,0.621769338369175,ALTERNATIVE_PAYMENT_METHOD,RETRY,0.7038588851336013,1,540.0
cus_249,pay_249,ord_249,3830.0,INR,upi,failed,expired_card,expired_card,customer,payment_authentication,1416,18,12,6,0.6666666666666666,4584.895124292663,119129.42645527115,170,1,0,active,977,3,6,education,new,0.5731145127449064,REMINDER,ALTERNATIVE_PAYMENT_METHOD,0.5841259373852761,1,3830.0
cus_250,pay_250,ord_250,1100.0,INR,upi,failed,upi_error,upi_error,customer,payment_authentication,434,5,5,0,1.0,1205.5763404967986,12530.74750165431,99,0,0,active,472,11,6,health,new,0.7310080236133791,ALTERNATIVE_PAYMENT_METHOD,RETRY,0.7086853165349968,1,1100.0
cus_251,pay_251,ord_251,1310.0,INR,netbanking,failed,expired_card,expired_card,customer,payment_authentication,1104,8,8,0,1.0,1270.9098008590408,20026.40196943436,78,1,0,none,32,14,3,retail,regular,0.8811808432491507,ALTERNATIVE_PAYMENT_METHOD,ALTERNATIVE_PAYMENT_METHOD,0.7769916987560737,1,1310.0
cus_252,pay_252,ord_252,1410.0,INR,upi,failed,insufficient_funds,insufficient_funds,customer,payment_authentication,780,6,3,3,0.5,1458.8275457939721,16405.503892492587,152,1,0,active,122,20,4,health,regular,0.35905183632987864,RETRY,NO_ACTION,0.32448678920967755,0,0.0
cus_253,pay_253,ord_253,3770.0,INR,card,failed,expired_card,expired_card,customer,payment_authentication,109,8,5,3,0.625,3780.7442690543216,66670.17686173394,77,0,0,active,251,2,0,health,regular,0.6605148909734119,HUMAN_ESCALATION,ALTERNATIVE_PAYMENT_METHOD,0.5268404618872149,0,0.0
cus_254,pay_254,ord_254,5320.0,INR,card,failed,temporary_bank_failure,temporary_bank_failure,customer,payment_authentication,872,9,8,1,0.8888888888888888,4280.605082416392,75792.76111587076,24,0,1,active,537,7,0,retail,new,0.9482148784302019,ALTERNATIVE_PAYMENT_METHOD,RETRY,0.8128994946541993,1,5320.0
cus_255,pay_255,ord_255,1540.0,INR,upi,failed,network_timeout,network_timeout,customer,payment_authentication,687,2,1,1,0.5,1882.192431511884,8565.041170274577,92,2,0,none,471,1,6,education,regular,0.25062521848875047,RETRY,NO_ACTION,0.24659149730100233,0,0.0
cus_256,pay_256,ord_256,1460.0,INR,netbanking,failed,temporary_bank_failure,temporary_bank_failure,customer,payment_authentication,1088,7,6,1,0.8571428571428571,1101.715789295608,8739.243954741105,87,1,0,active,610,7,1,retail,regular,0.686769918825007,REMINDER,RETRY,0.6971935020297617,1,1460.0
cus_257,pay_257,ord_257,230.0,INR,card,failed,insufficient_funds,insufficient_funds,customer,payment_authentication,594,13,12,1,0.9230769230769231,190.39761781079423,2807.20805305545,164,1,0,none,797,8,3,education,vip,0.4718161358694955,CUSTOMER_NOTIFICATION,REMINDER,0.6242971535912396,0,0.0
cus_258,pay_258,ord_258,890.0,INR,card,failed,expired_card,expired_card,customer,payment_authentication,361,8,7,1,0.875,922.9577374507395,8434.042962125593,93,2,0,none,716,7,1,saas,regular,0.3219948607426072,CUSTOMER_NOTIFICATION,ALTERNATIVE_PAYMENT_METHOD,0.3762765965384068,0,0.0
cus_259,pay_259,ord_259,700.0,INR,upi,failed,temporary_bank_failure,temporary_bank_failure,customer,payment_authentication,347,8,5,3,0.625,683.6762149026438,12158.763225940973,14,2,1,past_due,725,2,1,retail,regular,0.6751451320664424,REMINDER,REMINDER,0.7560609709645396,1,700.0
cus_260,pay_260,ord_260,2470.0,INR,card,failed,temporary_bank_failure,temporary_bank_failure,customer,payment_authentication,792,7,5,2,0.7142857142857143,2611.307693540814,18890.727237024712,60,1,0,active,848,14,5,retail,regular,0.7714714935213545,CUSTOMER_NOTIFICATION,RETRY,0.8480265934515724,1,2470.0
cus_261,pay_261,ord_261,1620.0,INR,netbanking,failed,card_declined,card_declined,customer,payment_authentication,1492,6,4,2,0.6666666666666666,2027.9467579226202,13585.406324350648,55,2,1,none,75,16,3,health,vip,0.4876958180587606,HUMAN_ESCALATION,NO_ACTION,0.5300740506796665,0,0.0
cus_262,pay_262,ord_262,730.0,INR,card,failed,temporary_bank_failure,temporary_bank_failure,customer,payment_authentication,676,4,4,0,1.0,636.2670291571659,2723.5821141220486,40,0,0,none,390,4,0,health,regular,0.597227455917813,CUSTOMER_NOTIFICATION,RETRY,0.5446116847138949,1,730.0
cus_263,pay_263,ord_263,2110.0,INR,card,failed,expired_card,expired_card,customer,payment_authentication,204,8,7,1,0.875,1667.8033727935413,15223.244335969746,35,0,0,active,857,14,2,education,new,0.8673459140105657,RETRY,ALTERNATIVE_PAYMENT_METHOD,0.838346044206,0,0.0
cus_264,pay_264,ord_264,1690.0,INR,wallet,failed,insufficient_funds,insufficient_funds,customer,payment_authentication,1233,8,7,1,0.875,1305.9860262881768,22167.702971175753,14,2,1,active,125,8,3,education,regular,0.5450543987667227,HUMAN_ESCALATION,NO_ACTION,0.4462167959298083,0,0.0
cus_265,pay_265,ord_265,140.0,INR,card,failed,temporary_bank_failure,temporary_bank_failure,customer,payment_authentication,472,10,7,3,0.7,102.96111381930555,1273.6711854320772,139,1,0,none,412,16,2,education,new,0.8660885916681443,HUMAN_ESCALATION,RETRY,0.8276151212648412,1,140.0
cus_266,pay_266,ord_266,5470.0,INR,card,failed,temporary_bank_failure,temporary_bank_failure,customer,payment_authentication,637,11,6,5,0.5454545454545454,6424.256349452445,122678.83444241645,71,0,0,past_due,785,11,5,saas,regular,0.6704826924333597,REMINDER,RETRY,0.7296250826802203,1,5470.0
cus_267,pay_267,ord_267,4970.0,INR,card,failed,network_timeout,network_timeout,customer,payment_authentication,1273,7,4,3,0.5714285714285714,4843.174913167525,73617.26524927061,68,1,1,past_due,855,21,3,education,vip,0.7704653509067565,HUMAN_ESCALATION,RETRY,0.6947655675990105,1,4970.0
cus_268,pay_268,ord_268,1430.0,INR,card,failed,upi_error,upi_error,customer,payment_authentication,167,6,5,1,0.8333333333333334,1220.477449123263,15103.880090338505,78,0,1,none,822,17,4,retail,new,0.6817550261168887,ALTERNATIVE_PAYMENT_METHOD,RETRY,0.8188372399343942,1,1430.0
cus_269,pay_269,ord_269,2570.0,INR,card,failed,temporary_bank_failure,temporary_bank_failure,customer,payment_authentication,199,9,8,1,0.8888888888888888,2838.419561503646,31229.950008287844,173,0,0,none,883,8,5,health,new,0.83895629482542,RETRY,RETRY,0.7412404945451259,1,2570.0
cus_270,pay_270,ord_270,1310.0,INR,card,failed,upi_error,upi_error,customer,payment_authentication,303,10,8,2,0.8,1528.0063742567063,26718.567224438004,126,0,1,active,57,11,6,education,regular,0.532797401590656,NO_ACTION,RETRY,0.6093726727077712,0,0.0
cus_271,pay_271,ord_271,360.0,INR,card,failed,card_declined,card_declined,customer,payment_authentication,564,8,4,4,0.5,454.4197647031964,4322.686684011274,176,1,0,none,917,13,1,health,regular,0.0,NO_ACTION,NO_ACTION,0.11634540907442784,0,0.0
cus_272,pay_272,ord_272,15740.0,INR,card,failed,card_declined,card_declined,customer,payment_authentication,1286,7,5,2,0.7142857142857143,14790.287477903481,119346.85495666166,107,0,1,active,491,2,4,saas,regular,0.9945366737175435,HUMAN_ESCALATION,REMINDER,0.9400840661659113,1,15740.0
cus_273,pay_273,ord_273,3830.0,INR,upi,failed,card_declined,card_declined,customer,payment_authentication,951,8,5,3,0.625,4265.288079480404,39618.31111680843,158,0,0,none,785,8,4,health,regular,0.3279523943630218,RETRY,NO_ACTION,0.35885479717603497,0,0.0
cus_274,pay_274,ord_274,4630.0,INR,upi,failed,card_declined,card_declined,customer,payment_authentication,1163,5,4,1,0.8,3992.806764910366,32560.554997611864,166,0,0,none,269,6,4,education,regular,0.5324936782493128,NO_ACTION,NO_ACTION,0.41502303772821914,0,0.0
cus_275,pay_275,ord_275,1360.0,INR,card,failed,network_timeout,network_timeout,customer,payment_authentication,506,9,6,3,0.6666666666666666,1658.2322456561765,19771.0236853059,91,0,0,active,753,3,5,saas,regular,0.9307731875844968,RETRY,RETRY,0.834496586685916,1,1360.0
cus_276,pay_276,ord_276,5570.0,INR,card,failed,expired_card,expired_card,customer,payment_authentication,619,9,6,3,0.6666666666666666,6935.857012751242,68041.35271568352,88,1,1,active,138,5,0,education,regular,0.23691805419803336,ALTERNATIVE_PAYMENT_METHOD,ALTERNATIVE_PAYMENT_METHOD,0.3355374502733146,0,0.0
cus_277,pay_277,ord_277,460.0,INR,upi,failed,expired_card,expired_card,customer,payment_authentication,613,9,6,3,0.6666666666666666,495.9491090669099,8113.311581224313,167,1,0,past_due,510,20,6,education,regular,0.3894332131519107,REMINDER,ALTERNATIVE_PAYMENT_METHOD,0.23712866972577726,0,0.0
cus_278,pay_278,ord_278,1410.0,INR,netbanking,failed,insufficient_funds,insufficient_funds,customer,payment_authentication,171,9,7,2,0.7777777777777778,1544.4711399350674,21353.949102127717,129,0,1,active,36,19,5,saas,regular,0.0355804511185909,CUSTOMER_NOTIFICATION,NO_ACTION,0.2240164884517507,0,0.0
cus_279,pay_279,ord_279,3790.0,INR,netbanking,failed,temporary_bank_failure,temporary_bank_failure,customer,payment_authentication,825,3,3,0,1.0,4152.967047753513,15580.868695794212,67,1,1,active,556,13,2,education,regular,0.8604168587137101,REMINDER,RETRY,0.8139300406766282,1,3790.0
cus_280,pay_280,ord_280,970.0,INR,card,failed,card_declined,card_declined,customer,payment_authentication,499,7,5,2,0.7142857142857143,1023.2896920008651,9488.192121098056,57,0,0,none,991,14,2,health,regular,0.5677566616530118,ALTERNATIVE_PAYMENT_METHOD,NO_ACTION,0.42529728931493366,0,0.0
cus_281,pay_281,ord_281,4490.0,INR,card,failed,temporary_bank_failure,temporary_bank_failure,customer,payment_authentication,1429,10,4,6,0.4,4325.081180548827,81010.5199569507,70,0,1,none,516,14,1,retail,new,0.7177098885592481,NO_ACTION,RETRY,0.819273820505382,1,4490.0
cus_282,pay_282,ord_282,2450.0,INR,card,failed,insufficient_funds,insufficient_funds,customer,payment_authentication,1037,7,6,1,0.8571428571428571,2803.2750096068257,19892.4344144346,46,2,1,active,40,16,4,retail,new,0.6721585672517324,CUSTOMER_NOTIFICATION,NO_ACTION,0.4609622525160225,0,0.0
cus_283,pay_283,ord_283,2230.0,INR,card,failed,temporary_bank_failure,temporary_bank_failure,customer,payment_authentication,1306,8,5,3,0.625,2867.721154885576,16439.818516227668,85,1,1,past_due,515,6,6,retail,regular,0.703540560223179,ALTERNATIVE_PAYMENT_METHOD,RETRY,0.6873294762034965,1,2230.0
cus_284,pay_284,ord_284,880.0,INR,upi,failed,temporary_bank_failure,temporary_bank_failure,customer,payment_authentication,293,7,3,4,0.42857142857142855,1009.7847314787273,11436.40109383507,121,2,0,active,202,13,2,education,regular,0.4535302484230131,REMINDER,NO_ACTION,0.4162571705250928,0,0.0
cus_285,pay_285,ord_285,2710.0,INR,upi,failed,card_declined,card_declined,customer,payment_authentication,168,4,3,1,0.75,2400.3556800988204,16648.27376953047,125,0,1,none,210,19,6,health,new,0.707083933918348,RETRY,REMINDER,0.5896336220662968,0,0.0
cus_286,pay_286,ord_286,12490.0,INR,card,failed,card_declined,card_declined,customer,payment_authentication,655,6,4,2,0.6666666666666666,12493.269591558832,75326.38938098478,7,1,2,active,581,0,5,health,regular,0.46216535137275133,NO_ACTION,NO_ACTION,0.42035346198741375,0,0.0
cus_287,pay_287,ord_287,2150.0,INR,card,failed,insufficient_funds,insufficient_funds,customer,payment_authentication,854,7,6,1,0.8571428571428571,2275.209941656254,22760.93661020092,11,1,0,active,327,12,5,retail,regular,0.3216194547357334,CUSTOMER_NOTIFICATION,NO_ACTION,0.45410747861707695,0,0.0
cus_288,pay_288,ord_288,3150.0,INR,upi,failed,temporary_bank_failure,temporary_bank_failure,customer,payment_authentication,840,6,4,2,0.6666666666666666,2360.3828734346284,31496.397907146104,113,1,1,active,383,2,0,retail,new,0.22690821343282536,NO_ACTION,RETRY,0.5485606161165951,0,0.0
cus_289,pay_289,ord_289,3650.0,INR,card,failed,insufficient_funds,insufficient_funds,customer,payment_authentication,980,8,4,4,0.5,3632.462137499045,24094.9672855737,96,1,0,active,177,1,2,education,regular,0.5911285238062033,HUMAN_ESCALATION,REMINDER,0.6887255635546756,1,3650.0
cus_290,pay_290,ord_290,580.0,INR,netbanking,failed,insufficient_funds,insufficient_funds,customer,payment_authentication,1248,5,1,4,0.2,441.65506380409954,6015.027411833361,10,2,1,none,635,14,3,education,regular,0.08681191493476086,RETRY,NO_ACTION,0.17554435072350585,0,0.0
cus_291,pay_291,ord_291,1580.0,INR,card,failed,network_timeout,network_timeout,customer,payment_authentication,489,7,6,1,0.8571428571428571,1589.9688349520043,16924.509149967023,173,1,1,none,717,7,6,retail,vip,0.30962212546098805,NO_ACTION,RETRY,0.4044620864760496,1,1580.0
cus_292,pay_292,ord_292,1540.0,INR,wallet,failed,card_declined,card_declined,customer,payment_authentication,438,4,2,2,0.5,1158.3719560210068,5645.74981702275,176,0,2,past_due,893,12,5,education,regular,0.4764373389544005,HUMAN_ESCALATION,NO_ACTION,0.5396938652125576,0,0.0
cus_293,pay_293,ord_293,220.0,INR,card,failed,expired_card,expired_card,customer,payment_authentication,397,8,6,2,0.75,201.70051883225648,3604.2378221831486,12,1,1,none,420,10,4,education,regular,0.059899060647479796,CUSTOMER_NOTIFICATION,ALTERNATIVE_PAYMENT_METHOD,0.34466457636714365,0,0.0
cus_294,pay_294,ord_294,3980.0,INR,netbanking,failed,expired_card,expired_card,customer,payment_authentication,545,8,5,3,0.625,5065.310471608507,52327.06500840935,1,0,0,none,24,13,5,saas,regular,0.5089906101021849,CUSTOMER_NOTIFICATION,ALTERNATIVE_PAYMENT_METHOD,0.6281637960733986,1,3980.0
cus_295,pay_295,ord_295,710.0,INR,wallet,failed,upi_error,upi_error,customer,payment_authentication,897,6,5,1,0.8333333333333334,500.17945984786155,9702.57391702927,15,1,1,active,243,8,1,health,vip,0.74062962236408,RETRY,RETRY,0.6859991965165115,1,710.0
cus_296,pay_296,ord_296,3570.0,INR,wallet,failed,network_timeout,network_timeout,customer,payment_authentication,1204,9,7,2,0.7777777777777778,3086.486702997153,38041.338523359744,117,0,1,active,985,12,1,retail,new,1.0,CUSTOMER_NOTIFICATION,RETRY,0.9237844131514243,1,3570.0
cus_297,pay_297,ord_297,850.0,INR,netbanking,failed,expired_card,expired_card,customer,payment_authentication,623,9,6,3,0.6666666666666666,784.5862698961777,10509.332109141696,169,0,1,none,799,2,5,health,new,0.4497198694896065,RETRY,ALTERNATIVE_PAYMENT_METHOD,0.5225875009525295,0,0.0
cus_298,pay_298,ord_298,13930.0,INR,netbanking,failed,expired_card,expired_card,customer,payment_authentication,627,7,5,2,0.7142857142857143,14682.41298882818,174049.13521198544,72,0,0,none,533,5,5,retail,new,0.8762194486579694,HUMAN_ESCALATION,ALTERNATIVE_PAYMENT_METHOD,0.8071486815438245,1,13930.0
cus_299,pay_299,ord_299,1370.0,INR,upi,failed,temporary_bank_failure,temporary_bank_failure,customer,payment_authentication,1357,12,6,6,0.5,1752.5938038280578,33628.414393534134,149,2,0,none,895,7,3,education,vip,0.41143085691483094,NO_ACTION,REMINDER,0.6703716585101761,1,1370.0
cus_300,pay_300,ord_300,12350.0,INR,netbanking,failed,upi_error,upi_error,customer,payment_authentication,515,10,8,2,0.8,13385.54084954611,234818.8096031425,37,0,1,none,252,12,2,health,regular,0.7571038839334038,ALTERNATIVE_PAYMENT_METHOD,RETRY,0.7300920559547602,1,12350.0
cus_301,pay_301,ord_301,1520.0,INR,card,failed,insufficient_funds,insufficient_funds,customer,payment_authentication,246,4,2,2,0.5,1879.1281599755027,11673.02976731221,0,1,0,active,4,0,0,saas,new,0.5708990762771812,HUMAN_ESCALATION,NO_ACTION,0.4524294758339062,0,0.0
cus_302,pay_302,ord_302,1710.0,INR,upi,failed,insufficient_funds,insufficient_funds,customer,payment_authentication,517,8,6,2,0.75,1363.829371422388,26688.916119016092,86,1,1,active,655,21,0,saas,regular,0.47953907815244073,CUSTOMER_NOTIFICATION,NO_ACTION,0.42797288584993814,0,0.0
cus_303,pay_303,ord_303,8660.0,INR,upi,failed,upi_error,upi_error,customer,payment_authentication,62,5,5,0,1.0,7561.557844712618,42778.397501612795,81,2,1,past_due,878,5,5,saas,regular,0.5606611627554512,RETRY,REMINDER,0.5633127253813414,1,8660.0
cus_304,pay_304,ord_304,720.0,INR,netbanking,failed,card_declined,card_declined,customer,payment_authentication,549,6,5,1,0.8333333333333334,887.209994636488,8272.82237420615,179,0,0,active,132,20,4,health,new,0.1871717350571644,ALTERNATIVE_PAYMENT_METHOD,NO_ACTION,0.4422113173556359,0,0.0
cus_305,pay_305,ord_305,1900.0,INR,upi,failed,temporary_bank_failure,temporary_bank_failure,customer,payment_authentication,1349,12,8,4,0.6666666666666666,1335.902104205066,35869.74912354364,55,0,0,past_due,26,15,5,saas,regular,1.0,HUMAN_ESCALATION,RETRY,0.8679763364861177,1,1900.0
cus_306,pay_306,ord_306,3100.0,INR,card,failed,temporary_bank_failure,temporary_bank_failure,customer,payment_authentication,1215,7,4,3,0.5714285714285714,3014.026614904926,26201.90439421095,77,0,1,active,738,7,0,education,new,1.0,NO_ACTION,RETRY,0.9463282288807303,1,3100.0
cus_307,pay_307,ord_307,2710.0,INR,upi,failed,temporary_bank_failure,temporary_bank_failure,customer,payment_authentication,1344,6,6,0,1.0,2633.3943571357595,19161.86105412381,30,0,0,active,709,12,5,retail,regular,0.8416661501973395,RETRY,RETRY,0.7715761856530207,1,2710.0
cus_308,pay_308,ord_308,1890.0,INR,card,failed,card_declined,card_declined,customer,payment_authentication,450,9,7,2,0.7777777777777778,2396.0529707533174,20312.794924167894,72,0,1,none,40,6,3,saas,regular,0.8140144823562516,CUSTOMER_NOTIFICATION,REMINDER,0.6808267584900498,0,0.0
cus_309,pay_309,ord_309,1650.0,INR,card,failed,temporary_bank_failure,temporary_bank_failure,customer,payment_authentication,625,8,6,2,0.75,1599.7278122519742,12767.05818200537,9,1,0,active,876,9,1,saas,regular,0.746471747777837,ALTERNATIVE_PAYMENT_METHOD,RETRY,0.7462643592657955,1,1650.0
cus_310,pay_310,ord_310,4220.0,INR,upi,failed,upi_error,upi_error,customer,payment_authentication,1272,5,3,2,0.6,5248.829124864568,26718.458229864096,61,0,0,past_due,978,19,6,health,new,0.7774310560984434,REMINDER,RETRY,0.7012977572198056,0,0.0
cus_311,pay_311,ord_311,2160.0,INR,upi,failed,upi_error,upi_error,customer,payment_authentication,1131,11,7,4,0.6363636363636364,2270.576097281408,20544.938671437932,44,1,0,none,235,23,2,retail,regular,0.9297312428385939,RETRY,RETRY,0.845810497139276,1,2160.0
cus_312,pay_312,ord_312,4750.0,INR,card,failed,expired_card,expired_card,customer,payment_authentication,278,6,3,3,0.5,4179.92362301628,52354.13997297538,68,0,0,none,844,11,2,education,regular,0.8510582074202879,ALTERNATIVE_PAYMENT_METHOD,ALTERNATIVE_PAYMENT_METHOD,0.857400572740844,1,4750.0
cus_313,pay_313,ord_313,2680.0,INR,card,failed,card_declined,card_declined,customer,payment_authentication,1268,7,6,1,0.8571428571428571,2114.411987276106,29286.686751514077,117,2,1,active,943,1,5,retail,regular,0.31171729654138236,NO_ACTION,NO_ACTION,0.39439725905358675,0,0.0
cus_314,pay_314,ord_314,3460.0,INR,card,failed,insufficient_funds,insufficient_funds,customer,payment_authentication,155,6,6,0,1.0,3439.6576334191204,20974.164232303316,141,1,1,active,447,10,3,education,regular,0.9282163432389883,NO_ACTION,REMINDER,0.8407115422589738,1,3460.0
cus_315,pay_315,ord_315,5620.0,INR,card,failed,temporary_bank_failure,temporary_bank_failure,customer,payment_authentication,383,2,2,0,1.0,3993.4929111257115,27083.12905089068,54,0,0,none,720,15,5,saas,regular,0.997092560267815,ALTERNATIVE_PAYMENT_METHOD,RETRY,0.809222730498332,1,5620.0
cus_316,pay_316,ord_316,1330.0,INR,card,failed,network_timeout,network_timeout,customer,payment_authentication,799,12,6,6,0.5,1198.4971168962168,16104.168135414298,157,0,0,active,474,12,4,health,regular,0.7060539302794788,NO_ACTION,RETRY,0.581859871804904,1,1330.0
cus_317,pay_317,ord_317,5470.0,INR,upi,failed,temporary_bank_failure,temporary_bank_failure,customer,payment_authentication,982,8,6,2,0.75,5545.706399171466,66133.19211279754,55,0,1,none,983,14,6,health,new,0.8504092347253924,RETRY,RETRY,0.8163236016863354,1,5470.0
cus_318,pay_318,ord_318,1550.0,INR,card,failed,temporary_bank_failure,temporary_bank_failure,customer,payment_authentication,1197,11,9,2,0.8181818181818182,1604.2079263587823,35268.15899382708,14,0,0,none,91,3,1,education,regular,0.9209713416950119,HUMAN_ESCALATION,RETRY,0.8945895290029161,1,1550.0
cus_319,pay_319,ord_319,450.0,INR,wallet,failed,insufficient_funds,insufficient_funds,customer,payment_authentication,1105,6,3,3,0.5,434.8618828342727,5320.963683275739,47,0,0,past_due,199,12,3,health,new,0.5106813332764287,HUMAN_ESCALATION,NO_ACTION,0.4785513701013543,0,0.0
cus_320,pay_320,ord_320,1300.0,INR,wallet,failed,temporary_bank_failure,temporary_bank_failure,customer,payment_authentication,427,7,5,2,0.7142857142857143,1661.8964764426476,15177.552217849876,43,1,1,none,235,9,1,health,regular,0.5626798335136473,ALTERNATIVE_PAYMENT_METHOD,RETRY,0.7911790170851923,1,1300.0
cus_321,pay_321,ord_321,880.0,INR,upi,failed,insufficient_funds,insufficient_funds,customer,payment_authentication,536,9,7,2,0.7777777777777778,694.271709577714,12851.476377737394,17,1,0,past_due,128,6,2,retail,new,0.5557272272821642,ALTERNATIVE_PAYMENT_METHOD,REMINDER,0.5663688837464268,1,880.0
cus_322,pay_322,ord_322,2630.0,INR,card,failed,card_declined,card_declined,customer,payment_authentication,1083,7,7,0,1.0,3415.0442045949508,16483.79412369709,118,1,1,active,71,23,6,health,new,0.7764941123125794,REMINDER,REMINDER,0.7980865895860408,1,2630.0
cus_323,pay_323,ord_323,1360.0,INR,upi,failed,network_timeout,network_timeout,customer,payment_authentication,1419,4,2,2,0.5,1516.1663718387742,8534.771896425635,106,0,0,none,661,12,2,retail,regular,0.6479364879070693,CUSTOMER_NOTIFICATION,RETRY,0.7686694199330257,1,1360.0
cus_324,pay_324,ord_324,2050.0,INR,netbanking,failed,card_declined,card_declined,customer,payment_authentication,1301,9,6,3,0.6666666666666666,2449.7414516526974,22534.79494363255,54,1,0,none,595,8,4,health,vip,0.8449325362465026,HUMAN_ESCALATION,REMINDER,0.739502472618104,1,2050.0
cus_325,pay_325,ord_325,4990.0,INR,upi,failed,network_timeout,network_timeout,customer,payment_authentication,1450,7,6,1,0.8571428571428571,5392.170272196511,52575.69650305663,131,1,0,active,514,11,2,saas,regular,0.70186627530852,NO_ACTION,RETRY,0.6736799418205647,0,0.0
cus_326,pay_326,ord_326,7990.0,INR,netbanking,failed,insufficient_funds,insufficient_funds,customer,payment_authentication,1013,6,5,1,0.8333333333333334,6623.385691875494,108328.09952955876,39,1,0,active,743,15,0,retail,regular,0.34720953396953275,ALTERNATIVE_PAYMENT_METHOD,REMINDER,0.6089110613789541,0,0.0
cus_327,pay_327,ord_327,2420.0,INR,upi,failed,network_timeout,network_timeout,customer,payment_authentication,730,5,4,1,0.8,2783.9471898239276,25010.291920002433,176,1,0,none,814,3,4,saas,regular,0.7672312492045893,REMINDER,RETRY,0.7437461305967453,1,2420.0
cus_328,pay_328,ord_328,5350.0,INR,upi,failed,expired_card,expired_card,customer,payment_authentication,1150,8,5,3,0.625,6467.68998200602,71886.4940452023,62,1,2,active,269,23,1,health,regular,0.5372668303632305,HUMAN_ESCALATION,ALTERNATIVE_PAYMENT_METHOD,0.4096240701839863,1,5350.0
cus_329,pay_329,ord_329,1510.0,INR,card,failed,temporary_bank_failure,temporary_bank_failure,customer,payment_authentication,114,6,5,1,0.8333333333333334,1738.251803810965,17082.140937378306,40,0,0,active,429,5,3,education,regular,0.6339076400864104,CUSTOMER_NOTIFICATION,RETRY,0.6934865525254691,1,1510.0
cus_330,pay_330,ord_330,380.0,INR,upi,failed,upi_error,upi_error,customer,payment_authentication,1404,8,6,2,0.75,465.25932830829174,5642.245944308838,134,1,1,none,651,2,5,saas,regular,0.6274384954507706,HUMAN_ESCALATION,RETRY,0.7299151653776152,0,0.0
cus_331,pay_331,ord_331,560.0,INR,card,failed,insufficient_funds,insufficient_funds,customer,payment_authentication,1378,9,7,2,0.7777777777777778,413.3453142210799,7242.396311625902,29,1,0,active,1,10,3,education,vip,0.4838073018722264,RETRY,REMINDER,0.6127177875524374,1,560.0
cus_332,pay_332,ord_332,1490.0,INR,upi,failed,temporary_bank_failure,temporary_bank_failure,customer,payment_authentication,757,7,2,5,0.2857142857142857,1902.9846464375676,21769.072562504218,172,1,0,active,508,23,0,saas,regular,0.5952291429903442,ALTERNATIVE_PAYMENT_METHOD,RETRY,0.5852485556145938,1,1490.0
cus_333,pay_333,ord_333,4010.0,INR,netbanking,failed,temporary_bank_failure,temporary_bank_failure,customer,payment_authentication,784,4,3,1,0.75,5066.692501821965,30125.079512520322,127,1,0,active,485,8,4,health,regular,0.7745114736382493,NO_ACTION,RETRY,0.8471222832898619,1,4010.0
cus_334,pay_334,ord_334,1490.0,INR,card,failed,insufficient_funds,insufficient_funds,customer,payment_authentication,794,5,4,1,0.8,1844.9118118272897,14835.429557759864,36,0,1,none,273,13,2,saas,regular,0.32299422172578407,RETRY,NO_ACTION,0.47004818888563266,0,0.0
cus_335,pay_335,ord_335,5920.0,INR,upi,failed,insufficient_funds,insufficient_funds,customer,payment_authentication,209,6,4,2,0.6666666666666666,6408.073044741698,29603.217247120556,58,1,0,past_due,665,3,1,education,regular,0.6224954462355571,REMINDER,NO_ACTION,0.4604849204041718,0,0.0
cus_336,pay_336,ord_336,11290.0,INR,card,failed,expired_card,expired_card,customer,payment_authentication,309,2,1,1,0.5,13638.44156791099,47394.04454533452,174,1,0,past_due,330,11,4,education,regular,0.3222110584903343,CUSTOMER_NOTIFICATION,ALTERNATIVE_PAYMENT_METHOD,0.3018258207823244,0,0.0
cus_337,pay_337,ord_337,740.0,INR,upi,failed,network_timeout,network_timeout,customer,payment_authentication,1098,4,2,2,0.5,786.5768805474194,4341.727544067352,91,1,1,active,312,5,6,saas,new,0.5515955820033344,ALTERNATIVE_PAYMENT_METHOD,RETRY,0.604009502939478,1,740.0
cus_338,pay_338,ord_338,15140.0,INR,card,failed,insufficient_funds,insufficient_funds,customer,payment_authentication,50,2,0,2,0.0,15069.224012714078,35065.343695278796,98,0,0,active,725,0,1,saas,regular,0.6330474626571798,CUSTOMER_NOTIFICATION,NO_ACTION,0.4656725181614683,0,0.0
cus_339,pay_339,ord_339,350.0,INR,wallet,failed,expired_card,expired_card,customer,payment_authentication,1031,9,7,2,0.7777777777777778,440.5121366277747,5389.906945196663,127,1,1,past_due,502,14,0,health,regular,0.7285665969495936,HUMAN_ESCALATION,ALTERNATIVE_PAYMENT_METHOD,0.7011359838532694,1,350.0
cus_340,pay_340,ord_340,11490.0,INR,card,failed,insufficient_funds,insufficient_funds,customer,payment_authentication,458,6,5,1,0.8333333333333334,9473.799541569342,153411.24402385333,46,0,0,none,198,12,5,saas,new,0.5589858572869592,CUSTOMER_NOTIFICATION,REMINDER,0.5724647595705299,0,0.0
cus_341,pay_341,ord_341,1750.0,INR,wallet,failed,network_timeout,network_timeout,customer,payment_authentication,210,5,4,1,0.8,2119.1552398021886,17352.115716730343,75,0,1,active,603,16,1,health,regular,0.8628189237427706,NO_ACTION,RETRY,0.8410188443117382,0,0.0
cus_342,pay_342,ord_342,1430.0,INR,netbanking,failed,temporary_bank_failure,temporary_bank_failure,customer,payment_authentication,894,13,8,5,0.6153846153846154,1378.988422700591,16093.248781092867,75,0,1,past_due,327,23,2,saas,regular,0.8348422898041797,CUSTOMER_NOTIFICATION,RETRY,0.8877053055152024,1,1430.0
cus_343,pay_343,ord_343,1790.0,INR,upi,failed,temporary_bank_failure,temporary_bank_failure,customer,payment_authentication,413,4,3,1,0.75,1566.5429220692652,6924.596389730846,66,1,0,past_due,718,18,0,health,new,0.5176217249178764,ALTERNATIVE_PAYMENT_METHOD,RETRY,0.5315821252752652,1,1790.0
cus_344,pay_344,ord_344,810.0,INR,netbanking,failed,expired_card,expired_card,customer,payment_authentication,671,8,6,2,0.75,813.0108139296262,8372.869681811966,56,1,0,active,481,20,0,education,regular,0.3693430362634603,CUSTOMER_NOTIFICATION,ALTERNATIVE_PAYMENT_METHOD,0.31093470978446297,0,0.0
cus_345,pay_345,ord_345,8120.0,INR,netbanking,failed,card_declined,card_declined,customer,payment_authentication,1296,6,4,2,0.6666666666666666,8788.923191537688,57414.773182528224,79,1,1,past_due,235,12,2,health,regular,0.48977279904203086,RETRY,NO_ACTION,0.32164089172217214,0,0.0
cus_346,pay_346,ord_346,910.0,INR,wallet,failed,network_timeout,network_timeout,customer,payment_authentication,1047,9,8,1,0.8888888888888888,736.7730243607205,6696.17810163026,141,2,0,none,82,22,4,retail,regular,0.6695229087590283,HUMAN_ESCALATION,REMINDER,0.7244360840922993,1,910.0
cus_347,pay_347,ord_347,1030.0,INR,card,failed,card_declined,card_declined,customer,payment_authentication,1454,12,8,4,0.6666666666666666,1185.213395225557,10070.53387647209,82,0,0,past_due,268,1,6,health,vip,0.528149903465482,CUSTOMER_NOTIFICATION,NO_ACTION,0.4653584117917982,0,0.0
cus_348,pay_348,ord_348,460.0,INR,upi,failed,network_timeout,network_timeout,customer,payment_authentication,596,4,4,0,1.0,430.91787951603857,2641.987970842524,15,0,0,active,658,18,3,retail,regular,0.7036267981347802,CUSTOMER_NOTIFICATION,RETRY,0.8511171616245882,1,460.0
cus_349,pay_349,ord_349,870.0,INR,card,failed,insufficient_funds,insufficient_funds,customer,payment_authentication,608,11,9,2,0.8181818181818182,976.3368211032381,9120.388591050269,0,0,0,active,686,5,5,retail,vip,0.6500889754295497,RETRY,REMINDER,0.5995022686730902,1,870.0
cus_350,pay_350,ord_350,900.0,INR,upi,failed,temporary_bank_failure,temporary_bank_failure,customer,payment_authentication,1031,14,12,2,0.8571428571428571,714.8588409612604,12866.394527313136,3,0,1,none,827,23,6,health,vip,1.0,RETRY,RETRY,0.9327428050596024,1,900.0
cus_351,pay_351,ord_351,840.0,INR,card,failed,temporary_bank_failure,temporary_bank_failure,customer,payment_authentication,202,4,4,0,1.0,616.2123622061057,7687.572043883358,33,0,0,active,354,17,3,health,regular,0.8933803797218305,ALTERNATIVE_PAYMENT_METHOD,RETRY,0.891024675084908,1,840.0
cus_352,pay_352,ord_352,1520.0,INR,upi,failed,temporary_bank_failure,temporary_bank_failure,customer,payment_authentication,1285,6,5,1,0.8333333333333334,1211.3410148043918,21192.5528887192,137,1,1,none,916,4,3,saas,regular,0.5799776903673164,RETRY,RETRY,0.6377195893979895,1,1520.0
cus_353,pay_353,ord_353,590.0,INR,upi,failed,insufficient_funds,insufficient_funds,customer,payment_authentication,528,9,6,3,0.6666666666666666,476.9106075283368,10301.122705344073,109,0,0,none,750,6,2,education,regular,0.4818173435333116,ALTERNATIVE_PAYMENT_METHOD,NO_ACTION,0.534973577965184,0,0.0
cus_354,pay_354,ord_354,8910.0,INR,upi,failed,expired_card,expired_card,customer,payment_authentication,705,7,4,3,0.5714285714285714,10308.161779353222,71465.10717582944,62,1,1,active,330,1,5,health,new,0.6986639327628934,NO_ACTION,ALTERNATIVE_PAYMENT_METHOD,0.6502677225109602,1,8910.0
cus_355,pay_355,ord_355,1550.0,INR,upi,failed,insufficient_funds,insufficient_funds,customer,payment_authentication,761,5,4,1,0.8,1543.0862632943717,8635.928144897132,3,3,1,past_due,267,16,0,retail,regular,0.1965069858399046,ALTERNATIVE_PAYMENT_METHOD,NO_ACTION,0.19049062725305052,0,0.0
cus_356,pay_356,ord_356,2630.0,INR,netbanking,failed,expired_card,expired_card,customer,payment_authentication,100,5,4,1,0.8,3046.630176604014,22912.849843916294,59,0,0,active,571,4,6,education,regular,0.7679667762948875,HUMAN_ESCALATION,ALTERNATIVE_PAYMENT_METHOD,0.8084241161728747,1,2630.0
cus_357,pay_357,ord_357,4280.0,INR,netbanking,failed,expired_card,expired_card,customer,payment_authentication,451,5,2,3,0.4,4914.2189220168075,44146.12723402961,49,0,1,past_due,754,15,3,retail,regular,0.5711295851884536,ALTERNATIVE_PAYMENT_METHOD,ALTERNATIVE_PAYMENT_METHOD,0.5057846991850214,1,4280.0
cus_358,pay_358,ord_358,13700.0,INR,upi,failed,card_declined,card_declined,customer,payment_authentication,210,6,3,3,0.5,11606.036454682868,149093.41885588024,89,1,0,none,470,1,0,health,regular,0.5709893874780847,ALTERNATIVE_PAYMENT_METHOD,REMINDER,0.6587700280229392,0,0.0
cus_359,pay_359,ord_359,4490.0,INR,upi,failed,card_declined,card_declined,customer,payment_authentication,917,3,2,1,0.6666666666666666,5596.983905771485,31337.996341629056,79,1,0,none,157,12,1,education,new,0.5810672857058158,HUMAN_ESCALATION,NO_ACTION,0.49456221862044936,0,0.0
cus_360,pay_360,ord_360,1410.0,INR,wallet,failed,insufficient_funds,insufficient_funds,customer,payment_authentication,1059,7,5,2,0.7142857142857143,1637.6280419424168,15037.326080827748,30,1,0,past_due,767,5,3,health,regular,0.3966048324164611,NO_ACTION,NO_ACTION,0.428105701694713,0,0.0
cus_361,pay_361,ord_361,620.0,INR,card,failed,insufficient_funds,insufficient_funds,customer,payment_authentication,12,7,4,3,0.5714285714285714,465.7584031996288,9841.128118228135,79,2,0,none,452,7,0,saas,regular,0.3154948981815879,REMINDER,NO_ACTION,0.24960502172083177,0,0.0
cus_362,pay_362,ord_362,2540.0,INR,card,failed,card_declined,card_declined,customer,payment_authentication,13,8,5,3,0.625,2650.254899521293,39386.14595190856,21,1,0,active,29,10,5,saas,new,0.8541451338669034,NO_ACTION,REMINDER,0.7701701375313919,1,2540.0
cus_363,pay_363,ord_363,5230.0,INR,card,failed,card_declined,card_declined,customer,payment_authentication,1224,7,6,1,0.8571428571428571,4956.101999681913,32058.80433244113,8,0,0,active,191,1,5,education,new,0.4567852382169588,CUSTOMER_NOTIFICATION,REMINDER,0.6510321909282395,1,5230.0
cus_364,pay_364,ord_364,2080.0,INR,upi,failed,insufficient_funds,insufficient_funds,customer,payment_authentication,502,9,7,2,0.7777777777777778,2029.4270394772213,24404.043112495572,166,0,0,none,577,9,4,saas,regular,0.9270103268746112,REMINDER,REMINDER,0.9340937921308616,1,2080.0
cus_365,pay_365,ord_365,1930.0,INR,upi,failed,insufficient_funds,insufficient_funds,customer,payment_authentication,1267,7,6,1,0.8571428571428571,1776.1244374854055,22040.711031663162,157,1,2,none,515,17,5,retail,regular,0.45276138764665286,REMINDER,REMINDER,0.6056620236383141,1,1930.0
cus_366,pay_366,ord_366,2240.0,INR,netbanking,failed,card_declined,card_declined,customer,payment_authentication,987,5,3,2,0.6,2235.0120328984676,13325.182183671543,179,2,1,none,166,8,0,health,regular,0.07405738545642981,RETRY,NO_ACTION,0.2471538613264556,0,0.0
cus_367,pay_367,ord_367,280.0,INR,upi,failed,card_declined,card_declined,customer,payment_authentication,1175,8,5,3,0.625,255.74115983990154,3085.3775969550693,16,0,1,active,700,5,6,retail,regular,0.2575262117551561,CUSTOMER_NOTIFICATION,NO_ACTION,0.28098331980642616,0,0.0
cus_368,pay_368,ord_368,2090.0,INR,card,failed,temporary_bank_failure,temporary_bank_failure,customer,payment_authentication,577,3,0,3,0.0,2043.4052976434414,12694.60909014938,121,0,0,past_due,635,11,2,saas,vip,0.756304204142479,RETRY,RETRY,0.7255915291988967,1,2090.0
cus_369,pay_369,ord_369,3760.0,INR,netbanking,failed,insufficient_funds,insufficient_funds,customer,payment_authentication,455,7,6,1,0.8571428571428571,3860.891516094372,42647.97609417764,157,0,2,none,527,6,3,retail,regular,0.5224014443444334,ALTERNATIVE_PAYMENT_METHOD,REMINDER,0.6768859802088955,1,3760.0
cus_370,pay_370,ord_370,1730.0,INR,netbanking,failed,network_timeout,network_timeout,customer,payment_authentication,1084,7,5,2,0.7142857142857143,1969.3630216247138,25187.20595555162,72,1,2,none,74,21,1,saas,new,0.8407855247918672,RETRY,RETRY,0.8136527559358081,1,1730.0
cus_371,pay_371,ord_371,5560.0,INR,card,failed,temporary_bank_failure,temporary_bank_failure,customer,payment_authentication,948,10,6,4,0.6,4397.365298488373,63683.748365354026,178,2,1,none,160,2,3,health,regular,0.7954448822011324,REMINDER,REMINDER,0.8828801009168751,1,5560.0
cus_372,pay_372,ord_372,5750.0,INR,card,failed,network_timeout,network_timeout,customer,payment_authentication,855,5,2,3,0.4,4485.629586758385,65463.27531915716,173,1,1,active,181,11,0,education,new,0.7514139087411783,ALTERNATIVE_PAYMENT_METHOD,RETRY,0.7446235930601819,1,5750.0
cus_373,pay_373,ord_373,1090.0,INR,card,failed,temporary_bank_failure,temporary_bank_failure,customer,payment_authentication,548,10,6,4,0.6,1088.6060989598357,13414.263952797493,32,1,0,none,921,17,3,health,new,0.9596703750552784,CUSTOMER_NOTIFICATION,RETRY,0.7067234917792827,1,1090.0
cus_374,pay_374,ord_374,2810.0,INR,card,failed,expired_card,expired_card,customer,payment_authentication,921,2,2,0,1.0,2767.8253664603744,15987.617044969495,155,2,1,active,224,9,1,retail,regular,0.6723746174205756,HUMAN_ESCALATION,ALTERNATIVE_PAYMENT_METHOD,0.7041098166389108,0,0.0
cus_375,pay_375,ord_375,1890.0,INR,card,failed,insufficient_funds,insufficient_funds,customer,payment_authentication,584,8,3,5,0.375,1962.418714205428,17397.374127302657,12,2,1,active,4,23,6,health,regular,0.30424966871479464,REMINDER,NO_ACTION,0.4180879537973314,0,0.0
cus_376,pay_376,ord_376,240.0,INR,wallet,failed,temporary_bank_failure,temporary_bank_failure,customer,payment_authentication,1335,12,5,7,0.4166666666666667,256.32703057101526,4242.594640218441,27,0,1,active,285,23,1,health,vip,0.4489798752650962,REMINDER,RETRY,0.45077105831080505,0,0.0
cus_377,pay_377,ord_377,1500.0,INR,upi,failed,upi_error,upi_error,customer,payment_authentication,1063,8,3,5,0.375,1296.7077711694803,25810.812450114605,21,1,0,past_due,730,11,1,education,regular,0.7669415946161399,ALTERNATIVE_PAYMENT_METHOD,RETRY,0.7859541754121101,1,1500.0
cus_378,pay_378,ord_378,640.0,INR,card,failed,expired_card,expired_card,customer,payment_authentication,596,3,2,1,0.6666666666666666,696.7294988582341,2715.5154397238725,176,1,0,none,211,17,4,retail,regular,0.38767484063391505,ALTERNATIVE_PAYMENT_METHOD,ALTERNATIVE_PAYMENT_METHOD,0.42223164795385754,1,640.0
cus_379,pay_379,ord_379,2070.0,INR,upi,failed,upi_error,upi_error,customer,payment_authentication,1265,5,3,2,0.6,2064.620863947673,22397.954880406145,153,1,2,active,722,8,0,health,new,0.8552989439890457,ALTERNATIVE_PAYMENT_METHOD,RETRY,0.8518718483676592,1,2070.0
cus_380,pay_380,ord_380,3580.0,INR,upi,failed,insufficient_funds,insufficient_funds,customer,payment_authentication,107,10,9,1,0.9,3571.171434586572,53226.01481018493,50,1,1,active,27,22,4,health,regular,0.6879965156042087,RETRY,REMINDER,0.7064799705477876,1,3580.0
cus_381,pay_381,ord_381,1450.0,INR,wallet,failed,network_timeout,network_timeout,customer,payment_authentication,1246,11,9,2,0.8181818181818182,1531.6994758341277,21675.768876404567,175,1,1,active,896,12,4,saas,regular,0.7396097736839579,NO_ACTION,RETRY,0.8633755736539904,1,1450.0
cus_382,pay_382,ord_382,740.0,INR,netbanking,failed,upi_error,upi_error,customer,payment_authentication,622,7,7,0,1.0,789.7818663301734,9251.75063602154,23,0,0,active,547,14,3,health,regular,0.8959425325218006,REMINDER,RETRY,0.8135041541532444,1,740.0
cus_383,pay_383,ord_383,2280.0,INR,upi,failed,expired_card,expired_card,customer,payment_authentication,347,5,4,1,0.8,2439.91538238405,13107.032944567803,106,0,0,none,861,9,3,education,regular,0.5302997648641137,HUMAN_ESCALATION,ALTERNATIVE_PAYMENT_METHOD,0.3989485686895755,0,0.0
cus_384,pay_384,ord_384,20820.0,INR,card,failed,temporary_bank_failure,temporary_bank_failure,customer,payment_authentication,1245,7,3,4,0.42857142857142855,24949.969185095368,259247.14217309802,155,3,0,none,719,10,5,retail,vip,0.5735132738182666,CUSTOMER_NOTIFICATION,REMINDER,0.6107258331903511,0,0.0
cus_385,pay_385,ord_385,210.0,INR,wallet,failed,card_declined,card_declined,customer,payment_authentication,987,7,5,2,0.7142857142857143,209.9370383792098,1561.7519727653403,170,0,1,active,150,7,4,retail,new,0.7198214093229611,CUSTOMER_NOTIFICATION,REMINDER,0.684754086215197,1,210.0
cus_386,pay_386,ord_386,2280.0,INR,upi,failed,expired_card,expired_card,customer,payment_authentication,112,11,8,3,0.7272727272727273,2883.3390337643655,44436.0979694668,39,0,0,none,663,6,5,saas,regular,0.37375390624645466,NO_ACTION,ALTERNATIVE_PAYMENT_METHOD,0.5783097180861044,1,2280.0
cus_387,pay_387,ord_387,1050.0,INR,wallet,failed,upi_error,upi_error,customer,payment_authentication,401,13,8,5,0.6153846153846154,1331.2415856579912,21959.516077500688,138,2,0,none,946,23,6,saas,regular,0.5517097886721082,RETRY,REMINDER,0.5535439842811106,0,0.0
cus_388,pay_388,ord_388,1180.0,INR,card,failed,insufficient_funds,insufficient_funds,customer,payment_authentication,677,7,5,2,0.7142857142857143,1063.4374552005133,8324.357835158433,123,0,0,active,477,8,1,saas,new,0.4485035884401659,ALTERNATIVE_PAYMENT_METHOD,NO_ACTION,0.2561594572771385,0,0.0
cus_389,pay_389,ord_389,1630.0,INR,netbanking,failed,insufficient_funds,insufficient_funds,customer,payment_authentication,943,8,6,2,0.75,2002.8649308646668,12189.14584238077,102,0,0,none,150,22,6,education,regular,0.6758845591450127,REMINDER,REMINDER,0.5958848944088322,0,0.0
cus_390,pay_390,ord_390,1280.0,INR,upi,failed,temporary_bank_failure,temporary_bank_failure,customer,payment_authentication,1209,5,3,2,0.6,1219.2839853503008,11439.814719241367,144,0,0,none,551,0,3,retail,new,0.5753560874870663,NO_ACTION,RETRY,0.5599522947198714,1,1280.0
cus_391,pay_391,ord_391,3300.0,INR,card,failed,card_declined,card_declined,customer,payment_authentication,551,8,6,2,0.75,4239.114290016717,25480.567953530954,164,1,1,none,563,15,2,saas,new,0.6252791925193689,RETRY,REMINDER,0.6297044780018458,0,0.0
cus_392,pay_392,ord_392,1420.0,INR,upi,failed,upi_error,upi_error,customer,payment_authentication,1213,8,5,3,0.625,1784.147154023641,19331.310121388753,26,0,1,none,781,19,5,saas,new,0.7718733373113736,REMINDER,RETRY,0.8017692239984453,1,1420.0
cus_393,pay_393,ord_393,210.0,INR,upi,failed,temporary_bank_failure,temporary_bank_failure,customer,payment_authentication,1185,4,2,2,0.5,202.3773656035026,2098.6645894934495,84,1,0,past_due,156,0,4,health,new,0.6025412720248636,CUSTOMER_NOTIFICATION,RETRY,0.5605649161805899,0,0.0
cus_394,pay_394,ord_394,6500.0,INR,card,failed,network_timeout,network_timeout,customer,payment_authentication,567,7,5,2,0.7142857142857143,5912.843175010598,44713.17012057922,37,0,0,none,655,1,4,retail,regular,1.0,RETRY,RETRY,0.9104531276918435,1,6500.0
cus_395,pay_395,ord_395,5590.0,INR,upi,failed,upi_error,upi_error,customer,payment_authentication,1406,10,8,2,0.8,6213.9254884127595,80918.02056165531,74,1,2,none,379,8,3,health,new,0.7566842525727631,RETRY,RETRY,0.8068477923486773,1,5590.0
cus_396,pay_396,ord_396,990.0,INR,netbanking,failed,temporary_bank_failure,temporary_bank_failure,customer,payment_authentication,1416,6,4,2,0.6666666666666666,911.3294677625449,13178.950487400854,68,2,0,none,241,7,0,retail,regular,0.6888525665603629,NO_ACTION,REMINDER,0.613740249751227,0,0.0
cus_397,pay_397,ord_397,1900.0,INR,card,failed,temporary_bank_failure,temporary_bank_failure,customer,payment_authentication,435,5,2,3,0.4,2082.8202996225923,21867.854889783695,129,0,1,active,792,4,3,retail,regular,0.6641995601042103,RETRY,RETRY,0.745054208472823,1,1900.0
cus_398,pay_398,ord_398,6110.0,INR,upi,failed,card_declined,card_declined,customer,payment_authentication,835,8,6,2,0.75,5821.62463817499,40631.25260417033,110,1,0,active,549,12,5,retail,new,0.43065004113256444,REMINDER,NO_ACTION,0.4743640747851441,0,0.0
cus_399,pay_399,ord_399,5080.0,INR,upi,failed,card_declined,card_declined,customer,payment_authentication,1303,5,3,2,0.6,5085.723847722192,53352.49933736748,134,1,0,none,936,13,5,saas,new,0.5666273412604091,ALTERNATIVE_PAYMENT_METHOD,REMINDER,0.6777798879117591,0,0.0
cus_400,pay_400,ord_400,7030.0,INR,card,failed,temporary_bank_failure,temporary_bank_failure,customer,payment_authentication,808,9,6,3,0.6666666666666666,6518.433881160241,71010.70203931522,127,1,0,none,235,20,0,saas,regular,0.6276628333597125,ALTERNATIVE_PAYMENT_METHOD,RETRY,0.6116351061933039,1,7030.0
cus_401,pay_401,ord_401,2630.0,INR,wallet,failed,network_timeout,network_timeout,customer,payment_authentication,1110,6,6,0,1.0,3098.1898405761312,30754.621394672133,63,0,0,none,320,9,1,health,regular,0.8989820262210078,HUMAN_ESCALATION,RETRY,0.890634339269124,1,2630.0
cus_402,pay_402,ord_402,3900.0,INR,netbanking,failed,expired_card,expired_card,customer,payment_authentication,1199,6,4,2,0.6666666666666666,4137.215492133132,31709.06154196961,115,0,0,active,916,19,5,retail,regular,0.8288213601933807,REMINDER,ALTERNATIVE_PAYMENT_METHOD,0.7891685334710921,1,3900.0
cus_403,pay_403,ord_403,7400.0,INR,card,failed,upi_error,upi_error,customer,payment_authentication,849,9,8,1,0.8888888888888888,8213.625252578538,73434.31895154565,85,0,0,active,435,9,0,health,regular,0.7888860854105688,ALTERNATIVE_PAYMENT_METHOD,RETRY,0.7580302006165117,1,7400.0
cus_404,pay_404,ord_404,1280.0,INR,wallet,failed,network_timeout,network_timeout,customer,payment_authentication,540,10,9,1,0.9,1526.471721173566,18472.090650003574,96,0,0,none,392,18,6,retail,regular,0.7431288860014835,CUSTOMER_NOTIFICATION,RETRY,0.6708133006042343,1,1280.0
cus_405,pay_405,ord_405,2810.0,INR,netbanking,failed,network_timeout,network_timeout,customer,payment_authentication,787,10,8,2,0.8,3309.451259521123,28705.9404964635,38,0,1,none,802,22,4,health,regular,0.9052155654923175,RETRY,RETRY,0.6967267723433336,1,2810.0
cus_406,pay_406,ord_406,210.0,INR,card,failed,expired_card,expired_card,customer,payment_authentication,1248,8,5,3,0.625,211.20033160112465,2365.2482029876014,49,0,0,none,108,9,5,saas,new,0.8483395606620573,ALTERNATIVE_PAYMENT_METHOD,ALTERNATIVE_PAYMENT_METHOD,0.7750442805260703,1,210.0
cus_407,pay_407,ord_407,370.0,INR,netbanking,failed,insufficient_funds,insufficient_funds,customer,payment_authentication,479,5,3,2,0.6,315.43437967099715,2693.4478365136365,21,1,0,active,596,21,2,education,regular,0.11681028058382706,CUSTOMER_NOTIFICATION,NO_ACTION,0.3141326839848094,0,0.0
cus_408,pay_408,ord_408,2980.0,INR,card,failed,expired_card,expired_card,customer,payment_authentication,1266,5,4,1,0.8,2735.7596167067445,34896.76667776516,28,0,0,active,352,13,4,saas,regular,0.4662625084459697,REMINDER,ALTERNATIVE_PAYMENT_METHOD,0.49105562103246936,0,0.0
cus_409,pay_409,ord_409,3470.0,INR,wallet,failed,temporary_bank_failure,temporary_bank_failure,customer,payment_authentication,305,7,5,2,0.7142857142857143,3578.335489491181,38996.15192316893,63,0,0,none,897,6,2,health,new,0.8385232918334319,ALTERNATIVE_PAYMENT_METHOD,RETRY,0.8420473045827378,1,3470.0
cus_410,pay_410,ord_410,1230.0,INR,upi,failed,card_declined,card_declined,customer,payment_authentication,693,9,7,2,0.7777777777777778,1037.2064067252857,19756.15154225946,33,2,0,past_due,128,20,0,retail,new,0.0,CUSTOMER_NOTIFICATION,NO_ACTION,0.11942372463770572,0,0.0
cus_411,pay_411,ord_411,990.0,INR,upi,failed,temporary_bank_failure,temporary_bank_failure,customer,payment_authentication,125,7,4,3,0.5714285714285714,1156.8092017184993,7345.172571812958,88,3,0,past_due,328,14,0,health,new,0.36361591741135896,NO_ACTION,NO_ACTION,0.28060996142812533,0,0.0
cus_412,pay_412,ord_412,1270.0,INR,card,failed,expired_card,expired_card,customer,payment_authentication,1281,5,2,3,0.4,1063.772920515681,15213.275104977185,129,0,1,active,189,13,1,education,new,0.8940224655452833,CUSTOMER_NOTIFICATION,ALTERNATIVE_PAYMENT_METHOD,0.7151639723230013,0,0.0
cus_413,pay_413,ord_413,2190.0,INR,netbanking,failed,temporary_bank_failure,temporary_bank_failure,customer,payment_authentication,1068,8,5,3,0.625,1973.4555022054928,26549.07172229349,28,1,0,active,187,20,6,saas,new,0.4615357390260738,RETRY,RETRY,0.5481962257435289,0,0.0
cus_414,pay_414,ord_414,180.0,INR,card,failed,insufficient_funds,insufficient_funds,customer,payment_authentication,178,3,3,0,1.0,194.3359160080669,574.4160523406558,37,2,0,past_due,252,15,0,education,new,0.49734249259802044,HUMAN_ESCALATION,NO_ACTION,0.371026665545808,0,0.0
cus_415,pay_415,ord_415,2880.0,INR,card,failed,temporary_bank_failure,temporary_bank_failure,customer,payment_authentication,334,7,3,4,0.42857142857142855,3221.618117964935,34377.329136610744,29,1,1,past_due,548,23,5,health,regular,0.7877970130855955,HUMAN_ESCALATION,RETRY,0.6804687788798522,1,2880.0
cus_416,pay_416,ord_416,1870.0,INR,card,failed,card_declined,card_declined,customer,payment_authentication,792,9,5,4,0.5555555555555556,1751.7888910680533,20824.13665318973,146,1,0,none,494,0,3,saas,regular,0.5423728455445551,ALTERNATIVE_PAYMENT_METHOD,NO_ACTION,0.5149489353876089,0,0.0
cus_417,pay_417,ord_417,2320.0,INR,netbanking,failed,network_timeout,network_timeout,customer,payment_authentication,743,11,10,1,0.9090909090909091,2675.93058887198,30126.002318826024,22,1,1,none,466,17,5,health,regular,0.7973604855044036,HUMAN_ESCALATION,RETRY,0.7142969313045361,1,2320.0
cus_418,pay_418,ord_418,1600.0,INR,card,failed,temporary_bank_failure,temporary_bank_failure,customer,payment_authentication,169,7,6,1,0.8571428571428571,1985.897548113331,14235.188951085487,166,1,2,none,878,11,4,retail,regular,0.7274910841340643,RETRY,RETRY,0.8039414349363827,1,1600.0
cus_419,pay_419,ord_419,450.0,INR,wallet,failed,network_timeout,network_timeout,customer,payment_authentication,1334,9,7,2,0.7777777777777778,359.3871660976458,5784.93768925222,157,0,0,none,881,2,3,education,regular,1.0,NO_ACTION,RETRY,0.8957957323684516,1,450.0
cus_420,pay_420,ord_420,600.0,INR,upi,failed,network_timeout,network_timeout,customer,payment_authentication,691,13,8,5,0.6153846153846154,749.7235406420185,9015.40958293082,69,0,0,none,210,8,6,saas,regular,0.7126746488167024,RETRY,RETRY,0.5860717407639833,1,600.0
cus_421,pay_421,ord_421,8300.0,INR,card,failed,insufficient_funds,insufficient_funds,customer,payment_authentication,1006,8,6,2,0.75,8489.618271499561,127907.38592811575,124,0,1,none,88,16,0,retail,regular,0.6898694860857651,NO_ACTION,REMINDER,0.6421603062569873,1,8300.0
cus_422,pay_422,ord_422,950.0,INR,card,failed,card_declined,card_declined,customer,payment_authentication,1129,8,7,1,0.875,920.834735375603,7974.131865921658,32,0,1,none,675,1,3,education,regular,0.6621585922621765,REMINDER,REMINDER,0.6316111747450671,1,950.0
cus_423,pay_423,ord_423,4060.0,INR,card,failed,insufficient_funds,insufficient_funds,customer,payment_authentication,254,9,8,1,0.8888888888888888,4780.654510740222,35911.55503129904,26,0,1,past_due,45,11,6,health,vip,0.7127905857407338,ALTERNATIVE_PAYMENT_METHOD,REMINDER,0.7921237817252228,1,4060.0
cus_424,pay_424,ord_424,610.0,INR,upi,failed,temporary_bank_failure,temporary_bank_failure,customer,payment_authentication,500,10,7,3,0.7,713.9716880227982,5608.310603645076,119,0,1,past_due,604,16,4,retail,regular,0.8470292619846639,REMINDER,RETRY,0.7523944167603649,0,0.0
cus_425,pay_425,ord_425,1780.0,INR,netbanking,failed,expired_card,expired_card,customer,payment_authentication,1101,8,5,3,0.625,1974.9444265584439,19760.171628421085,119,0,0,none,173,6,1,saas,regular,0.5760653193276655,HUMAN_ESCALATION,ALTERNATIVE_PAYMENT_METHOD,0.5746353682056694,1,1780.0
cus_426,pay_426,ord_426,1160.0,INR,card,failed,temporary_bank_failure,temporary_bank_failure,customer,payment_authentication,1160,6,4,2,0.6666666666666666,1096.3196223998593,6875.512316042516,54,0,1,past_due,170,20,1,education,new,0.5024449397410546,CUSTOMER_NOTIFICATION,RETRY,0.5160910184431734,0,0.0
cus_427,pay_427,ord_427,1360.0,INR,netbanking,failed,network_timeout,network_timeout,customer,payment_authentication,323,5,4,1,0.8,1170.0906863367752,5977.8207438554155,87,1,0,active,671,21,5,health,vip,0.6177010699398781,ALTERNATIVE_PAYMENT_METHOD,RETRY,0.5232845213728907,0,0.0
cus_428,pay_428,ord_428,1290.0,INR,card,failed,upi_error,upi_error,customer,payment_authentication,480,6,4,2,0.6666666666666666,1181.9184913286676,9777.024913386047,94,0,0,active,771,15,4,retail,regular,0.748978904728238,HUMAN_ESCALATION,RETRY,0.7778490019896624,1,1290.0
cus_429,pay_429,ord_429,7660.0,INR,netbanking,failed,network_timeout,network_timeout,customer,payment_authentication,1170,2,0,2,0.0,7996.818958661177,45363.410274297785,101,1,2,active,325,15,3,saas,regular,0.33958315834112385,NO_ACTION,RETRY,0.41013103549549274,1,7660.0
cus_430,pay_430,ord_430,12430.0,INR,wallet,failed,expired_card,expired_card,customer,payment_authentication,516,15,12,3,0.8,12907.124302498492,142038.5529567536,51,0,1,active,357,6,0,saas,regular,0.7925125205473985,ALTERNATIVE_PAYMENT_METHOD,ALTERNATIVE_PAYMENT_METHOD,0.6837368205118738,1,12430.0
cus_431,pay_431,ord_431,2290.0,INR,netbanking,failed,expired_card,expired_card,customer,payment_authentication,117,5,4,1,0.8,2872.5034057122584,10758.820965082028,149,0,0,active,97,21,1,education,regular,0.472329489710868,HUMAN_ESCALATION,ALTERNATIVE_PAYMENT_METHOD,0.6232605521178346,0,0.0
cus_432,pay_432,ord_432,1200.0,INR,upi,failed,upi_error,upi_error,customer,payment_authentication,747,7,5,2,0.7142857142857143,1168.8014550901917,13997.527887143971,108,1,0,past_due,894,11,3,saas,regular,0.986589117487332,NO_ACTION,RETRY,0.9138000045283404,1,1200.0
cus_433,pay_433,ord_433,480.0,INR,netbanking,failed,temporary_bank_failure,temporary_bank_failure,customer,payment_authentication,213,6,5,1,0.8333333333333334,527.9909345856796,4526.735121391318,85,0,0,active,886,1,3,retail,new,0.5948495344832987,RETRY,RETRY,0.7179599803023663,1,480.0
cus_434,pay_434,ord_434,450.0,INR,card,failed,temporary_bank_failure,temporary_bank_failure,customer,payment_authentication,891,7,4,3,0.5714285714285714,493.2122984157979,3008.178823096842,93,1,1,past_due,157,8,4,retail,new,0.6028618648895572,REMINDER,RETRY,0.7839037331242074,1,450.0
cus_435,pay_435,ord_435,7700.0,INR,card,failed,expired_card,expired_card,customer,payment_authentication,1401,4,1,3,0.25,8770.388309062086,71730.97885648323,51,0,1,active,762,18,4,saas,regular,0.7767832717723888,REMINDER,ALTERNATIVE_PAYMENT_METHOD,0.7110748162554341,1,7700.0
cus_436,pay_436,ord_436,420.0,INR,card,failed,insufficient_funds,insufficient_funds,customer,payment_authentication,152,8,6,2,0.75,543.8476411463589,5960.156966118486,61,0,1,active,920,13,3,saas,new,0.7427098657813824,CUSTOMER_NOTIFICATION,REMINDER,0.7102668728275957,1,420.0
cus_437,pay_437,ord_437,1160.0,INR,upi,failed,insufficient_funds,insufficient_funds,customer,payment_authentication,421,9,7,2,0.7777777777777778,1370.2118759139053,15579.844720317835,140,1,1,active,884,14,4,saas,regular,0.33841663354508744,NO_ACTION,NO_ACTION,0.40162536710298896,0,0.0
cus_438,pay_438,ord_438,2110.0,INR,upi,failed,temporary_bank_failure,temporary_bank_failure,customer,payment_authentication,849,7,7,0,1.0,1527.1984644842835,23747.653604546962,23,0,1,none,425,16,4,education,regular,0.7505089206462697,NO_ACTION,RETRY,0.8660805069019314,1,2110.0
cus_439,pay_439,ord_439,130.0,INR,upi,failed,card_declined,card_declined,customer,payment_authentication,226,3,2,1,0.6666666666666666,154.30543648998238,902.212554734096,28,0,0,past_due,111,7,5,retail,regular,0.47460115345611437,CUSTOMER_NOTIFICATION,NO_ACTION,0.4407606433362802,0,0.0
cus_440,pay_440,ord_440,520.0,INR,netbanking,failed,insufficient_funds,insufficient_funds,customer,payment_authentication,802,6,6,0,1.0,675.9661440594392,3012.115325051809,30,0,0,active,519,6,2,retail,new,0.8296630823016001,NO_ACTION,REMINDER,0.8764731815959456,1,520.0
cus_441,pay_441,ord_441,470.0,INR,card,failed,temporary_bank_failure,temporary_bank_failure,customer,payment_authentication,323,7,5,2,0.7142857142857143,339.69295855021295,7193.3199951678525,166,0,0,active,315,21,0,retail,vip,0.8839599056296832,HUMAN_ESCALATION,RETRY,0.8048599331962691,1,470.0
cus_442,pay_442,ord_442,930.0,INR,upi,failed,temporary_bank_failure,temporary_bank_failure,customer,payment_authentication,954,5,5,0,1.0,984.229811903233,4723.051215479593,145,0,0,past_due,348,11,6,saas,new,0.7406631062468553,HUMAN_ESCALATION,RETRY,0.798258040822295,1,930.0
cus_443,pay_443,ord_443,2340.0,INR,card,failed,insufficient_funds,insufficient_funds,customer,payment_authentication,542,4,3,1,0.75,2479.5677881925353,15164.51496769679,169,0,0,none,625,19,6,saas,regular,0.8011917173729026,NO_ACTION,REMINDER,0.8437113028446981,1,2340.0
cus_444,pay_444,ord_444,5050.0,INR,card,failed,network_timeout,network_timeout,customer,payment_authentication,1388,9,4,5,0.4444444444444444,5125.48637015215,51603.76663876767,56,0,1,active,573,15,1,health,regular,0.8116330752344338,HUMAN_ESCALATION,RETRY,0.7007435400839103,1,5050.0
cus_445,pay_445,ord_445,930.0,INR,upi,failed,insufficient_funds,insufficient_funds,customer,payment_authentication,1256,9,8,1,0.8888888888888888,1139.4214862537115,14552.418137035098,62,2,0,none,78,13,5,retail,regular,0.45838377059070934,RETRY,REMINDER,0.5611518117484102,1,930.0
cus_446,pay_446,ord_446,1140.0,INR,wallet,failed,card_declined,card_declined,customer,payment_authentication,1490,11,7,4,0.6363636363636364,1354.995996421781,24511.536600378604,50,0,0,none,624,12,2,education,new,0.5641867769452686,CUSTOMER_NOTIFICATION,REMINDER,0.709747341041385,1,1140.0
cus_447,pay_447,ord_447,1600.0,INR,upi,failed,network_timeout,network_timeout,customer,payment_authentication,229,2,1,1,0.5,1285.1629267036415,7208.030667122452,139,1,1,active,991,23,5,education,new,0.5600767211171974,RETRY,RETRY,0.6535582190770747,1,1600.0
cus_448,pay_448,ord_448,810.0,INR,card,failed,insufficient_funds,insufficient_funds,customer,payment_authentication,1422,9,8,1,0.8888888888888888,617.0577337866956,8028.486705297836,136,0,1,none,195,13,1,saas,new,0.6606943442747234,RETRY,REMINDER,0.6365077097186909,0,0.0
cus_449,pay_449,ord_449,2750.0,INR,upi,failed,network_timeout,network_timeout,customer,payment_authentication,24,8,4,4,0.5,2199.8669830934814,42401.51558558656,165,0,0,none,992,19,2,education,vip,1.0,NO_ACTION,RETRY,0.8419857586503181,1,2750.0
cus_450,pay_450,ord_450,2830.0,INR,card,failed,card_declined,card_declined,customer,payment_authentication,329,7,5,2,0.7142857142857143,3486.654327406695,43592.42080730247,51,0,0,active,104,5,3,retail,regular,0.5762968629049763,HUMAN_ESCALATION,REMINDER,0.5610744797185854,1,2830.0
cus_451,pay_451,ord_451,120.0,INR,netbanking,failed,expired_card,expired_card,customer,payment_authentication,1297,9,6,3,0.6666666666666666,91.0854806140133,1091.1410246334738,165,0,1,none,518,11,4,retail,new,0.5934538964162112,CUSTOMER_NOTIFICATION,ALTERNATIVE_PAYMENT_METHOD,0.6806346658404344,0,0.0
cus_452,pay_452,ord_452,3430.0,INR,upi,failed,temporary_bank_failure,temporary_bank_failure,customer,payment_authentication,1293,8,5,3,0.625,3730.8240725900655,31782.637051536676,171,0,0,past_due,95,12,2,saas,regular,0.6641217139795994,NO_ACTION,RETRY,0.7470164204004436,1,3430.0
cus_453,pay_453,ord_453,2050.0,INR,card,failed,temporary_bank_failure,temporary_bank_failure,customer,payment_authentication,450,12,10,2,0.8333333333333334,2275.4315594425443,37002.9211140387,20,0,0,active,993,1,4,education,regular,0.9633669979852579,HUMAN_ESCALATION,RETRY,0.922323710833814,1,2050.0
cus_454,pay_454,ord_454,2340.0,INR,card,failed,upi_error,upi_error,customer,payment_authentication,1262,7,7,0,1.0,1944.2409329646844,31107.1023457172,62,1,1,active,790,23,2,education,regular,0.7160690810279635,CUSTOMER_NOTIFICATION,RETRY,0.8893894008026044,1,2340.0
cus_455,pay_455,ord_455,5880.0,INR,card,failed,network_timeout,network_timeout,customer,payment_authentication,116,1,1,0,1.0,4926.6616360234075,10173.367390713935,30,0,0,none,936,14,2,education,new,0.6917369461747424,ALTERNATIVE_PAYMENT_METHOD,RETRY,0.8799008997068503,1,5880.0
cus_456,pay_456,ord_456,300.0,INR,wallet,failed,upi_error,upi_error,customer,payment_authentication,504,5,3,2,0.6,360.42879280691363,1378.5229387692239,176,0,1,none,40,2,5,education,new,0.6872251781983552,REMINDER,RETRY,0.6675969011115235,0,0.0
cus_457,pay_457,ord_457,520.0,INR,upi,failed,upi_error,upi_error,customer,payment_authentication,42,6,3,3,0.5,495.0652052308635,5230.848966226233,88,1,0,none,609,10,1,education,regular,0.8342170831767644,REMINDER,RETRY,0.7457458016572762,0,0.0
cus_458,pay_458,ord_458,1690.0,INR,netbanking,failed,temporary_bank_failure,temporary_bank_failure,customer,payment_authentication,776,4,3,1,0.75,1689.4658964942307,14672.53271971667,2,1,1,past_due,826,23,5,health,vip,0.8719969428473755,ALTERNATIVE_PAYMENT_METHOD,RETRY,0.7810088553668673,1,1690.0
cus_459,pay_459,ord_459,180.0,INR,upi,failed,network_timeout,network_timeout,customer,payment_authentication,1349,10,8,2,0.8,168.89265358508015,2152.097062789633,99,0,2,active,84,13,4,health,regular,0.30670590527915936,RETRY,RETRY,0.2720803350665818,0,0.0
cus_460,pay_460,ord_460,1460.0,INR,upi,failed,expired_card,expired_card,customer,payment_authentication,920,4,4,0,1.0,1182.477001126781,10642.524377082591,32,0,0,active,931,5,4,health,new,0.6966614861726168,RETRY,ALTERNATIVE_PAYMENT_METHOD,0.5769649564354639,0,0.0
cus_461,pay_461,ord_461,4210.0,INR,card,failed,network_timeout,network_timeout,customer,payment_authentication,785,10,5,5,0.5,4056.6370246739616,80787.19868987314,61,2,0,active,126,1,5,health,regular,0.606490271406689,REMINDER,REMINDER,0.6253741232881367,1,4210.0
cus_462,pay_462,ord_462,2690.0,INR,wallet,failed,temporary_bank_failure,temporary_bank_failure,customer,payment_authentication,297,5,4,1,0.8,2317.6812386686493,11902.746295913776,103,1,0,none,110,9,5,health,regular,0.7165237197375525,ALTERNATIVE_PAYMENT_METHOD,RETRY,0.7543894355460089,1,2690.0
cus_463,pay_463,ord_463,1960.0,INR,card,failed,insufficient_funds,insufficient_funds,customer,payment_authentication,916,12,7,5,0.5833333333333334,1724.991505335,28971.098013970182,13,0,1,active,297,19,2,health,regular,0.6947239256366523,RETRY,REMINDER,0.6998732646684036,1,1960.0
cus_464,pay_464,ord_464,1430.0,INR,upi,failed,network_timeout,network_timeout,customer,payment_authentication,487,7,6,1,0.8571428571428571,1174.0732975854532,12517.148151505493,164,0,0,none,917,6,2,retail,new,0.9509095712417813,REMINDER,RETRY,0.9213749862976321,1,1430.0
cus_465,pay_465,ord_465,1180.0,INR,upi,failed,network_timeout,network_timeout,customer,payment_authentication,924,3,3,0,1.0,1269.5897778015908,7740.6824160435635,77,2,1,past_due,823,19,6,education,regular,1.0,NO_ACTION,REMINDER,0.7561272525988584,1,1180.0
cus_466,pay_466,ord_466,1110.0,INR,upi,failed,card_declined,card_declined,customer,payment_authentication,196,7,6,1,0.8571428571428571,968.0465409679862,13906.832272362366,116,1,2,active,432,13,3,education,new,0.22953342807616467,CUSTOMER_NOTIFICATION,NO_ACTION,0.24921899549749255,0,0.0
cus_467,pay_467,ord_467,2270.0,INR,wallet,failed,insufficient_funds,insufficient_funds,customer,payment_authentication,783,7,5,2,0.7142857142857143,1814.628545767392,32231.266757533245,50,1,0,active,539,18,6,retail,regular,0.5949295774963297,NO_ACTION,REMINDER,0.5770138358561503,0,0.0
cus_468,pay_468,ord_468,380.0,INR,card,failed,insufficient_funds,insufficient_funds,customer,payment_authentication,746,8,6,2,0.75,450.3207345145227,4833.272238588328,138,1,0,past_due,38,21,6,saas,regular,0.8447386092643493,REMINDER,REMINDER,0.671001108436517,1,380.0
cus_469,pay_469,ord_469,7810.0,INR,upi,failed,upi_error,upi_error,customer,payment_authentication,1154,5,2,3,0.4,8165.4695570214735,46684.60356140923,80,0,0,active,830,18,5,saas,regular,0.799683260618246,HUMAN_ESCALATION,RETRY,0.7442471613189728,1,7810.0
cus_470,pay_470,ord_470,860.0,INR,upi,failed,insufficient_funds,insufficient_funds,customer,payment_authentication,1363,3,2,1,0.6666666666666666,1045.1851457381983,4344.839928720943,92,1,0,none,51,16,5,health,new,0.31053311951951834,RETRY,NO_ACTION,0.47849958151023164,0,0.0
cus_471,pay_471,ord_471,3160.0,INR,upi,failed,insufficient_funds,insufficient_funds,customer,payment_authentication,1359,3,3,0,1.0,3693.5984507078833,15355.900246795592,49,0,1,none,711,4,0,education,regular,0.8133779874165992,RETRY,REMINDER,0.6414730956562263,0,0.0
cus_472,pay_472,ord_472,1960.0,INR,card,failed,expired_card,expired_card,customer,payment_authentication,513,8,5,3,0.625,1809.2593989930854,27660.799736105655,33,1,0,none,370,17,5,health,regular,0.6868245782806076,RETRY,ALTERNATIVE_PAYMENT_METHOD,0.6544120775155869,1,1960.0
cus_473,pay_473,ord_473,570.0,INR,card,failed,insufficient_funds,insufficient_funds,customer,payment_authentication,961,5,4,1,0.8,591.0914285506984,6635.1419775911,78,0,1,active,814,12,3,education,regular,0.27501384535850554,CUSTOMER_NOTIFICATION,REMINDER,0.5588096040933794,1,570.0
cus_474,pay_474,ord_474,6590.0,INR,card,failed,expired_card,expired_card,customer,payment_authentication,980,1,1,0,1.0,8515.57962405229,17068.28493620386,57,0,0,past_due,26,4,3,saas,new,0.7461983385879116,RETRY,ALTERNATIVE_PAYMENT_METHOD,0.7868942198228311,0,0.0
cus_475,pay_475,ord_475,5330.0,INR,card,failed,insufficient_funds,insufficient_funds,customer,payment_authentication,1265,9,5,4,0.5555555555555556,4875.961800861905,81575.48046732866,105,1,0,none,265,18,6,education,new,0.5233656617522717,REMINDER,REMINDER,0.5954050410679482,1,5330.0
cus_476,pay_476,ord_476,380.0,INR,upi,failed,network_timeout,network_timeout,customer,payment_authentication,1210,7,2,5,0.2857142857142857,320.6069021680028,2830.250329488673,106,0,0,active,651,21,1,health,regular,0.5525623609818654,HUMAN_ESCALATION,RETRY,0.600018459502359,1,380.0
cus_477,pay_477,ord_477,1680.0,INR,upi,failed,upi_error,upi_error,customer,payment_authentication,15,8,6,2,0.75,1340.4757554741561,21874.3036273555,64,2,1,active,700,14,1,education,new,0.6997792495956212,RETRY,REMINDER,0.7033003020554907,1,1680.0
cus_478,pay_478,ord_478,2220.0,INR,upi,failed,upi_error,upi_error,customer,payment_authentication,1201,5,4,1,0.8,2805.9811809941443,21937.201491662214,24,1,1,none,5,20,1,retail,regular,0.8363046404139449,NO_ACTION,RETRY,0.7640447047023851,1,2220.0
cus_479,pay_479,ord_479,230.0,INR,upi,failed,expired_card,expired_card,customer,payment_authentication,720,4,3,1,0.75,195.44198090223486,1946.7994888545616,37,2,0,none,77,12,0,education,new,0.6789731468643222,RETRY,ALTERNATIVE_PAYMENT_METHOD,0.5522538718385352,1,230.0
cus_480,pay_480,ord_480,220.0,INR,upi,failed,insufficient_funds,insufficient_funds,customer,payment_authentication,1425,6,5,1,0.8333333333333334,276.4460762628228,3027.198220452035,48,0,1,none,364,21,1,education,regular,0.8289605312487357,HUMAN_ESCALATION,REMINDER,0.698595865602381,1,220.0
cus_481,pay_481,ord_481,790.0,INR,card,failed,card_declined,card_declined,customer,payment_authentication,906,3,2,1,0.6666666666666666,833.52751904121,6268.910169716093,71,1,0,active,689,8,3,saas,regular,0.7857577648102144,HUMAN_ESCALATION,REMINDER,0.6254787414433898,1,790.0
cus_482,pay_482,ord_482,490.0,INR,upi,failed,network_timeout,network_timeout,customer,payment_authentication,581,6,6,0,1.0,516.4826085431605,4699.443620568316,135,1,0,none,631,0,2,retail,regular,0.6248963456010779,NO_ACTION,RETRY,0.6449058888219785,1,490.0
cus_483,pay_483,ord_483,640.0,INR,card,failed,expired_card,expired_card,customer,payment_authentication,302,6,5,1,0.8333333333333334,601.6856918823943,8148.119109470788,46,0,0,active,487,15,1,health,new,0.2938385070178963,ALTERNATIVE_PAYMENT_METHOD,ALTERNATIVE_PAYMENT_METHOD,0.5027840494542573,0,0.0
cus_484,pay_484,ord_484,490.0,INR,card,failed,card_declined,card_declined,customer,payment_authentication,1423,7,2,5,0.2857142857142857,459.4089560920435,6500.4011381166265,132,0,0,active,587,8,6,education,regular,0.18311662989769695,RETRY,NO_ACTION,0.43340475123103056,0,0.0
cus_485,pay_485,ord_485,1600.0,INR,upi,failed,network_timeout,network_timeout,customer,payment_authentication,241,7,3,4,0.42857142857142855,1427.9339838907217,17689.325641657604,11,0,1,none,335,0,5,health,vip,0.8726863440557426,CUSTOMER_NOTIFICATION,RETRY,0.7952774978830587,1,1600.0
cus_486,pay_486,ord_486,740.0,INR,upi,failed,card_declined,card_declined,customer,payment_authentication,136,11,10,1,0.9090909090909091,841.8637507174961,6563.110031074569,117,0,0,past_due,571,12,1,education,regular,0.7197700859287823,NO_ACTION,REMINDER,0.7257733645768112,1,740.0
cus_487,pay_487,ord_487,5510.0,INR,card,failed,network_timeout,network_timeout,customer,payment_authentication,205,7,2,5,0.2857142857142857,6299.3275605151,86842.9657719,114,0,1,active,696,0,6,saas,regular,0.7593828803906613,HUMAN_ESCALATION,RETRY,0.6096512828132415,1,5510.0
cus_488,pay_488,ord_488,2170.0,INR,upi,failed,temporary_bank_failure,temporary_bank_failure,customer,payment_authentication,827,6,3,3,0.5,2210.6538204586564,29693.327745537506,142,1,2,none,211,12,4,education,new,0.8065505059423148,CUSTOMER_NOTIFICATION,RETRY,0.7601849153967465,1,2170.0
cus_489,pay_489,ord_489,4000.0,INR,upi,failed,expired_card,expired_card,customer,payment_authentication,427,5,5,0,1.0,3877.44740690738,32966.04769235464,114,1,0,active,6,10,3,education,regular,0.3760047705165216,ALTERNATIVE_PAYMENT_METHOD,ALTERNATIVE_PAYMENT_METHOD,0.5514346477992179,1,4000.0
cus_490,pay_490,ord_490,330.0,INR,upi,failed,card_declined,card_declined,customer,payment_authentication,871,6,3,3,0.5,356.85418759351455,2651.3430148710304,56,0,1,active,287,6,2,education,new,0.5191577392853597,REMINDER,REMINDER,0.5795972105957241,0,0.0
cus_491,pay_491,ord_491,960.0,INR,upi,failed,temporary_bank_failure,temporary_bank_failure,customer,payment_authentication,1235,8,3,5,0.375,955.0510550349691,7303.566242424769,57,0,2,active,771,13,5,health,new,0.7391098176363362,RETRY,RETRY,0.6963048327592307,1,960.0
cus_492,pay_492,ord_492,2070.0,INR,upi,failed,network_timeout,network_timeout,customer,payment_authentication,437,4,3,1,0.75,2472.616306391846,7986.8135123088005,145,1,0,none,839,9,3,retail,regular,0.546544004067605,RETRY,RETRY,0.6578905222449645,1,2070.0
cus_493,pay_493,ord_493,2840.0,INR,card,failed,card_declined,card_declined,customer,payment_authentication,42,9,5,4,0.5555555555555556,2099.015466125545,49541.74665475734,172,0,0,none,535,7,5,education,new,0.673261814545137,NO_ACTION,NO_ACTION,0.5227472365485076,0,0.0
cus_494,pay_494,ord_494,950.0,INR,netbanking,failed,temporary_bank_failure,temporary_bank_failure,customer,payment_authentication,539,4,3,1,0.75,1179.4869801535658,5853.290341283656,91,1,0,past_due,855,1,3,health,regular,0.6539945349398724,NO_ACTION,RETRY,0.6980477376880265,1,950.0
cus_495,pay_495,ord_495,1100.0,INR,upi,failed,network_timeout,network_timeout,customer,payment_authentication,904,7,5,2,0.7142857142857143,1116.1679107010373,12598.784906128243,142,0,0,active,430,16,4,education,vip,0.7528409747016704,CUSTOMER_NOTIFICATION,RETRY,0.7850270336329346,0,0.0
cus_496,pay_496,ord_496,1220.0,INR,upi,failed,card_declined,card_declined,customer,payment_authentication,1092,5,3,2,0.6,1226.7453407707865,7992.85334131353,177,1,2,none,724,1,5,saas,regular,0.12760960652597106,ALTERNATIVE_PAYMENT_METHOD,NO_ACTION,0.28804268169170133,0,0.0
cus_497,pay_497,ord_497,1340.0,INR,upi,failed,network_timeout,network_timeout,customer,payment_authentication,103,7,5,2,0.7142857142857143,1252.3451320523457,16060.642328294529,162,2,0,none,529,22,0,health,new,0.9008526495585563,REMINDER,REMINDER,0.6970724512391427,1,1340.0
cus_498,pay_498,ord_498,15740.0,INR,card,failed,insufficient_funds,insufficient_funds,customer,payment_authentication,1317,5,4,1,0.8,16044.88768993352,159263.6057320521,6,0,0,none,0,20,0,saas,new,0.8343707006912489,NO_ACTION,REMINDER,0.8539186458174478,0,0.0
cus_499,pay_499,ord_499,2470.0,INR,upi,failed,network_timeout,network_timeout,customer,payment_authentication,890,7,5,2,0.7142857142857143,2055.5253261718944,36768.62399854143,84,0,1,past_due,271,3,5,health,regular,0.9082142341302002,HUMAN_ESCALATION,RETRY,0.8791568380865049,1,2470.0
cus_500,pay_500,ord_500,1880.0,INR,upi,failed,insufficient_funds,insufficient_funds,customer,payment_authentication,722,3,1,2,0.3333333333333333,1876.9760132408485,10113.720365186218,108,1,0,past_due,671,8,2,education,regular,0.32842164936058793,RETRY,NO_ACTION,0.4057037489311022,0,0.0
cus_501,pay_501,ord_501,510.0,INR,netbanking,failed,card_declined,card_declined,customer,payment_authentication,379,6,3,3,0.5,478.85700069485887,3892.1581837555614,94,0,1,none,617,11,5,education,regular,0.3722941567982173,ALTERNATIVE_PAYMENT_METHOD,NO_ACTION,0.4117623564983258,0,0.0
cus_502,pay_502,ord_502,530.0,INR,wallet,failed,temporary_bank_failure,temporary_bank_failure,customer,payment_authentication,1438,7,6,1,0.8571428571428571,464.48869840266957,3391.3542407044883,105,2,1,active,737,13,2,health,vip,0.6522412078455239,ALTERNATIVE_PAYMENT_METHOD,REMINDER,0.6214862718755625,1,530.0
cus_503,pay_503,ord_503,1460.0,INR,upi,failed,card_declined,card_declined,customer,payment_authentication,236,6,5,1,0.8333333333333334,1207.8817229454414,18500.42033791222,124,1,1,none,228,22,0,retail,vip,0.5880560781397666,HUMAN_ESCALATION,NO_ACTION,0.5446875428315741,0,0.0
cus_504,pay_504,ord_504,5600.0,INR,upi,failed,card_declined,card_declined,customer,payment_authentication,673,12,11,1,0.9166666666666666,6810.313869663716,131741.64927138505,41,1,0,past_due,183,0,3,saas,regular,0.7509395996006443,HUMAN_ESCALATION,REMINDER,0.6933246425323973,1,5600.0
cus_505,pay_505,ord_505,1480.0,INR,netbanking,failed,expired_card,expired_card,customer,payment_authentication,699,9,6,3,0.6666666666666666,1790.9553324560925,17159.107160181935,105,0,1,active,927,22,6,health,new,0.8381295745756223,HUMAN_ESCALATION,ALTERNATIVE_PAYMENT_METHOD,0.7370203955316649,0,0.0
cus_506,pay_506,ord_506,1550.0,INR,card,failed,expired_card,expired_card,customer,payment_authentication,820,5,4,1,0.8,1536.1598295228798,9015.777909971155,120,0,2,active,366,15,6,education,new,0.6786609947360427,HUMAN_ESCALATION,ALTERNATIVE_PAYMENT_METHOD,0.609339405606007,1,1550.0
cus_507,pay_507,ord_507,860.0,INR,netbanking,failed,network_timeout,network_timeout,customer,payment_authentication,347,11,6,5,0.5454545454545454,721.4341777150987,16258.203334981901,120,0,2,none,779,11,3,health,new,0.513786960526589,REMINDER,RETRY,0.459242836612544,0,0.0
cus_508,pay_508,ord_508,320.0,INR,upi,failed,card_declined,card_declined,customer,payment_authentication,1415,7,5,2,0.7142857142857143,310.4721668018562,4310.162916212417,105,0,2,none,56,7,4,retail,regular,0.6224008818356345,ALTERNATIVE_PAYMENT_METHOD,REMINDER,0.6881890003988376,1,320.0
cus_509,pay_509,ord_509,2800.0,INR,card,failed,insufficient_funds,insufficient_funds,customer,payment_authentication,568,7,5,2,0.7142857142857143,3515.0762295803743,36699.455885853546,77,1,1,active,883,18,5,saas,regular,0.5911467261457999,HUMAN_ESCALATION,REMINDER,0.6137135613339876,1,2800.0
cus_510,pay_510,ord_510,1400.0,INR,card,failed,upi_error,upi_error,customer,payment_authentication,1068,7,4,3,0.5714285714285714,1634.6943299138109,8877.873703289926,64,1,1,active,863,0,2,saas,regular,0.5335451611353001,REMINDER,RETRY,0.6562981404646865,1,1400.0
cus_511,pay_511,ord_511,2820.0,INR,netbanking,failed,card_declined,card_declined,customer,payment_authentication,949,6,5,1,0.8333333333333334,3340.392506343249,39075.27938522041,23,0,0,active,715,4,4,education,regular,0.46276448190527353,CUSTOMER_NOTIFICATION,NO_ACTION,0.5127453176315045,0,0.0
cus_512,pay_512,ord_512,2110.0,INR,card,failed,upi_error,upi_error,customer,payment_authentication,305,12,11,1,0.9166666666666666,2366.672421257666,38618.04896608437,136,1,0,none,290,20,6,saas,new,0.727565554366106,HUMAN_ESCALATION,RETRY,0.6848745742925736,1,2110.0
cus_513,pay_513,ord_513,690.0,INR,card,failed,upi_error,upi_error,customer,payment_authentication,1404,5,5,0,1.0,782.7409469681588,6172.1164963289475,146,0,1,active,80,19,5,education,regular,0.7884232878277552,HUMAN_ESCALATION,RETRY,0.748312875257385,1,690.0
cus_514,pay_514,ord_514,2270.0,INR,card,failed,upi_error,upi_error,customer,payment_authentication,690,3,2,1,0.6666666666666666,1792.7928934619322,6891.005859189886,177,0,0,past_due,209,10,3,saas,new,0.7327714543404836,ALTERNATIVE_PAYMENT_METHOD,RETRY,0.6665058746162765,1,2270.0
cus_515,pay_515,ord_515,500.0,INR,card,failed,network_timeout,network_timeout,customer,payment_authentication,927,3,1,2,0.3333333333333333,454.0539534671906,1430.6888250690647,69,0,1,none,521,23,0,saas,regular,0.6574472095300035,ALTERNATIVE_PAYMENT_METHOD,RETRY,0.5103227036809962,1,500.0
cus_516,pay_516,ord_516,2250.0,INR,card,failed,card_declined,card_declined,customer,payment_authentication,969,8,7,1,0.875,2698.148003554324,17500.72719087551,38,2,1,active,953,9,4,retail,new,0.163836866107433,CUSTOMER_NOTIFICATION,NO_ACTION,0.2951688769219262,0,0.0
cus_517,pay_517,ord_517,1700.0,INR,upi,failed,temporary_bank_failure,temporary_bank_failure,customer,payment_authentication,761,4,2,2,0.5,1370.8190186245522,10270.319427995622,109,1,1,none,703,7,4,health,regular,0.6791356476890518,RETRY,RETRY,0.8658281896130693,1,1700.0
cus_518,pay_518,ord_518,8440.0,INR,card,failed,expired_card,expired_card,customer,payment_authentication,957,5,5,0,1.0,6288.610552882501,97644.3765871584,108,2,0,active,478,3,3,saas,regular,0.7699222296575001,HUMAN_ESCALATION,ALTERNATIVE_PAYMENT_METHOD,0.7962199102977334,1,8440.0
cus_519,pay_519,ord_519,760.0,INR,netbanking,failed,network_timeout,network_timeout,customer,payment_authentication,835,5,4,1,0.8,917.9627478706369,7507.712038575943,66,0,1,none,617,5,2,health,new,0.9598439098301004,RETRY,RETRY,0.8123773227693991,1,760.0
cus_520,pay_520,ord_520,480.0,INR,netbanking,failed,expired_card,expired_card,customer,payment_authentication,1111,7,5,2,0.7142857142857143,560.8570970318538,7676.149669613924,61,2,0,past_due,738,5,3,health,regular,0.5213715122588571,HUMAN_ESCALATION,ALTERNATIVE_PAYMENT_METHOD,0.3771777229490237,0,0.0
cus_521,pay_521,ord_521,1200.0,INR,card,failed,network_timeout,network_timeout,customer,payment_authentication,708,9,5,4,0.5555555555555556,953.8541541510899,19006.042617231597,86,0,1,none,684,2,2,saas,new,0.9253565140323764,HUMAN_ESCALATION,RETRY,0.9054980486335366,1,1200.0
cus_522,pay_522,ord_522,3320.0,INR,card,failed,temporary_bank_failure,temporary_bank_failure,customer,payment_authentication,1218,5,2,3,0.4,3376.01549971716,16527.366058679003,76,1,0,active,106,23,0,retail,regular,0.7816214345158083,CUSTOMER_NOTIFICATION,RETRY,0.8101407013326122,1,3320.0
cus_523,pay_523,ord_523,110.0,INR,upi,failed,insufficient_funds,insufficient_funds,customer,payment_authentication,844,6,4,2,0.6666666666666666,79.75218999881567,1234.1908290614133,115,0,1,none,535,10,0,education,regular,0.4187910574577218,REMINDER,NO_ACTION,0.39263534092138125,0,0.0
cus_524,pay_524,ord_524,4340.0,INR,card,failed,expired_card,expired_card,customer,payment_authentication,1497,3,2,1,0.6666666666666666,3424.7463852441147,26625.537637807847,130,0,1,none,899,23,2,retail,new,0.7709281787529064,ALTERNATIVE_PAYMENT_METHOD,ALTERNATIVE_PAYMENT_METHOD,0.6588925636215671,1,4340.0
cus_525,pay_525,ord_525,1470.0,INR,card,failed,insufficient_funds,insufficient_funds,customer,payment_authentication,855,5,5,0,1.0,1255.9069921044668,16336.418990478463,104,1,2,active,633,7,3,saas,regular,0.5147267454491543,CUSTOMER_NOTIFICATION,REMINDER,0.5926527787727782,0,0.0
cus_526,pay_526,ord_526,580.0,INR,wallet,failed,temporary_bank_failure,temporary_bank_failure,customer,payment_authentication,885,0,0,0,0.0,650.994274072348,816.3600504388163,123,1,0,none,378,21,0,education,new,0.25557707447009004,NO_ACTION,RETRY,0.31267373925071146,0,0.0
cus_527,pay_527,ord_527,1250.0,INR,wallet,failed,temporary_bank_failure,temporary_bank_failure,customer,payment_authentication,738,11,9,2,0.8181818181818182,1103.7049625538152,15288.682164286512,25,0,1,active,560,11,5,saas,regular,0.7990718680044684,NO_ACTION,RETRY,0.7895144501661194,1,1250.0
cus_528,pay_528,ord_528,860.0,INR,netbanking,failed,network_timeout,network_timeout,customer,payment_authentication,596,3,1,2,0.3333333333333333,1020.2072625688527,5684.710826594688,56,0,0,none,719,5,0,saas,new,0.7311696762126844,RETRY,RETRY,0.6192306716700737,1,860.0
cus_529,pay_529,ord_529,530.0,INR,card,failed,expired_card,expired_card,customer,payment_authentication,1182,2,1,1,0.5,378.4870289808676,2670.2857229358337,42,3,0,none,78,12,1,saas,new,0.3081463774475443,NO_ACTION,ALTERNATIVE_PAYMENT_METHOD,0.2246148288292217,1,530.0
cus_530,pay_530,ord_530,260.0,INR,upi,failed,temporary_bank_failure,temporary_bank_failure,customer,payment_authentication,952,3,3,0,1.0,182.67463727050261,1423.206307612486,143,1,0,none,183,5,6,health,new,0.5494727331022509,HUMAN_ESCALATION,RETRY,0.7464896326951762,0,0.0
cus_531,pay_531,ord_531,3750.0,INR,upi,failed,temporary_bank_failure,temporary_bank_failure,customer,payment_authentication,586,9,7,2,0.7777777777777778,3299.5411104919876,30872.78666439034,31,0,1,active,585,20,1,education,regular,1.0,NO_ACTION,RETRY,0.9186840044285852,1,3750.0
cus_532,pay_532,ord_532,1030.0,INR,card,failed,expired_card,expired_card,customer,payment_authentication,1210,5,5,0,1.0,1172.7264294618783,7650.272513893016,156,1,2,active,92,7,1,health,new,0.4596121143291567,ALTERNATIVE_PAYMENT_METHOD,ALTERNATIVE_PAYMENT_METHOD,0.46105108888948343,0,0.0
cus_533,pay_533,ord_533,1220.0,INR,upi,failed,temporary_bank_failure,temporary_bank_failure,customer,payment_authentication,163,7,4,3,0.5714285714285714,1550.5273876828405,17488.942631228438,103,1,1,none,465,21,6,health,regular,0.8479254668604647,HUMAN_ESCALATION,RETRY,0.7842710078328112,1,1220.0
cus_534,pay_534,ord_534,4210.0,INR,card,failed,card_declined,card_declined,customer,payment_authentication,94,5,4,1,0.8,3743.8063738784226,27652.614147278902,31,0,0,none,760,17,0,saas,new,0.4797361051075758,RETRY,NO_ACTION,0.501296636659441,0,0.0
cus_535,pay_535,ord_535,1910.0,INR,card,failed,network_timeout,network_timeout,customer,payment_authentication,964,9,4,5,0.4444444444444444,1975.2220375356453,31536.94982204406,71,0,0,past_due,504,10,1,education,new,0.8089774367090066,CUSTOMER_NOTIFICATION,RETRY,0.7590436945118961,1,1910.0
cus_536,pay_536,ord_536,380.0,INR,upi,failed,temporary_bank_failure,temporary_bank_failure,customer,payment_authentication,687,7,5,2,0.7142857142857143,275.42763317036287,3129.8693954347814,9,0,0,active,804,11,3,retail,new,0.8508280835419404,ALTERNATIVE_PAYMENT_METHOD,RETRY,0.8461723436226217,1,380.0
cus_537,pay_537,ord_537,3540.0,INR,card,failed,card_declined,card_declined,customer,payment_authentication,1194,8,5,3,0.625,2480.6799007980235,35916.45283585792,44,0,0,past_due,74,18,2,retail,regular,0.6475933928829214,REMINDER,REMINDER,0.7020183249857773,1,3540.0
cus_538,pay_538,ord_538,7970.0,INR,card,failed,temporary_bank_failure,temporary_bank_failure,customer,payment_authentication,996,7,6,1,0.8571428571428571,5654.357236690721,72569.13844047845,108,0,1,active,462,0,4,retail,regular,0.7495964782151332,REMINDER,RETRY,0.8254551321904378,1,7970.0
cus_539,pay_539,ord_539,2990.0,INR,netbanking,failed,insufficient_funds,insufficient_funds,customer,payment_authentication,1170,7,6,1,0.8571428571428571,2267.604861973814,20958.591941632043,7,0,0,past_due,903,13,6,saas,new,0.6972951856893046,RETRY,REMINDER,0.7164419131584323,0,0.0
cus_540,pay_540,ord_540,760.0,INR,wallet,failed,network_timeout,network_timeout,customer,payment_authentication,398,9,7,2,0.7777777777777778,930.7028213692786,8789.504990153324,94,0,1,active,600,16,3,education,new,0.783585246901034,CUSTOMER_NOTIFICATION,RETRY,0.913036753350637,1,760.0
cus_541,pay_541,ord_541,410.0,INR,upi,failed,expired_card,expired_card,customer,payment_authentication,378,8,7,1,0.875,444.7826829928263,6054.187042350049,138,0,0,none,838,17,2,saas,regular,0.5004968178008374,REMINDER,ALTERNATIVE_PAYMENT_METHOD,0.544766490034918,0,0.0
cus_542,pay_542,ord_542,730.0,INR,netbanking,failed,network_timeout,network_timeout,customer,payment_authentication,377,7,3,4,0.42857142857142855,904.4606958677497,7134.747522167387,43,0,0,none,402,21,2,saas,vip,0.7159247566171374,RETRY,RETRY,0.7480845969081225,1,730.0
cus_543,pay_543,ord_543,2000.0,INR,wallet,failed,temporary_bank_failure,temporary_bank_failure,customer,payment_authentication,970,7,4,3,0.5714285714285714,2401.877369246178,17434.50758641299,9,1,0,active,50,16,2,saas,vip,0.8876281621613009,REMINDER,RETRY,0.783979547083919,1,2000.0
cus_544,pay_544,ord_544,7530.0,INR,card,failed,insufficient_funds,insufficient_funds,customer,payment_authentication,1011,7,6,1,0.8571428571428571,8727.687361450266,97041.98476718944,112,1,0,past_due,304,10,4,education,regular,0.6502508935342821,HUMAN_ESCALATION,REMINDER,0.5839158937282914,0,0.0
cus_545,pay_545,ord_545,850.0,INR,upi,failed,expired_card,expired_card,customer,payment_authentication,1497,8,6,2,0.75,775.3892102808984,10481.436520814805,68,0,1,past_due,899,19,0,education,new,1.0,CUSTOMER_NOTIFICATION,ALTERNATIVE_PAYMENT_METHOD,0.8309426442322225,1,850.0
cus_546,pay_546,ord_546,940.0,INR,card,failed,expired_card,expired_card,customer,payment_authentication,326,11,8,3,0.7272727272727273,733.5846072502225,14287.52705842816,73,2,1,active,220,4,1,health,new,0.5611924321838879,REMINDER,ALTERNATIVE_PAYMENT_METHOD,0.7289639955866182,1,940.0
cus_547,pay_547,ord_547,5020.0,INR,card,failed,upi_error,upi_error,customer,payment_authentication,157,9,6,3,0.6666666666666666,3825.3324929188957,87097.13774359529,82,0,1,active,843,3,5,health,new,0.8761232059358969,CUSTOMER_NOTIFICATION,RETRY,0.9017869229589938,1,5020.0
cus_548,pay_548,ord_548,1170.0,INR,netbanking,failed,temporary_bank_failure,temporary_bank_failure,customer,payment_authentication,1437,6,6,0,1.0,836.5587899458626,9799.567276809748,105,0,0,active,635,0,3,saas,regular,1.0,REMINDER,RETRY,0.9122010740139145,1,1170.0
cus_549,pay_549,ord_549,10040.0,INR,upi,failed,network_timeout,network_timeout,customer,payment_authentication,784,7,6,1,0.8571428571428571,8098.915869352567,113062.62074789322,81,0,0,active,776,19,5,health,regular,0.6988792884006035,NO_ACTION,RETRY,0.6714327471410022,0,0.0
cus_550,pay_550,ord_550,1560.0,INR,upi,failed,network_timeout,network_timeout,customer,payment_authentication,550,7,7,0,1.0,1109.9138248553056,9251.515065139267,54,0,0,none,947,7,5,retail,new,0.6596233957315751,RETRY,RETRY,0.6814267038211689,1,1560.0
cus_551,pay_551,ord_551,5810.0,INR,card,failed,expired_card,expired_card,customer,payment_authentication,458,8,4,4,0.5,6464.685206579875,59675.492348750355,24,1,1,active,930,5,1,saas,new,0.38529445455374495,ALTERNATIVE_PAYMENT_METHOD,ALTERNATIVE_PAYMENT_METHOD,0.47854027841169655,1,5810.0
cus_552,pay_552,ord_552,2650.0,INR,card,failed,insufficient_funds,insufficient_funds,customer,payment_authentication,1325,8,6,2,0.75,2473.2646517496705,24040.187888847733,177,0,1,none,506,4,2,health,vip,0.6135997448311064,CUSTOMER_NOTIFICATION,NO_ACTION,0.5441713305613061,0,0.0
cus_553,pay_553,ord_553,3670.0,INR,wallet,failed,expired_card,expired_card,customer,payment_authentication,1187,6,4,2,0.6666666666666666,3731.999532015728,47564.38459483867,127,0,2,active,659,16,4,saas,new,0.7508332751453034,NO_ACTION,ALTERNATIVE_PAYMENT_METHOD,0.7321858116838217,0,0.0
cus_554,pay_554,ord_554,1510.0,INR,card,failed,insufficient_funds,insufficient_funds,customer,payment_authentication,263,5,2,3,0.4,1490.8353106181364,6589.9582703412,119,0,0,past_due,112,11,4,retail,new,0.0868833936580285,RETRY,NO_ACTION,0.12068799934958706,0,0.0
cus_555,pay_555,ord_555,1620.0,INR,card,failed,network_timeout,network_timeout,customer,payment_authentication,487,6,5,1,0.8333333333333334,1409.4956083830116,18258.069155263678,40,0,1,active,122,23,0,education,new,0.9690383733359588,HUMAN_ESCALATION,RETRY,0.8681891928389447,1,1620.0
cus_556,pay_556,ord_556,2750.0,INR,card,failed,expired_card,expired_card,customer,payment_authentication,1305,4,4,0,1.0,2113.9760198147987,23142.054889294406,3,0,1,none,925,16,3,health,regular,0.9262670101099797,REMINDER,ALTERNATIVE_PAYMENT_METHOD,0.7024266660696729,1,2750.0
cus_557,pay_557,ord_557,4020.0,INR,upi,failed,upi_error,upi_error,customer,payment_authentication,1100,9,7,2,0.7777777777777778,4122.01448015685,45516.515800686626,113,1,0,none,159,14,1,education,new,0.5980546475199883,HUMAN_ESCALATION,RETRY,0.6868994950946955,0,0.0
cus_558,pay_558,ord_558,3060.0,INR,upi,failed,card_declined,card_declined,customer,payment_authentication,1222,6,4,2,0.6666666666666666,3727.8351929067157,22153.154314791336,162,0,0,active,51,4,3,saas,regular,0.9044915390193081,RETRY,REMINDER,0.8461697546885366,1,3060.0
cus_559,pay_559,ord_559,310.0,INR,upi,failed,expired_card,expired_card,customer,payment_authentication,241,5,4,1,0.8,356.44478828156457,1700.5702848754993,68,0,0,none,71,21,5,saas,regular,0.5334895469410396,REMINDER,ALTERNATIVE_PAYMENT_METHOD,0.5196348963571047,0,0.0
cus_560,pay_560,ord_560,2340.0,INR,card,failed,card_declined,card_declined,customer,payment_authentication,869,8,7,1,0.875,2945.786226689996,22328.556408338303,21,1,0,active,15,7,1,education,vip,0.39866072611665837,NO_ACTION,NO_ACTION,0.3337097052099915,0,0.0
cus_561,pay_561,ord_561,940.0,INR,card,failed,expired_card,expired_card,customer,payment_authentication,101,7,7,0,1.0,858.7713624119931,14198.679454094874,93,1,0,none,419,19,6,health,new,0.8148901783926907,CUSTOMER_NOTIFICATION,ALTERNATIVE_PAYMENT_METHOD,0.6828374098638014,1,940.0
cus_562,pay_562,ord_562,1050.0,INR,netbanking,failed,upi_error,upi_error,customer,payment_authentication,676,7,4,3,0.5714285714285714,1267.7941605824335,6353.24001029854,177,0,1,active,84,0,2,saas,regular,0.9043982899606535,RETRY,RETRY,0.7621820999641992,1,1050.0
cus_563,pay_563,ord_563,2860.0,INR,upi,failed,temporary_bank_failure,temporary_bank_failure,customer,payment_authentication,157,7,4,3,0.5714285714285714,3241.9228513829703,29600.54163064161,81,1,0,active,163,16,5,education,regular,0.6048803229508448,CUSTOMER_NOTIFICATION,RETRY,0.6547233231069969,1,2860.0
cus_564,pay_564,ord_564,9880.0,INR,upi,failed,upi_error,upi_error,customer,payment_authentication,403,9,8,1,0.8888888888888888,12506.130395000637,103117.10943540298,60,0,1,past_due,880,18,1,health,regular,0.801784782873574,HUMAN_ESCALATION,RETRY,0.9676377819010198,1,9880.0
cus_565,pay_565,ord_565,1430.0,INR,upi,failed,network_timeout,network_timeout,customer,payment_authentication,391,6,3,3,0.5,1247.901476784143,16062.368539260055,171,1,1,active,34,1,5,education,regular,0.6537522432867683,HUMAN_ESCALATION,RETRY,0.6631139173176611,0,0.0
cus_566,pay_566,ord_566,13000.0,INR,netbanking,failed,network_timeout,network_timeout,customer,payment_authentication,283,4,3,1,0.75,15368.316357265612,73714.76473519078,43,0,0,active,116,16,5,retail,regular,0.8968445190967622,REMINDER,RETRY,0.9056016714008338,1,13000.0
cus_567,pay_567,ord_567,600.0,INR,card,failed,expired_card,expired_card,customer,payment_authentication,1274,7,7,0,1.0,602.9369133451687,5518.79852023618,62,2,1,active,516,0,4,health,regular,0.2515677539231882,CUSTOMER_NOTIFICATION,ALTERNATIVE_PAYMENT_METHOD,0.5268337600073153,0,0.0
cus_568,pay_568,ord_568,6200.0,INR,card,failed,network_timeout,network_timeout,customer,payment_authentication,557,8,6,2,0.75,5964.674067528428,43288.68896491565,43,1,0,none,206,12,6,saas,new,0.9726904105803091,RETRY,RETRY,0.8713781693497756,1,6200.0
cus_569,pay_569,ord_569,2780.0,INR,upi,failed,insufficient_funds,insufficient_funds,customer,payment_authentication,226,6,4,2,0.6666666666666666,2722.8789108333863,36655.741130679766,27,1,0,none,307,21,0,retail,vip,0.4270206505314231,NO_ACTION,NO_ACTION,0.47952578252415906,0,0.0
cus_570,pay_570,ord_570,2230.0,INR,card,failed,network_timeout,network_timeout,customer,payment_authentication,1482,9,6,3,0.6666666666666666,2139.797112988318,30730.816459701113,159,0,1,active,464,9,6,saas,new,0.6475723239522755,REMINDER,RETRY,0.6527365835024262,1,2230.0
cus_571,pay_571,ord_571,7210.0,INR,netbanking,failed,temporary_bank_failure,temporary_bank_failure,customer,payment_authentication,51,10,7,3,0.7,8841.188055537848,62629.73843018546,64,1,0,none,198,16,3,education,new,0.7714554071586404,REMINDER,RETRY,0.8285357190659733,1,7210.0
cus_572,pay_572,ord_572,960.0,INR,upi,failed,insufficient_funds,insufficient_funds,customer,payment_authentication,223,9,7,2,0.7777777777777778,1215.9819357597007,16101.512556320888,143,1,0,none,729,4,1,health,new,0.5664099693429241,HUMAN_ESCALATION,REMINDER,0.5871613290982811,0,0.0
cus_573,pay_573,ord_573,6490.0,INR,netbanking,failed,insufficient_funds,insufficient_funds,customer,payment_authentication,1280,9,7,2,0.7777777777777778,7124.689900297357,111241.43781514381,89,1,0,none,701,13,4,health,regular,0.8612876903174199,RETRY,REMINDER,0.7336612844229079,0,0.0
cus_574,pay_574,ord_574,1470.0,INR,netbanking,failed,insufficient_funds,insufficient_funds,customer,payment_authentication,677,8,6,2,0.75,1199.0302825567376,17192.144358604666,131,0,1,none,17,11,3,saas,regular,0.5449461633470742,RETRY,NO_ACTION,0.5365138720670654,0,0.0
cus_575,pay_575,ord_575,950.0,INR,upi,failed,insufficient_funds,insufficient_funds,customer,payment_authentication,562,7,5,2,0.7142857142857143,904.6913902811248,14993.78724869914,11,0,1,active,573,0,5,health,new,0.8983805249528564,HUMAN_ESCALATION,REMINDER,0.6862289637379819,1,950.0
cus_576,pay_576,ord_576,480.0,INR,wallet,failed,network_timeout,network_timeout,customer,payment_authentication,458,7,5,2,0.7142857142857143,438.41067019543783,3816.1924104778905,102,0,1,active,333,20,5,education,regular,0.5674348169210496,RETRY,RETRY,0.5045266201714893,0,0.0
cus_577,pay_577,ord_577,8830.0,INR,upi,failed,insufficient_funds,insufficient_funds,customer,payment_authentication,883,12,9,3,0.75,9735.881349716945,206332.5218657711,165,1,1,none,551,2,4,saas,vip,0.6331328609736051,NO_ACTION,REMINDER,0.5629928959690844,1,8830.0
cus_578,pay_578,ord_578,5660.0,INR,netbanking,failed,network_timeout,network_timeout,customer,payment_authentication,538,9,8,1,0.8888888888888888,4200.890618920516,101900.41157547495,177,1,1,none,655,1,5,saas,regular,0.7085447568008307,HUMAN_ESCALATION,RETRY,0.728966116307104,1,5660.0
cus_579,pay_579,ord_579,1120.0,INR,card,failed,temporary_bank_failure,temporary_bank_failure,customer,payment_authentication,126,8,7,1,0.875,1223.574341518736,13886.151959394594,35,0,2,none,353,16,2,saas,new,0.8546782585706002,REMINDER,RETRY,0.8606802994922328,1,1120.0
cus_580,pay_580,ord_580,3120.0,INR,upi,failed,network_timeout,network_timeout,customer,payment_authentication,1445,9,8,1,0.8888888888888888,3057.8617388260705,43746.77571184935,137,0,0,past_due,608,19,1,retail,regular,0.9058696086283288,RETRY,RETRY,0.8026239908356723,1,3120.0
cus_581,pay_581,ord_581,2050.0,INR,upi,failed,network_timeout,network_timeout,customer,payment_authentication,1361,11,8,3,0.7272727272727273,1756.084673417655,20810.67757325732,167,2,1,none,755,5,4,education,regular,0.5232568732021615,RETRY,NO_ACTION,0.4045368626576826,0,0.0
cus_582,pay_582,ord_582,1270.0,INR,card,failed,insufficient_funds,insufficient_funds,customer,payment_authentication,265,7,5,2,0.7142857142857143,937.4053522192647,8871.47524257836,132,0,0,none,803,16,1,retail,new,0.5301941894158618,CUSTOMER_NOTIFICATION,NO_ACTION,0.5035519385978772,0,0.0
cus_583,pay_583,ord_583,4740.0,INR,card,failed,network_timeout,network_timeout,customer,payment_authentication,757,6,4,2,0.6666666666666666,3468.667876454911,41462.37416550646,72,0,0,none,152,8,5,saas,new,0.909361700781882,CUSTOMER_NOTIFICATION,RETRY,0.8536810606949494,1,4740.0
cus_584,pay_584,ord_584,970.0,INR,wallet,failed,upi_error,upi_error,customer,payment_authentication,680,4,4,0,1.0,1198.248192331532,9183.634923852745,23,0,1,active,554,18,6,retail,regular,0.8319175589741412,ALTERNATIVE_PAYMENT_METHOD,RETRY,0.8459189657882503,1,970.0
cus_585,pay_585,ord_585,200.0,INR,upi,failed,network_timeout,network_timeout,customer,payment_authentication,135,12,9,3,0.75,209.20726940490363,2545.0948719180974,99,1,0,none,444,19,3,education,regular,0.5590556804387354,HUMAN_ESCALATION,RETRY,0.5370563366391873,0,0.0
cus_586,pay_586,ord_586,2340.0,INR,card,failed,insufficient_funds,insufficient_funds,customer,payment_authentication,598,9,8,1,0.8888888888888888,2412.4179836574986,30829.597684202112,4,1,0,active,900,13,5,retail,new,0.7361663770662813,CUSTOMER_NOTIFICATION,REMINDER,0.7274441587625395,0,0.0
cus_587,pay_587,ord_587,1930.0,INR,card,failed,expired_card,expired_card,customer,payment_authentication,951,9,8,1,0.8888888888888888,1371.2669773172827,15121.882127431923,122,0,1,none,387,7,2,health,regular,0.8560637826099908,CUSTOMER_NOTIFICATION,ALTERNATIVE_PAYMENT_METHOD,0.8521141526722035,1,1930.0
cus_588,pay_588,ord_588,1000.0,INR,card,failed,network_timeout,network_timeout,customer,payment_authentication,157,10,6,4,0.6,1162.5963225206315,11979.039851386593,73,0,0,none,235,8,6,health,vip,0.9393620457248771,RETRY,RETRY,0.8391798796208072,0,0.0
cus_589,pay_589,ord_589,740.0,INR,card,failed,insufficient_funds,insufficient_funds,customer,payment_authentication,548,4,4,0,1.0,611.5183478283267,4379.345136466092,11,0,2,past_due,796,12,0,saas,regular,0.30565849986206645,REMINDER,NO_ACTION,0.3106655664364796,0,0.0
cus_590,pay_590,ord_590,380.0,INR,wallet,failed,network_timeout,network_timeout,customer,payment_authentication,377,9,8,1,0.8888888888888888,353.41607239613677,7416.629141988602,126,2,2,none,392,4,6,education,regular,0.6121000653694129,REMINDER,REMINDER,0.6750075128224703,0,0.0
cus_591,pay_591,ord_591,1260.0,INR,upi,failed,insufficient_funds,insufficient_funds,customer,payment_authentication,530,10,8,2,0.8,1370.8324830053562,13180.18369455956,74,0,0,active,186,1,3,saas,regular,0.5920215680104927,ALTERNATIVE_PAYMENT_METHOD,REMINDER,0.618960847913006,0,0.0
cus_592,pay_592,ord_592,750.0,INR,card,failed,network_timeout,network_timeout,customer,payment_authentication,945,8,7,1,0.875,585.5379519599692,5608.802729003406,90,1,1,active,537,16,6,saas,vip,0.37489145698483767,REMINDER,RETRY,0.4035198737545086,1,750.0
cus_593,pay_593,ord_593,4740.0,INR,upi,failed,temporary_bank_failure,temporary_bank_failure,customer,payment_authentication,612,10,5,5,0.5,5583.7988938446415,40141.474134559525,50,1,1,past_due,987,11,4,education,regular,0.5092267802781825,REMINDER,RETRY,0.4651300614931063,0,0.0
cus_594,pay_594,ord_594,3030.0,INR,card,failed,temporary_bank_failure,temporary_bank_failure,customer,payment_authentication,1152,7,2,5,0.2857142857142857,3639.5522261607234,33418.63446851241,78,1,1,active,297,12,5,health,new,0.6478748031957062,RETRY,RETRY,0.7036858599796405,1,3030.0
cus_595,pay_595,ord_595,1110.0,INR,card,failed,upi_error,upi_error,customer,payment_authentication,762,8,6,2,0.75,1122.9827819203904,13739.12405485135,30,0,0,active,158,17,2,health,new,0.9194387772542701,REMINDER,RETRY,0.8068976813192854,0,0.0
cus_596,pay_596,ord_596,3050.0,INR,upi,failed,network_timeout,network_timeout,customer,payment_authentication,1038,8,7,1,0.875,2803.712496334502,26203.898376592653,33,1,1,active,471,11,4,health,regular,0.7485469418308857,NO_ACTION,RETRY,0.7754800767087029,1,3050.0
cus_597,pay_597,ord_597,1620.0,INR,upi,failed,network_timeout,network_timeout,customer,payment_authentication,929,8,6,2,0.75,1378.8418085708158,14897.45637865589,120,0,1,none,440,5,5,education,new,0.8679368897142388,CUSTOMER_NOTIFICATION,RETRY,0.7110210640031888,1,1620.0
cus_598,pay_598,ord_598,1380.0,INR,wallet,failed,upi_error,upi_error,customer,payment_authentication,1225,5,4,1,0.8,1565.4404653121678,9228.109498503665,149,0,2,active,299,0,5,education,new,0.8856906861082027,NO_ACTION,RETRY,0.8830887182327841,1,1380.0
cus_599,pay_599,ord_599,1710.0,INR,upi,failed,insufficient_funds,insufficient_funds,customer,payment_authentication,220,8,6,2,0.75,1546.417805367709,10962.06557114808,29,0,1,active,606,13,6,health,regular,0.4716426744853428,RETRY,NO_ACTION,0.41881050394319885,0,0.0
cus_600,pay_600,ord_600,10630.0,INR,upi,failed,insufficient_funds,insufficient_funds,customer,payment_authentication,1486,5,5,0,1.0,12604.144637884669,112391.36083119296,29,1,0,none,20,14,0,health,regular,0.6626299533194662,ALTERNATIVE_PAYMENT_METHOD,REMINDER,0.5632590082241682,1,10630.0
cus_601,pay_601,ord_601,3440.0,INR,netbanking,failed,temporary_bank_failure,temporary_bank_failure,customer,payment_authentication,1131,5,5,0,1.0,3919.7643472270765,35183.018604345045,104,0,1,none,422,14,1,education,regular,0.9598135225513118,HUMAN_ESCALATION,RETRY,0.8374538555873041,1,3440.0
cus_602,pay_602,ord_602,1340.0,INR,wallet,failed,expired_card,expired_card,customer,payment_authentication,297,7,6,1,0.8571428571428571,1221.7547227895384,11967.059037037232,100,1,0,none,133,2,3,saas,regular,0.3803182498707569,HUMAN_ESCALATION,ALTERNATIVE_PAYMENT_METHOD,0.3176094044083662,0,0.0
cus_603,pay_603,ord_603,4420.0,INR,upi,failed,temporary_bank_failure,temporary_bank_failure,customer,payment_authentication,41,5,4,1,0.8,3701.000740557685,38363.5053246101,70,0,1,active,875,19,4,retail,new,0.9908655264927022,HUMAN_ESCALATION,RETRY,0.7286989754760198,1,4420.0
cus_604,pay_604,ord_604,4260.0,INR,wallet,failed,upi_error,upi_error,customer,payment_authentication,39,8,6,2,0.75,3896.38537940046,43195.14237431365,178,0,0,active,550,21,4,retail,regular,0.9003222479942782,ALTERNATIVE_PAYMENT_METHOD,RETRY,0.8999772357809656,1,4260.0
cus_605,pay_605,ord_605,2340.0,INR,netbanking,failed,temporary_bank_failure,temporary_bank_failure,customer,payment_authentication,1049,12,7,5,0.5833333333333334,2118.5815375819598,22353.50686218027,175,0,0,active,644,8,2,saas,new,0.4932257954858529,NO_ACTION,RETRY,0.6441329366084063,1,2340.0
cus_606,pay_606,ord_606,1300.0,INR,netbanking,failed,temporary_bank_failure,temporary_bank_failure,customer,payment_authentication,634,5,4,1,0.8,1656.1916645549923,11440.459714036526,115,0,1,past_due,600,0,0,health,regular,0.8619828280545854,REMINDER,RETRY,0.8654532058717412,1,1300.0
cus_607,pay_607,ord_607,1220.0,INR,card,failed,temporary_bank_failure,temporary_bank_failure,customer,payment_authentication,275,6,4,2,0.6666666666666666,1313.195281019835,13989.424749903776,163,1,0,active,681,21,1,education,vip,0.8444307613110373,NO_ACTION,RETRY,0.7649550319000801,1,1220.0
cus_608,pay_608,ord_608,620.0,INR,upi,failed,temporary_bank_failure,temporary_bank_failure,customer,payment_authentication,477,10,8,2,0.8,678.6111165565482,7733.911938133545,82,2,1,active,681,15,5,retail,regular,0.6298278558114621,NO_ACTION,REMINDER,0.5843399269622496,0,0.0
cus_609,pay_609,ord_609,2170.0,INR,upi,failed,temporary_bank_failure,temporary_bank_failure,customer,payment_authentication,670,5,5,0,1.0,1888.1963461864423,13199.460259717209,1,0,0,active,881,11,3,retail,regular,0.5785052891106819,REMINDER,RETRY,0.6803258190131238,1,2170.0
cus_610,pay_610,ord_610,980.0,INR,upi,failed,card_declined,card_declined,customer,payment_authentication,62,7,5,2,0.7142857142857143,900.2011886189026,8181.021418303279,19,0,1,none,612,4,0,health,new,0.5677035985891427,HUMAN_ESCALATION,REMINDER,0.6015032823881038,1,980.0
cus_611,pay_611,ord_611,1170.0,INR,upi,failed,insufficient_funds,insufficient_funds,customer,payment_authentication,842,5,4,1,0.8,1146.2481271934705,8099.851282818103,145,0,1,active,129,0,2,saas,regular,0.213342573078847,REMINDER,NO_ACTION,0.29431038745471144,0,0.0
cus_612,pay_612,ord_612,3370.0,INR,wallet,failed,card_declined,card_declined,customer,payment_authentication,55,3,1,2,0.3333333333333333,4333.913902256085,17629.51175072403,22,0,0,none,371,5,2,education,regular,0.3307476506463663,NO_ACTION,NO_ACTION,0.3971553779036889,0,0.0
cus_613,pay_613,ord_613,9770.0,INR,wallet,failed,network_timeout,network_timeout,customer,payment_authentication,971,10,5,5,0.5,10752.362393722857,180699.47578977837,30,0,1,past_due,447,1,4,retail,regular,0.8147765398162391,ALTERNATIVE_PAYMENT_METHOD,RETRY,0.8241237845426916,1,9770.0
cus_614,pay_614,ord_614,2630.0,INR,card,failed,card_declined,card_declined,customer,payment_authentication,92,9,8,1,0.8888888888888888,2084.095761223474,25214.113160534187,122,0,0,none,905,4,5,saas,new,0.8466945264904004,ALTERNATIVE_PAYMENT_METHOD,REMINDER,0.8000279719191511,0,0.0
cus_615,pay_615,ord_615,1630.0,INR,upi,failed,card_declined,card_declined,customer,payment_authentication,1186,8,7,1,0.875,2110.146066409783,23739.753650591465,84,0,1,none,401,21,4,education,regular,0.5933862864163173,HUMAN_ESCALATION,REMINDER,0.6662732184428022,0,0.0
cus_616,pay_616,ord_616,1770.0,INR,upi,failed,insufficient_funds,insufficient_funds,customer,payment_authentication,380,14,11,3,0.7857142857142857,1524.9911173655078,51876.36132859216,43,0,2,active,867,16,6,saas,regular,0.5346765350157741,REMINDER,REMINDER,0.5981167812580919,0,0.0
cus_617,pay_617,ord_617,5640.0,INR,card,failed,temporary_bank_failure,temporary_bank_failure,customer,payment_authentication,774,11,6,5,0.5454545454545454,6051.930515816317,63237.22392340875,146,1,1,none,750,1,2,health,new,0.6698187019246352,RETRY,RETRY,0.5987438207415826,1,5640.0
cus_618,pay_618,ord_618,2660.0,INR,card,failed,insufficient_funds,insufficient_funds,customer,payment_authentication,579,11,10,1,0.9090909090909091,3258.7591158446457,43407.336903202515,129,1,2,active,391,18,5,saas,regular,0.4696458386605759,NO_ACTION,REMINDER,0.5552865044429942,0,0.0
cus_619,pay_619,ord_619,2190.0,INR,card,failed,upi_error,upi_error,customer,payment_authentication,1320,5,3,2,0.6,2342.108638825763,15369.321936334656,51,0,1,active,842,19,0,health,regular,0.7287469819847096,NO_ACTION,RETRY,0.8188922161811497,1,2190.0
cus_620,pay_620,ord_620,2360.0,INR,netbanking,failed,card_declined,card_declined,customer,payment_authentication,1191,9,7,2,0.7777777777777778,2963.104511732145,34941.96160379404,37,1,2,none,473,4,2,education,vip,0.8467429560687163,RETRY,REMINDER,0.6269066877492683,1,2360.0
cus_621,pay_621,ord_621,430.0,INR,upi,failed,insufficient_funds,insufficient_funds,customer,payment_authentication,1432,11,8,3,0.7272727272727273,519.8085055288107,9520.718394010013,132,1,1,none,449,23,6,education,regular,0.4423721039874668,HUMAN_ESCALATION,NO_ACTION,0.49505012803753734,0,0.0
cus_622,pay_622,ord_622,2670.0,INR,wallet,failed,expired_card,expired_card,customer,payment_authentication,1073,12,10,2,0.8333333333333334,1925.0808804714636,64291.44080665172,42,0,1,none,130,3,0,saas,regular,0.6052600433665193,RETRY,ALTERNATIVE_PAYMENT_METHOD,0.7878005475257402,1,2670.0
cus_623,pay_623,ord_623,750.0,INR,upi,failed,network_timeout,network_timeout,customer,payment_authentication,1464,7,4,3,0.5714285714285714,834.0667209797041,7655.791288191672,43,0,2,past_due,117,20,6,saas,new,0.5963186786756782,NO_ACTION,RETRY,0.7203042045756413,1,750.0
cus_624,pay_624,ord_624,2680.0,INR,wallet,failed,card_declined,card_declined,customer,payment_authentication,338,14,9,5,0.6428571428571429,3035.130003115888,67719.11490673876,158,1,0,active,551,7,3,saas,regular,0.14099001848772674,REMINDER,NO_ACTION,0.3403001147433641,0,0.0
cus_625,pay_625,ord_625,870.0,INR,upi,failed,expired_card,expired_card,customer,payment_authentication,480,8,8,0,1.0,803.080237100886,10685.570411173034,157,0,0,none,761,9,1,retail,regular,0.6951127286751339,HUMAN_ESCALATION,ALTERNATIVE_PAYMENT_METHOD,0.5301616159419477,0,0.0
cus_626,pay_626,ord_626,3270.0,INR,netbanking,failed,network_timeout,network_timeout,customer,payment_authentication,1214,8,7,1,0.875,4073.5002082205838,50137.218153971444,175,0,1,none,848,10,0,retail,regular,0.884816068227143,REMINDER,RETRY,0.8920451085254621,1,3270.0
cus_627,pay_627,ord_627,1550.0,INR,card,failed,card_declined,card_declined,customer,payment_authentication,49,7,5,2,0.7142857142857143,1829.8565969874735,22935.902398760314,79,0,1,none,783,5,6,saas,regular,0.3092596446750395,NO_ACTION,NO_ACTION,0.4133599397123058,0,0.0
cus_628,pay_628,ord_628,580.0,INR,upi,failed,card_declined,card_declined,customer,payment_authentication,269,8,6,2,0.75,533.7408683263612,8484.322397994561,131,0,0,none,450,20,1,retail,regular,0.6015623208242412,REMINDER,NO_ACTION,0.5454495617474368,0,0.0
cus_629,pay_629,ord_629,1350.0,INR,netbanking,failed,temporary_bank_failure,temporary_bank_failure,customer,payment_authentication,1073,10,6,4,0.6,1125.6973164822416,11567.907962411178,35,0,0,none,275,3,6,education,regular,0.8986150108847077,HUMAN_ESCALATION,RETRY,0.7273871550919215,1,1350.0
cus_630,pay_630,ord_630,16410.0,INR,wallet,failed,temporary_bank_failure,temporary_bank_failure,customer,payment_authentication,600,6,5,1,0.8333333333333334,13580.07724274704,117039.04488773186,178,1,1,active,407,14,6,education,new,0.6548614701442118,NO_ACTION,RETRY,0.6719679242723733,0,0.0
cus_631,pay_631,ord_631,190.0,INR,netbanking,failed,upi_error,upi_error,customer,payment_authentication,378,6,3,3,0.5,158.14144988024276,2289.6119123718204,9,1,0,none,171,8,1,education,regular,0.46489968386151703,ALTERNATIVE_PAYMENT_METHOD,RETRY,0.30159942882803276,0,0.0
cus_632,pay_632,ord_632,2140.0,INR,card,failed,card_declined,card_declined,customer,payment_authentication,455,9,8,1,0.8888888888888888,2254.56247838207,15526.508863853067,154,2,1,none,522,23,4,health,regular,0.26259658485613196,RETRY,NO_ACTION,0.2962179734149768,0,0.0
cus_633,pay_633,ord_633,660.0,INR,card,failed,insufficient_funds,insufficient_funds,customer,payment_authentication,1151,5,3,2,0.6,716.5357634354488,5438.349957133687,109,1,0,active,141,11,3,retail,new,0.07063614222325842,HUMAN_ESCALATION,NO_ACTION,0.18829681654847666,0,0.0
cus_634,pay_634,ord_634,7160.0,INR,card,failed,card_declined,card_declined,customer,payment_authentication,720,8,4,4,0.5,5651.567029217536,96244.07020238206,168,0,0,past_due,757,21,4,health,new,0.8860437396832712,RETRY,REMINDER,0.7050495565080007,0,0.0
cus_635,pay_635,ord_635,4090.0,INR,card,failed,temporary_bank_failure,temporary_bank_failure,customer,payment_authentication,8,5,3,2,0.6,4209.09303399411,43337.51544080966,122,1,1,active,101,11,0,saas,new,0.6820288098454145,NO_ACTION,RETRY,0.7541532752483933,1,4090.0
cus_636,pay_636,ord_636,2180.0,INR,upi,failed,network_timeout,network_timeout,customer,payment_authentication,775,10,4,6,0.4,1853.3709290679726,41931.46836208255,34,3,0,past_due,408,16,3,education,vip,0.2584171433821328,ALTERNATIVE_PAYMENT_METHOD,NO_ACTION,0.31496055248425353,0,0.0
cus_637,pay_637,ord_637,4530.0,INR,upi,failed,temporary_bank_failure,temporary_bank_failure,customer,payment_authentication,1165,3,2,1,0.6666666666666666,5645.489543524927,14407.834229547763,122,1,1,none,290,14,3,health,new,0.5748152821051931,NO_ACTION,RETRY,0.4709074333416807,1,4530.0
cus_638,pay_638,ord_638,2310.0,INR,netbanking,failed,network_timeout,network_timeout,customer,payment_authentication,250,4,2,2,0.5,2803.8406231441713,18290.62485621887,133,0,1,active,624,8,3,saas,vip,0.8543407002974973,RETRY,RETRY,0.8507914641331941,1,2310.0
cus_639,pay_639,ord_639,1820.0,INR,netbanking,failed,expired_card,expired_card,customer,payment_authentication,106,5,5,0,1.0,1400.262373784509,18863.10560467224,89,1,2,active,716,19,2,saas,new,0.6798427329848922,NO_ACTION,ALTERNATIVE_PAYMENT_METHOD,0.6908765741621195,0,0.0
cus_640,pay_640,ord_640,990.0,INR,upi,failed,insufficient_funds,insufficient_funds,customer,payment_authentication,941,7,6,1,0.8571428571428571,842.8583000295994,6629.608332397873,105,0,1,none,390,7,3,education,regular,0.5114330086677201,RETRY,NO_ACTION,0.5368844719116546,0,0.0
cus_641,pay_641,ord_641,1260.0,INR,netbanking,failed,temporary_bank_failure,temporary_bank_failure,customer,payment_authentication,1319,13,9,4,0.6923076923076923,1596.0554041389528,23479.50181477705,72,1,0,active,285,3,1,education,regular,0.7743900164139677,HUMAN_ESCALATION,RETRY,0.8410018659843214,1,1260.0
cus_642,pay_642,ord_642,1140.0,INR,card,failed,network_timeout,network_timeout,customer,payment_authentication,107,3,1,2,0.3333333333333333,1002.5046152602946,7041.395748441012,48,1,0,active,919,16,2,saas,regular,0.5789547676827593,ALTERNATIVE_PAYMENT_METHOD,RETRY,0.5608645319063328,1,1140.0
cus_643,pay_643,ord_643,1830.0,INR,card,failed,temporary_bank_failure,temporary_bank_failure,customer,payment_authentication,977,6,2,4,0.3333333333333333,2176.777309358947,14668.966663559497,111,0,1,none,837,7,3,education,new,0.7601036460097729,CUSTOMER_NOTIFICATION,RETRY,0.7113628263204255,1,1830.0
cus_644,pay_644,ord_644,270.0,INR,upi,failed,temporary_bank_failure,temporary_bank_failure,customer,payment_authentication,1168,5,3,2,0.6,197.17520740860027,1914.3410088504718,90,1,1,past_due,843,17,4,saas,regular,0.40207192324988483,REMINDER,RETRY,0.42439744166834287,1,270.0
cus_645,pay_645,ord_645,5060.0,INR,netbanking,failed,network_timeout,network_timeout,customer,payment_authentication,243,5,3,2,0.6,4719.349766461498,25312.36004940406,5,1,0,active,334,17,0,education,vip,0.5026329600599839,CUSTOMER_NOTIFICATION,RETRY,0.4459747383951755,0,0.0
cus_646,pay_646,ord_646,12670.0,INR,card,failed,insufficient_funds,insufficient_funds,customer,payment_authentication,391,5,3,2,0.6,13542.675344913052,129741.45059813617,136,0,2,none,42,17,4,saas,regular,0.4562162298155755,CUSTOMER_NOTIFICATION,NO_ACTION,0.4149923358409309,0,0.0
cus_647,pay_647,ord_647,1170.0,INR,upi,failed,insufficient_funds,insufficient_funds,customer,payment_authentication,762,5,3,2,0.6,1099.480383967685,7077.947885602471,43,1,0,none,705,21,2,saas,new,0.7908673617285698,REMINDER,REMINDER,0.7521321813290125,1,1170.0
cus_648,pay_648,ord_648,5850.0,INR,upi,failed,temporary_bank_failure,temporary_bank_failure,customer,payment_authentication,916,8,7,1,0.875,6870.184195896485,66623.21317934504,8,0,0,none,208,18,1,health,new,0.7459476778599251,HUMAN_ESCALATION,RETRY,0.7743587142899582,1,5850.0
cus_649,pay_649,ord_649,1580.0,INR,card,failed,network_timeout,network_timeout,customer,payment_authentication,758,7,5,2,0.7142857142857143,2034.9643713387886,17333.182236139983,45,0,0,active,211,20,6,health,new,0.7549102293502282,ALTERNATIVE_PAYMENT_METHOD,RETRY,0.7920553946995297,1,1580.0
cus_650,pay_650,ord_650,990.0,INR,upi,failed,insufficient_funds,insufficient_funds,customer,payment_authentication,276,8,6,2,0.75,998.0382290014202,7247.615065790615,160,2,1,none,796,22,5,retail,vip,0.5029906476615494,ALTERNATIVE_PAYMENT_METHOD,NO_ACTION,0.46593653599894186,0,0.0
cus_651,pay_651,ord_651,1230.0,INR,netbanking,failed,temporary_bank_failure,temporary_bank_failure,customer,payment_authentication,1318,8,5,3,0.625,1203.1601314876089,13953.413581353758,140,0,0,none,114,23,4,education,regular,0.6323277633994097,RETRY,RETRY,0.7522883057503335,1,1230.0
cus_652,pay_652,ord_652,1970.0,INR,upi,failed,insufficient_funds,insufficient_funds,customer,payment_authentication,631,4,3,1,0.75,2211.731889544404,8846.021375397126,76,2,1,active,835,1,2,health,regular,0.6666611458440781,RETRY,NO_ACTION,0.3766972138825571,0,0.0
cus_653,pay_653,ord_653,880.0,INR,card,failed,temporary_bank_failure,temporary_bank_failure,customer,payment_authentication,798,7,4,3,0.5714285714285714,1013.9561186714274,7056.051356616811,79,1,0,active,241,19,5,education,regular,0.34668894082643337,RETRY,RETRY,0.5981931697912335,1,880.0
cus_654,pay_654,ord_654,3310.0,INR,netbanking,failed,insufficient_funds,insufficient_funds,customer,payment_authentication,804,4,1,3,0.25,2435.7587620253885,19250.50858455543,77,0,0,none,330,20,2,education,regular,0.4759776574305578,CUSTOMER_NOTIFICATION,NO_ACTION,0.5320652776603996,0,0.0
cus_655,pay_655,ord_655,1080.0,INR,card,failed,temporary_bank_failure,temporary_bank_failure,customer,payment_authentication,826,5,4,1,0.8,1039.5579127495243,8661.489507972266,8,1,0,active,626,23,1,education,new,0.6043139454740712,RETRY,RETRY,0.5528999417218305,0,0.0
cus_656,pay_656,ord_656,620.0,INR,netbanking,failed,temporary_bank_failure,temporary_bank_failure,customer,payment_authentication,435,4,2,2,0.5,619.904671420613,3919.845955441168,64,0,1,none,690,4,3,education,regular,0.6837368158552004,RETRY,RETRY,0.6107440294699055,0,0.0
cus_657,pay_657,ord_657,1770.0,INR,card,failed,insufficient_funds,insufficient_funds,customer,payment_authentication,479,5,4,1,0.8,1565.4765661807148,8422.226384833048,161,1,0,none,664,22,3,saas,new,0.11118832906271812,ALTERNATIVE_PAYMENT_METHOD,NO_ACTION,0.1956548640035623,0,0.0
cus_658,pay_658,ord_658,900.0,INR,upi,failed,network_timeout,network_timeout,customer,payment_authentication,209,10,7,3,0.7,1039.9069899315693,11439.254677670608,113,1,2,active,507,23,4,saas,vip,0.32976295796567967,HUMAN_ESCALATION,RETRY,0.39478890636835295,0,0.0
cus_659,pay_659,ord_659,1300.0,INR,card,failed,temporary_bank_failure,temporary_bank_failure,customer,payment_authentication,1093,11,8,3,0.7272727272727273,1601.8436494787663,11715.395855293293,69,1,0,past_due,620,15,2,retail,regular,0.5012110602213945,RETRY,RETRY,0.4962209608120392,0,0.0
cus_660,pay_660,ord_660,1710.0,INR,card,failed,temporary_bank_failure,temporary_bank_failure,customer,payment_authentication,471,5,2,3,0.4,2064.315013111644,10526.996335187623,177,0,2,none,379,9,3,education,new,0.6491773071537974,CUSTOMER_NOTIFICATION,RETRY,0.7849889044513189,1,1710.0
cus_661,pay_661,ord_661,470.0,INR,netbanking,failed,upi_error,upi_error,customer,payment_authentication,76,3,1,2,0.3333333333333333,507.7264652150892,1524.0086865596768,13,1,0,none,422,16,3,health,vip,0.32237561253174807,NO_ACTION,RETRY,0.4426031597236441,0,0.0
cus_662,pay_662,ord_662,7780.0,INR,card,failed,network_timeout,network_timeout,customer,payment_authentication,70,6,4,2,0.6666666666666666,9153.332530162057,49972.70430047199,155,0,1,none,122,3,1,saas,regular,0.9530709578423832,NO_ACTION,RETRY,0.8654073007685842,1,7780.0
cus_663,pay_663,ord_663,4080.0,INR,card,failed,card_declined,card_declined,customer,payment_authentication,1451,8,6,2,0.75,3425.4716550990624,49690.88666276048,75,1,0,none,559,7,4,retail,regular,0.7185819746769682,NO_ACTION,REMINDER,0.636871204322181,1,4080.0
cus_664,pay_664,ord_664,960.0,INR,card,failed,temporary_bank_failure,temporary_bank_failure,customer,payment_authentication,642,4,3,1,0.75,686.7915477681635,9146.416855442858,90,1,0,active,345,13,2,retail,vip,0.7304821782475767,NO_ACTION,RETRY,0.7293138502466091,1,960.0
cus_665,pay_665,ord_665,1770.0,INR,upi,failed,insufficient_funds,insufficient_funds,customer,payment_authentication,909,7,4,3,0.5714285714285714,1784.2892596275585,13497.228990747988,170,0,1,none,941,21,2,education,new,0.4842659824591251,HUMAN_ESCALATION,NO_ACTION,0.40728475736513686,0,0.0
cus_666,pay_666,ord_666,3410.0,INR,netbanking,failed,temporary_bank_failure,temporary_bank_failure,customer,payment_authentication,801,4,1,3,0.25,3225.835198340148,28133.32601319309,167,0,0,active,962,10,6,education,regular,0.6842722604234814,HUMAN_ESCALATION,RETRY,0.6749475039328058,0,0.0
cus_667,pay_667,ord_667,2230.0,INR,wallet,failed,temporary_bank_failure,temporary_bank_failure,customer,payment_authentication,1268,6,1,5,0.16666666666666666,2740.7329026915277,11813.840952146396,144,0,1,past_due,74,16,3,retail,regular,0.5623997419077278,CUSTOMER_NOTIFICATION,RETRY,0.6398024290475709,0,0.0
cus_668,pay_668,ord_668,11850.0,INR,card,failed,insufficient_funds,insufficient_funds,customer,payment_authentication,1331,10,6,4,0.6,13905.53485992883,148156.3257264176,95,0,1,none,639,13,3,education,regular,0.7780660095323385,HUMAN_ESCALATION,REMINDER,0.8939121978719491,1,11850.0
cus_669,pay_669,ord_669,1420.0,INR,upi,failed,card_declined,card_declined,customer,payment_authentication,1171,4,2,2,0.5,1319.3378381791003,8674.783322204108,106,0,1,none,82,21,4,health,regular,0.5209519334054344,NO_ACTION,NO_ACTION,0.45849727972022924,0,0.0
cus_670,pay_670,ord_670,5940.0,INR,card,failed,insufficient_funds,insufficient_funds,customer,payment_authentication,1473,8,7,1,0.875,4220.127425730502,44952.231260982684,162,0,0,active,357,21,0,education,new,0.7311201344775383,REMINDER,REMINDER,0.7985748873008902,1,5940.0
cus_671,pay_671,ord_671,480.0,INR,upi,failed,card_declined,card_declined,customer,payment_authentication,328,5,3,2,0.6,415.16399205714856,4400.079130377316,136,0,2,none,493,5,0,health,regular,0.5866555410570355,REMINDER,NO_ACTION,0.5057579626466931,0,0.0
cus_672,pay_672,ord_672,560.0,INR,wallet,failed,insufficient_funds,insufficient_funds,customer,payment_authentication,674,11,9,2,0.8181818181818182,513.1077765368218,5976.602097832069,54,1,1,active,288,11,2,education,regular,0.370873554874239,CUSTOMER_NOTIFICATION,NO_ACTION,0.4014254597236258,0,0.0
cus_673,pay_673,ord_673,9740.0,INR,upi,failed,insufficient_funds,insufficient_funds,customer,payment_authentication,434,7,4,3,0.5714285714285714,10767.58377180832,135649.45679225257,92,0,2,none,801,8,0,health,new,0.8997770157113346,CUSTOMER_NOTIFICATION,REMINDER,0.7698520388738479,1,9740.0
cus_674,pay_674,ord_674,1170.0,INR,upi,failed,network_timeout,network_timeout,customer,payment_authentication,1249,10,10,0,1.0,1453.1006345513065,18905.810420821745,147,0,0,none,8,15,2,education,regular,0.8554492957714471,NO_ACTION,RETRY,0.9511032604937131,1,1170.0
cus_675,pay_675,ord_675,560.0,INR,card,failed,network_timeout,network_timeout,customer,payment_authentication,417,5,2,3,0.4,466.24039317968453,5589.967920273058,144,1,0,none,878,2,0,education,regular,0.4823066713554034,HUMAN_ESCALATION,RETRY,0.5962109588582521,0,0.0
cus_676,pay_676,ord_676,1720.0,INR,wallet,failed,insufficient_funds,insufficient_funds,customer,payment_authentication,1191,3,2,1,0.6666666666666666,2015.060193617129,6284.901097573384,53,1,1,active,980,5,4,retail,new,0.3734602366155265,REMINDER,NO_ACTION,0.35285176833435083,0,0.0
cus_677,pay_677,ord_677,6400.0,INR,upi,failed,card_declined,card_declined,customer,payment_authentication,339,9,8,1,0.8888888888888888,7277.736097855167,71182.71979194469,151,1,1,active,730,22,6,education,new,0.673551528330435,HUMAN_ESCALATION,REMINDER,0.7083654680354269,1,6400.0
cus_678,pay_678,ord_678,840.0,INR,card,failed,insufficient_funds,insufficient_funds,customer,payment_authentication,1039,3,2,1,0.6666666666666666,765.9893068014982,5433.514827694701,101,0,0,none,990,19,0,education,new,0.6174573361321963,RETRY,REMINDER,0.6026933569605516,0,0.0
cus_679,pay_679,ord_679,1730.0,INR,card,failed,temporary_bank_failure,temporary_bank_failure,customer,payment_authentication,24,9,6,3,0.6666666666666666,1227.782560238838,22305.732792242597,60,0,0,active,220,19,6,health,regular,0.9301593951633896,NO_ACTION,RETRY,0.9374673800532644,1,1730.0
cus_680,pay_680,ord_680,280.0,INR,card,failed,network_timeout,network_timeout,customer,payment_authentication,1183,3,2,1,0.6666666666666666,201.49431198534734,1704.6892425280275,88,1,0,none,618,15,3,education,regular,0.6678676680768433,ALTERNATIVE_PAYMENT_METHOD,RETRY,0.7194041373068155,1,280.0
cus_681,pay_681,ord_681,1130.0,INR,card,failed,temporary_bank_failure,temporary_bank_failure,customer,payment_authentication,1240,11,7,4,0.6363636363636364,1210.8479184278524,16780.445068733687,80,1,1,none,758,18,1,retail,regular,0.5095292034041202,REMINDER,RETRY,0.536378734674577,1,1130.0
cus_682,pay_682,ord_682,4900.0,INR,card,failed,insufficient_funds,insufficient_funds,customer,payment_authentication,845,2,1,1,0.5,5920.538504257668,23135.965902290907,13,1,0,none,346,11,2,saas,regular,0.43389414556376116,ALTERNATIVE_PAYMENT_METHOD,REMINDER,0.6528560744378559,0,0.0
cus_683,pay_683,ord_683,830.0,INR,upi,failed,expired_card,expired_card,customer,payment_authentication,807,6,6,0,1.0,895.7176920885947,8912.458893426818,40,0,0,past_due,217,10,2,health,new,0.937655836770563,HUMAN_ESCALATION,ALTERNATIVE_PAYMENT_METHOD,0.7886599251905846,1,830.0
cus_684,pay_684,ord_684,510.0,INR,upi,failed,temporary_bank_failure,temporary_bank_failure,customer,payment_authentication,689,8,4,4,0.5,593.7453899613723,5000.150392629516,24,1,0,active,385,10,2,retail,vip,0.6590708432080779,NO_ACTION,RETRY,0.7232276614090554,1,510.0
cus_685,pay_685,ord_685,830.0,INR,card,failed,temporary_bank_failure,temporary_bank_failure,customer,payment_authentication,887,1,0,1,0.0,831.4272248995527,3064.665956421781,123,0,0,none,14,0,2,health,regular,0.6036626728813801,RETRY,RETRY,0.5601077865587503,0,0.0
cus_686,pay_686,ord_686,980.0,INR,upi,failed,insufficient_funds,insufficient_funds,customer,payment_authentication,848,3,2,1,0.6666666666666666,840.5628761605652,6476.251659841112,75,0,0,none,525,7,6,saas,regular,0.5065054662184515,HUMAN_ESCALATION,REMINDER,0.7145338547444917,1,980.0
cus_687,pay_687,ord_687,3880.0,INR,wallet,failed,upi_error,upi_error,customer,payment_authentication,738,10,10,0,1.0,2808.5618727482197,33661.172193789505,24,0,0,none,152,23,4,retail,regular,0.8045556247434537,CUSTOMER_NOTIFICATION,RETRY,0.8932728798616792,1,3880.0
cus_688,pay_688,ord_688,2640.0,INR,netbanking,failed,card_declined,card_declined,customer,payment_authentication,781,7,4,3,0.5714285714285714,3142.6749435265183,15819.200564202074,107,1,1,none,314,18,1,saas,vip,0.4456275341811424,REMINDER,NO_ACTION,0.42063951645482217,0,0.0
cus_689,pay_689,ord_689,3210.0,INR,upi,failed,insufficient_funds,insufficient_funds,customer,payment_authentication,187,7,6,1,0.8571428571428571,3160.369633955188,41883.04735284325,84,1,2,past_due,968,9,2,retail,new,0.8099965619441378,RETRY,REMINDER,0.6293623371526066,1,3210.0
cus_690,pay_690,ord_690,1860.0,INR,card,failed,temporary_bank_failure,temporary_bank_failure,customer,payment_authentication,699,7,3,4,0.42857142857142855,2280.138525456344,22642.02112109628,121,2,0,none,69,3,2,saas,regular,0.5433560561154215,ALTERNATIVE_PAYMENT_METHOD,NO_ACTION,0.49920834483553617,0,0.0
cus_691,pay_691,ord_691,970.0,INR,netbanking,failed,card_declined,card_declined,customer,payment_authentication,654,4,4,0,1.0,894.450094561579,9223.695293069337,173,2,2,past_due,714,5,6,health,new,0.6048253254744324,ALTERNATIVE_PAYMENT_METHOD,NO_ACTION,0.5499202549661466,0,0.0
cus_692,pay_692,ord_692,830.0,INR,card,failed,temporary_bank_failure,temporary_bank_failure,customer,payment_authentication,1343,7,7,0,1.0,718.4374165370192,10478.647947170952,177,0,1,none,244,14,6,retail,new,0.7944764992821902,HUMAN_ESCALATION,RETRY,0.8443458336419943,1,830.0
cus_693,pay_693,ord_693,2790.0,INR,card,failed,expired_card,expired_card,customer,payment_authentication,441,8,7,1,0.875,3069.6384328955023,24373.023740932982,83,0,2,none,146,20,1,retail,regular,0.6412009820576265,CUSTOMER_NOTIFICATION,ALTERNATIVE_PAYMENT_METHOD,0.6433847487062586,1,2790.0
cus_694,pay_694,ord_694,8860.0,INR,wallet,failed,network_timeout,network_timeout,customer,payment_authentication,1452,10,6,4,0.6,9414.70613352556,73548.53844682833,5,0,0,active,549,8,4,retail,regular,0.7579562282141906,HUMAN_ESCALATION,RETRY,0.7786844230702867,1,8860.0
cus_695,pay_695,ord_695,710.0,INR,upi,failed,insufficient_funds,insufficient_funds,customer,payment_authentication,1338,10,7,3,0.7,797.0066334631623,10872.52634278831,12,0,1,active,310,4,3,saas,new,0.6267441676185245,HUMAN_ESCALATION,REMINDER,0.5970098181699061,0,0.0
cus_696,pay_696,ord_696,650.0,INR,upi,failed,insufficient_funds,insufficient_funds,customer,payment_authentication,1174,10,6,4,0.6,490.5211635896803,9618.077962332356,24,0,1,past_due,683,9,1,saas,vip,0.4054641054395936,REMINDER,NO_ACTION,0.28242971756667873,0,0.0
cus_697,pay_697,ord_697,580.0,INR,upi,failed,temporary_bank_failure,temporary_bank_failure,customer,payment_authentication,1052,4,3,1,0.75,435.00675373307087,5563.919775953971,3,0,2,none,883,4,1,saas,new,0.8255964001235557,ALTERNATIVE_PAYMENT_METHOD,RETRY,0.8617100328472359,1,580.0
cus_698,pay_698,ord_698,4150.0,INR,upi,failed,temporary_bank_failure,temporary_bank_failure,customer,payment_authentication,476,7,4,3,0.5714285714285714,4326.602559741077,53813.29537429055,115,0,0,none,718,10,4,saas,regular,0.819709068347475,HUMAN_ESCALATION,RETRY,0.8181710000177278,1,4150.0
cus_699,pay_699,ord_699,1730.0,INR,card,failed,insufficient_funds,insufficient_funds,customer,payment_authentication,244,5,4,1,0.8,1780.1072120038978,19411.293964594406,171,0,0,none,713,11,2,health,regular,0.5206086751512246,NO_ACTION,REMINDER,0.5610508865531096,1,1730.0
cus_700,pay_700,ord_700,3150.0,INR,card,failed,network_timeout,network_timeout,customer,payment_authentication,1184,3,3,0,1.0,2380.621428377875,21212.56193511068,135,0,1,active,632,7,0,education,regular,0.8679346058474224,ALTERNATIVE_PAYMENT_METHOD,RETRY,0.894955966115399,1,3150.0
cus_701,pay_701,ord_701,1090.0,INR,card,failed,temporary_bank_failure,temporary_bank_failure,customer,payment_authentication,1053,6,4,2,0.6666666666666666,1044.3440431688105,11893.697798877402,127,0,0,active,243,11,1,retail,regular,0.8086720972879928,CUSTOMER_NOTIFICATION,RETRY,0.6963425929305795,1,1090.0
cus_702,pay_702,ord_702,3360.0,INR,card,failed,card_declined,card_declined,customer,payment_authentication,1247,7,5,2,0.7142857142857143,3629.349582976387,38494.08730853179,57,0,1,active,450,14,0,retail,regular,0.6188768797648949,REMINDER,REMINDER,0.5751377417257777,0,0.0
cus_703,pay_703,ord_703,1360.0,INR,netbanking,failed,card_declined,card_declined,customer,payment_authentication,823,8,6,2,0.75,1394.2944258992466,17797.524587671458,127,0,0,past_due,977,21,0,saas,new,0.7200494068689554,RETRY,REMINDER,0.6892433644008672,1,1360.0
cus_704,pay_704,ord_704,390.0,INR,card,failed,temporary_bank_failure,temporary_bank_failure,customer,payment_authentication,1347,11,8,3,0.7272727272727273,316.64197100773384,6363.367871037146,92,1,0,active,529,18,1,retail,regular,0.8266292467997043,REMINDER,RETRY,0.840263169679733,1,390.0
cus_705,pay_705,ord_705,4550.0,INR,upi,failed,temporary_bank_failure,temporary_bank_failure,customer,payment_authentication,123,8,5,3,0.625,5717.92800921422,73327.54512085943,66,2,0,none,582,23,6,retail,new,0.592922341088206,REMINDER,REMINDER,0.6802553317615467,0,0.0
cus_706,pay_706,ord_706,1740.0,INR,netbanking,failed,insufficient_funds,insufficient_funds,customer,payment_authentication,165,8,8,0,1.0,1253.8745632957027,15738.637272501315,9,1,1,none,626,13,2,health,regular,0.5643630292196699,CUSTOMER_NOTIFICATION,NO_ACTION,0.4957175968097406,0,0.0
cus_707,pay_707,ord_707,1330.0,INR,netbanking,failed,card_declined,card_declined,customer,payment_authentication,105,10,7,3,0.7,1148.5152796617265,27647.01375040738,90,1,1,none,549,6,4,education,new,0.5592772471614129,NO_ACTION,NO_ACTION,0.47632529107522054,0,0.0
cus_708,pay_708,ord_708,2400.0,INR,upi,failed,insufficient_funds,insufficient_funds,customer,payment_authentication,482,11,8,3,0.7272727272727273,1777.2654493309626,41107.415579144785,75,1,1,none,114,1,6,saas,regular,0.7763387041247982,CUSTOMER_NOTIFICATION,REMINDER,0.689124647349535,1,2400.0
cus_709,pay_709,ord_709,430.0,INR,upi,failed,network_timeout,network_timeout,customer,payment_authentication,222,6,4,2,0.6666666666666666,374.10948681012627,3818.672321639564,100,1,1,active,586,4,4,retail,regular,0.6930659423487772,NO_ACTION,RETRY,0.6954728245663037,1,430.0
cus_710,pay_710,ord_710,2780.0,INR,wallet,failed,network_timeout,network_timeout,customer,payment_authentication,61,10,8,2,0.8,3089.078776999941,29795.151440391062,84,3,1,active,159,8,6,saas,regular,0.6282988278790569,ALTERNATIVE_PAYMENT_METHOD,REMINDER,0.7069426010903046,1,2780.0
cus_711,pay_711,ord_711,1000.0,INR,upi,failed,network_timeout,network_timeout,customer,payment_authentication,1215,6,5,1,0.8333333333333334,714.2851940887745,7412.174160956811,138,0,1,none,732,11,2,saas,regular,0.8937144404962761,HUMAN_ESCALATION,RETRY,0.8304879622190576,1,1000.0
cus_712,pay_712,ord_712,1550.0,INR,netbanking,failed,upi_error,upi_error,customer,payment_authentication,234,8,6,2,0.75,1121.0507612797041,20358.6431798325,162,1,0,none,897,13,0,education,regular,0.9182683933665859,RETRY,RETRY,0.8110891745553753,0,0.0
cus_713,pay_713,ord_713,5650.0,INR,wallet,failed,network_timeout,network_timeout,customer,payment_authentication,1245,4,3,1,0.75,4652.856459774414,25347.07556552972,91,0,1,past_due,263,10,1,retail,regular,1.0,HUMAN_ESCALATION,RETRY,0.9383292789030222,1,5650.0
cus_714,pay_714,ord_714,3440.0,INR,netbanking,failed,network_timeout,network_timeout,customer,payment_authentication,964,11,9,2,0.8181818181818182,2465.1371657422997,29073.645664336145,61,2,2,none,293,7,6,saas,new,0.37652148327535373,ALTERNATIVE_PAYMENT_METHOD,NO_ACTION,0.4553496475161383,0,0.0
cus_715,pay_715,ord_715,1520.0,INR,card,failed,network_timeout,network_timeout,customer,payment_authentication,912,9,6,3,0.6666666666666666,1419.730771056859,15762.301662423602,55,0,2,none,23,19,6,education,vip,0.9780294443155066,CUSTOMER_NOTIFICATION,RETRY,0.9411486988636047,1,1520.0
cus_716,pay_716,ord_716,1630.0,INR,upi,failed,network_timeout,network_timeout,customer,payment_authentication,176,10,8,2,0.8,1366.0848825670503,19639.367027594988,158,1,0,past_due,321,14,4,retail,new,0.6413291837179932,REMINDER,RETRY,0.8366642814768293,1,1630.0
cus_717,pay_717,ord_717,140.0,INR,card,failed,network_timeout,network_timeout,customer,payment_authentication,24,6,5,1,0.8333333333333334,125.0606888387113,1885.235175321742,95,2,0,active,650,2,2,retail,regular,1.0,CUSTOMER_NOTIFICATION,REMINDER,0.8815260078760587,1,140.0
cus_718,pay_718,ord_718,790.0,INR,upi,failed,upi_error,upi_error,customer,payment_authentication,210,4,3,1,0.75,949.8393076855366,5752.6672709697405,174,1,1,active,175,12,1,saas,new,0.5437415361233514,HUMAN_ESCALATION,RETRY,0.5273913041036334,1,790.0
cus_719,pay_719,ord_719,2140.0,INR,wallet,failed,expired_card,expired_card,customer,payment_authentication,476,4,3,1,0.75,2052.9454077331175,13134.192696396245,122,0,1,active,473,3,5,education,regular,0.6984823708396976,NO_ACTION,ALTERNATIVE_PAYMENT_METHOD,0.6792529777517687,1,2140.0
cus_720,pay_720,ord_720,840.0,INR,upi,failed,card_declined,card_declined,customer,payment_authentication,1434,1,1,0,1.0,595.58458343737,3322.872035229326,104,0,0,past_due,806,18,2,retail,regular,0.8370813938699119,RETRY,REMINDER,0.6828933100061543,1,840.0
cus_721,pay_721,ord_721,480.0,INR,upi,failed,expired_card,expired_card,customer,payment_authentication,601,7,5,2,0.7142857142857143,493.48280185330333,4522.082973077956,10,1,2,active,811,4,6,education,new,0.5473460447540286,ALTERNATIVE_PAYMENT_METHOD,ALTERNATIVE_PAYMENT_METHOD,0.6066627347583898,0,0.0
cus_722,pay_722,ord_722,2920.0,INR,card,failed,network_timeout,network_timeout,customer,payment_authentication,350,9,6,3,0.6666666666666666,2235.640419666016,56810.95436771584,132,1,0,none,34,12,4,retail,regular,0.8000300345176252,CUSTOMER_NOTIFICATION,RETRY,0.7884541717203852,1,2920.0
cus_723,pay_723,ord_723,6680.0,INR,wallet,failed,insufficient_funds,insufficient_funds,customer,payment_authentication,427,8,6,2,0.75,4913.838965558889,115665.19430126439,85,0,0,none,927,1,3,education,vip,0.6666637053725897,HUMAN_ESCALATION,REMINDER,0.7529119423987745,1,6680.0
cus_724,pay_724,ord_724,880.0,INR,card,failed,network_timeout,network_timeout,customer,payment_authentication,502,12,9,3,0.75,788.8219774364501,18268.141213862487,19,1,1,none,845,22,5,education,new,0.6593240500029925,RETRY,RETRY,0.8090456339845251,1,880.0
cus_725,pay_725,ord_725,4340.0,INR,card,failed,network_timeout,network_timeout,customer,payment_authentication,872,7,6,1,0.8571428571428571,3746.563296467386,48010.99069892642,62,0,1,active,610,1,2,saas,new,0.8622443742493883,HUMAN_ESCALATION,RETRY,0.8343610855380942,1,4340.0
cus_726,pay_726,ord_726,3730.0,INR,card,failed,upi_error,upi_error,customer,payment_authentication,1209,4,3,1,0.75,2860.964031884672,32978.20603445911,81,0,1,active,803,15,4,saas,new,0.7780947735857748,RETRY,RETRY,0.7547929074156169,0,0.0
cus_727,pay_727,ord_727,680.0,INR,card,failed,temporary_bank_failure,temporary_bank_failure,customer,payment_authentication,94,8,4,4,0.5,597.7605992373875,6861.030160456406,161,2,0,active,595,12,1,retail,regular,0.3561420746060133,ALTERNATIVE_PAYMENT_METHOD,REMINDER,0.5685057703893358,1,680.0
cus_728,pay_728,ord_728,870.0,INR,upi,failed,card_declined,card_declined,customer,payment_authentication,1162,9,8,1,0.8888888888888888,861.6809587961592,10250.479980948936,114,1,0,none,413,1,6,retail,regular,0.5510466310027053,REMINDER,NO_ACTION,0.47812152592114754,0,0.0
cus_729,pay_729,ord_729,10970.0,INR,upi,failed,network_timeout,network_timeout,customer,payment_authentication,30,5,4,1,0.8,9332.011147524303,63776.28094862089,69,0,2,none,636,21,0,health,regular,0.8234530990629484,ALTERNATIVE_PAYMENT_METHOD,RETRY,0.8276657485641641,0,0.0
cus_730,pay_730,ord_730,590.0,INR,card,failed,upi_error,upi_error,customer,payment_authentication,483,12,8,4,0.6666666666666666,424.43393356931944,7915.605892706884,176,0,0,active,888,9,1,saas,regular,0.6144187541091225,ALTERNATIVE_PAYMENT_METHOD,RETRY,0.5391903119003137,1,590.0
cus_731,pay_731,ord_731,980.0,INR,card,failed,upi_error,upi_error,customer,payment_authentication,882,4,3,1,0.75,1210.8488881762842,4299.234388218686,113,1,0,active,78,19,0,saas,new,0.7008368836388573,REMINDER,RETRY,0.6773266333580034,0,0.0
cus_732,pay_732,ord_732,12910.0,INR,card,failed,card_declined,card_declined,customer,payment_authentication,158,4,2,2,0.5,14082.776404543283,116569.89462408994,174,0,1,active,732,11,6,retail,new,0.5807029354214783,HUMAN_ESCALATION,NO_ACTION,0.4761299426499051,0,0.0
cus_733,pay_733,ord_733,1020.0,INR,card,failed,card_declined,card_declined,customer,payment_authentication,397,10,10,0,1.0,1146.4714036703117,7872.205313505211,81,0,2,past_due,363,4,4,health,regular,0.7998796432121957,NO_ACTION,REMINDER,0.683843337560115,0,0.0
cus_734,pay_734,ord_734,7000.0,INR,card,failed,temporary_bank_failure,temporary_bank_failure,customer,payment_authentication,958,5,2,3,0.4,6613.982624294854,52576.3799680887,153,1,2,active,850,6,1,retail,regular,0.4926242129035133,NO_ACTION,RETRY,0.4726975720770772,0,0.0
cus_735,pay_735,ord_735,650.0,INR,upi,failed,upi_error,upi_error,customer,payment_authentication,1030,6,4,2,0.6666666666666666,678.6024021184987,5339.34667228656,146,0,2,active,657,3,6,retail,regular,0.8272301947417736,RETRY,RETRY,0.7349441412653287,1,650.0
cus_736,pay_736,ord_736,2080.0,INR,card,failed,insufficient_funds,insufficient_funds,customer,payment_authentication,125,13,8,5,0.6153846153846154,2333.322748829234,35059.80276004088,128,0,0,active,98,9,5,health,regular,0.829629754220716,CUSTOMER_NOTIFICATION,REMINDER,0.741392363300758,1,2080.0
cus_737,pay_737,ord_737,5360.0,INR,card,failed,network_timeout,network_timeout,customer,payment_authentication,1166,13,10,3,0.7692307692307693,4899.124001730938,134838.64924873848,167,1,1,active,526,14,5,education,new,0.5990229413143245,REMINDER,RETRY,0.717199839674344,1,5360.0
cus_738,pay_738,ord_738,1130.0,INR,card,failed,network_timeout,network_timeout,customer,payment_authentication,612,11,9,2,0.8181818181818182,1354.6072874938543,23965.680303987912,99,0,0,none,836,13,3,health,regular,0.6226270326383196,NO_ACTION,RETRY,0.7109052100304845,1,1130.0
cus_739,pay_739,ord_739,2000.0,INR,upi,failed,insufficient_funds,insufficient_funds,customer,payment_authentication,916,6,6,0,1.0,2326.8377184343512,21873.825561832444,15,0,0,past_due,784,7,2,retail,regular,0.7122614219806039,HUMAN_ESCALATION,REMINDER,0.8132800162771461,1,2000.0
cus_740,pay_740,ord_740,3810.0,INR,card,failed,temporary_bank_failure,temporary_bank_failure,customer,payment_authentication,319,9,5,4,0.5555555555555556,3323.2746695553496,60801.58775851891,67,0,0,active,686,8,6,saas,regular,0.9327571870289062,NO_ACTION,RETRY,0.866373853643012,1,3810.0
cus_741,pay_741,ord_741,730.0,INR,card,failed,temporary_bank_failure,temporary_bank_failure,customer,payment_authentication,1484,5,5,0,1.0,656.7648675669568,7641.31748538377,3,1,0,none,118,12,0,education,regular,0.7382911084661484,ALTERNATIVE_PAYMENT_METHOD,RETRY,0.8090313823425626,1,730.0
cus_742,pay_742,ord_742,16990.0,INR,netbanking,failed,network_timeout,network_timeout,customer,payment_authentication,1141,8,7,1,0.875,13767.889640208941,183577.39499349828,47,1,0,none,995,6,1,retail,regular,0.5704451695246391,RETRY,RETRY,0.7736799480579212,0,0.0
cus_743,pay_743,ord_743,5100.0,INR,card,failed,expired_card,expired_card,customer,payment_authentication,964,6,5,1,0.8333333333333334,5108.0177275584065,45899.3364162993,126,2,1,none,636,17,1,saas,new,0.2988291861069145,HUMAN_ESCALATION,ALTERNATIVE_PAYMENT_METHOD,0.3997144245827741,0,0.0
cus_744,pay_744,ord_744,1260.0,INR,upi,failed,temporary_bank_failure,temporary_bank_failure,customer,payment_authentication,279,4,2,2,0.5,1495.3583148994585,6414.354221078931,22,2,2,past_due,813,7,5,education,regular,0.4008336370341753,CUSTOMER_NOTIFICATION,NO_ACTION,0.4390913697451699,0,0.0
cus_745,pay_745,ord_745,1430.0,INR,upi,failed,card_declined,card_declined,customer,payment_authentication,1159,9,7,2,0.7777777777777778,1484.9245926928502,14435.406918768584,113,2,0,active,839,21,6,health,new,0.4668381918503826,HUMAN_ESCALATION,NO_ACTION,0.42087306224724935,0,0.0
cus_746,pay_746,ord_746,12230.0,INR,card,failed,insufficient_funds,insufficient_funds,customer,payment_authentication,566,7,5,2,0.7142857142857143,11163.674115270207,187363.91152151304,114,0,0,active,990,5,5,health,regular,0.57766429394625,ALTERNATIVE_PAYMENT_METHOD,NO_ACTION,0.4483866792061685,0,0.0
cus_747,pay_747,ord_747,1270.0,INR,upi,failed,network_timeout,network_timeout,customer,payment_authentication,961,7,4,3,0.5714285714285714,1201.5994520952672,17158.651663678687,99,2,0,none,663,4,1,saas,regular,0.4965364267316822,CUSTOMER_NOTIFICATION,NO_ACTION,0.40129840868784655,0,0.0
cus_748,pay_748,ord_748,1130.0,INR,netbanking,failed,insufficient_funds,insufficient_funds,customer,payment_authentication,975,5,2,3,0.4,1260.5727741835526,8738.64049056774,124,1,1,none,549,22,3,health,regular,0.5929308429038828,RETRY,REMINDER,0.5751180914254139,1,1130.0
cus_749,pay_749,ord_749,5690.0,INR,netbanking,failed,temporary_bank_failure,temporary_bank_failure,customer,payment_authentication,1208,4,2,2,0.5,5738.707870448907,21357.1876612505,77,0,1,active,77,1,3,saas,regular,0.675741659847845,ALTERNATIVE_PAYMENT_METHOD,RETRY,0.7584343235615658,1,5690.0
cus_750,pay_750,ord_750,450.0,INR,card,failed,temporary_bank_failure,temporary_bank_failure,customer,payment_authentication,1254,9,6,3,0.6666666666666666,464.23406059838766,7495.385283481136,118,0,1,past_due,135,0,6,education,regular,0.6674735319974396,CUSTOMER_NOTIFICATION,RETRY,0.867915388987723,1,450.0
cus_751,pay_751,ord_751,1670.0,INR,card,failed,expired_card,expired_card,customer,payment_authentication,586,9,9,0,1.0,1779.8954332413991,32282.278276279303,134,0,0,active,663,5,6,saas,regular,0.7956648987295234,HUMAN_ESCALATION,ALTERNATIVE_PAYMENT_METHOD,0.8443679933185384,1,1670.0
cus_752,pay_752,ord_752,1970.0,INR,card,failed,expired_card,expired_card,customer,payment_authentication,122,7,6,1,0.8571428571428571,2251.95798509911,30019.024015628034,105,1,2,past_due,926,4,2,education,regular,0.5164463234508057,ALTERNATIVE_PAYMENT_METHOD,ALTERNATIVE_PAYMENT_METHOD,0.5450890438284541,1,1970.0
cus_753,pay_753,ord_753,890.0,INR,upi,failed,network_timeout,network_timeout,customer,payment_authentication,652,8,7,1,0.875,957.1009750206772,13043.573997938938,126,1,1,none,850,13,6,health,regular,0.7157502541972462,RETRY,RETRY,0.7057459542238841,0,0.0
cus_754,pay_754,ord_754,380.0,INR,upi,failed,expired_card,expired_card,customer,payment_authentication,600,7,5,2,0.7142857142857143,422.02658504902456,4687.861269210127,137,1,1,none,851,20,6,saas,new,0.7101992540682169,ALTERNATIVE_PAYMENT_METHOD,ALTERNATIVE_PAYMENT_METHOD,0.6207174759235984,1,380.0
cus_755,pay_755,ord_755,1940.0,INR,card,failed,insufficient_funds,insufficient_funds,customer,payment_authentication,503,5,4,1,0.8,2133.37239136439,9976.551082128108,74,0,1,active,148,2,1,health,regular,0.8029539691412051,HUMAN_ESCALATION,REMINDER,0.7358208413820136,0,0.0
cus_756,pay_756,ord_756,3600.0,INR,card,failed,insufficient_funds,insufficient_funds,customer,payment_authentication,733,12,9,3,0.75,4521.1651166863785,37971.740121716364,164,1,1,none,448,12,5,saas,new,0.7215532536457513,RETRY,REMINDER,0.7122076982862198,0,0.0
cus_757,pay_757,ord_757,920.0,INR,wallet,failed,insufficient_funds,insufficient_funds,customer,payment_authentication,865,5,4,1,0.8,1050.5198292579125,5767.096538910011,58,0,0,none,618,7,6,retail,regular,0.5673072908984682,CUSTOMER_NOTIFICATION,REMINDER,0.6071575589565158,1,920.0
cus_758,pay_758,ord_758,560.0,INR,card,failed,upi_error,upi_error,customer,payment_authentication,935,6,4,2,0.6666666666666666,575.6447701517584,5616.834368157121,10,0,0,none,618,18,1,saas,new,0.6040627064069274,NO_ACTION,RETRY,0.7563567332328471,0,0.0
cus_759,pay_759,ord_759,6350.0,INR,upi,failed,temporary_bank_failure,temporary_bank_failure,customer,payment_authentication,562,8,8,0,1.0,7866.220379484197,107852.22724532001,173,1,1,past_due,486,7,2,saas,regular,0.7311876407926183,NO_ACTION,RETRY,0.8112394493348919,1,6350.0
cus_760,pay_760,ord_760,3070.0,INR,upi,failed,upi_error,upi_error,customer,payment_authentication,925,8,2,6,0.25,3807.531983998964,50629.92265118926,151,0,0,none,939,7,6,retail,regular,0.582738314081144,REMINDER,RETRY,0.6792187340314318,0,0.0
cus_761,pay_761,ord_761,1260.0,INR,card,failed,insufficient_funds,insufficient_funds,customer,payment_authentication,1481,9,5,4,0.5555555555555556,1147.7450934404035,13833.307078430966,73,2,1,active,224,2,5,health,regular,0.5152563385146143,HUMAN_ESCALATION,NO_ACTION,0.25599357398965567,0,0.0
cus_762,pay_762,ord_762,4540.0,INR,card,failed,temporary_bank_failure,temporary_bank_failure,customer,payment_authentication,976,11,9,2,0.8181818181818182,5371.645981951459,64074.72888510494,38,1,1,none,836,0,5,health,new,0.9698300977336276,REMINDER,RETRY,0.77034470815717,1,4540.0
cus_763,pay_763,ord_763,2300.0,INR,card,failed,temporary_bank_failure,temporary_bank_failure,customer,payment_authentication,904,5,4,1,0.8,2965.805993366239,15227.571429876594,37,1,0,none,441,23,1,saas,regular,0.5804430966556952,CUSTOMER_NOTIFICATION,RETRY,0.7063250839184341,1,2300.0
cus_764,pay_764,ord_764,10820.0,INR,wallet,failed,temporary_bank_failure,temporary_bank_failure,customer,payment_authentication,429,7,3,4,0.42857142857142855,8916.836771702689,120251.11422717392,102,0,0,none,642,10,1,education,regular,0.7519278640950621,HUMAN_ESCALATION,RETRY,0.7126504182181328,1,10820.0
cus_765,pay_765,ord_765,3510.0,INR,card,failed,network_timeout,network_timeout,customer,payment_authentication,504,5,2,3,0.4,3293.0085340124742,36888.75189244117,172,2,1,active,422,20,0,saas,new,0.5170479070896798,HUMAN_ESCALATION,REMINDER,0.6521456118540417,1,3510.0
cus_766,pay_766,ord_766,450.0,INR,card,failed,expired_card,expired_card,customer,payment_authentication,78,4,3,1,0.75,427.17177676848655,3865.619359094584,56,2,0,none,359,23,5,health,new,0.21284971565308644,ALTERNATIVE_PAYMENT_METHOD,ALTERNATIVE_PAYMENT_METHOD,0.1904853979785092,0,0.0
cus_767,pay_767,ord_767,940.0,INR,card,failed,insufficient_funds,insufficient_funds,customer,payment_authentication,762,10,9,1,0.9,1002.364019404567,19151.732173890767,127,0,0,none,571,14,5,saas,regular,0.6839458681079974,REMINDER,REMINDER,0.7330057484905531,1,940.0
cus_768,pay_768,ord_768,980.0,INR,card,failed,card_declined,card_declined,customer,payment_authentication,112,9,3,6,0.3333333333333333,1252.0502533214192,13506.71215258121,65,0,0,past_due,535,13,5,health,regular,0.31371599040594683,NO_ACTION,NO_ACTION,0.32790655850131506,0,0.0
cus_769,pay_769,ord_769,2460.0,INR,upi,failed,card_declined,card_declined,customer,payment_authentication,1171,4,3,1,0.75,2173.0779895197406,19133.900166684904,100,1,0,active,748,21,3,retail,new,0.5050986317206875,ALTERNATIVE_PAYMENT_METHOD,NO_ACTION,0.39995068557639235,0,0.0
cus_770,pay_770,ord_770,1330.0,INR,card,failed,upi_error,upi_error,customer,payment_authentication,1435,4,2,2,0.5,1532.4849389214378,12901.511145698241,114,0,0,active,72,17,0,saas,regular,0.6427273823845355,ALTERNATIVE_PAYMENT_METHOD,RETRY,0.6054838554496607,0,0.0
cus_771,pay_771,ord_771,590.0,INR,upi,failed,upi_error,upi_error,customer,payment_authentication,1209,11,9,2,0.8181818181818182,688.6109948302604,11173.787675567875,138,1,1,none,96,6,6,health,regular,0.866567449225642,CUSTOMER_NOTIFICATION,RETRY,0.779574629013549,1,590.0
cus_772,pay_772,ord_772,3260.0,INR,upi,failed,card_declined,card_declined,customer,payment_authentication,235,6,3,3,0.5,3643.6961889783884,20930.01327060138,131,0,1,none,380,23,6,saas,new,0.2709483717666858,RETRY,NO_ACTION,0.22069024302964432,0,0.0
cus_773,pay_773,ord_773,4920.0,INR,netbanking,failed,network_timeout,network_timeout,customer,payment_authentication,956,9,6,3,0.6666666666666666,5180.584368001627,55345.56200880376,39,0,0,none,201,20,2,education,regular,0.7495477037635849,HUMAN_ESCALATION,RETRY,0.8227842238198168,1,4920.0
cus_774,pay_774,ord_774,1630.0,INR,card,failed,network_timeout,network_timeout,customer,payment_authentication,646,6,4,2,0.6666666666666666,1700.142612164113,9109.77614145801,20,0,0,past_due,716,0,5,education,new,0.6276630382532942,NO_ACTION,RETRY,0.7587750549804072,1,1630.0
cus_775,pay_775,ord_775,2230.0,INR,netbanking,failed,expired_card,expired_card,customer,payment_authentication,4,9,6,3,0.6666666666666666,1938.386021813843,18813.2910695399,100,1,2,past_due,642,16,2,retail,vip,0.32141115640322226,REMINDER,ALTERNATIVE_PAYMENT_METHOD,0.35136101439446715,0,0.0
cus_776,pay_776,ord_776,690.0,INR,upi,failed,card_declined,card_declined,customer,payment_authentication,1075,8,6,2,0.75,539.8215773586876,8317.583154123267,72,0,1,past_due,141,0,5,education,vip,0.6028802929254301,HUMAN_ESCALATION,REMINDER,0.6330165337998798,0,0.0
cus_777,pay_777,ord_777,1070.0,INR,card,failed,temporary_bank_failure,temporary_bank_failure,customer,payment_authentication,1303,3,2,1,0.6666666666666666,963.4665540794854,7105.402406118034,49,0,0,active,123,5,3,health,regular,0.5192435918020785,HUMAN_ESCALATION,RETRY,0.5715167003874317,1,1070.0
cus_778,pay_778,ord_778,1120.0,INR,netbanking,failed,network_timeout,network_timeout,customer,payment_authentication,693,3,2,1,0.6666666666666666,938.2844155706746,4236.401738553512,35,1,1,active,842,15,6,education,regular,0.5635838183216119,ALTERNATIVE_PAYMENT_METHOD,RETRY,0.6340351213409605,1,1120.0
cus_779,pay_779,ord_779,3160.0,INR,netbanking,failed,upi_error,upi_error,customer,payment_authentication,1364,6,4,2,0.6666666666666666,3449.375363144978,24686.36267000455,155,0,2,active,657,16,5,health,vip,0.6223081811867808,REMINDER,RETRY,0.6156511721098606,1,3160.0
cus_780,pay_780,ord_780,2340.0,INR,card,failed,temporary_bank_failure,temporary_bank_failure,customer,payment_authentication,84,4,1,3,0.25,2835.8050624217417,13308.944002814724,15,1,2,past_due,894,5,4,retail,regular,0.9446775783281797,ALTERNATIVE_PAYMENT_METHOD,RETRY,0.8125518143132565,1,2340.0
cus_781,pay_781,ord_781,1300.0,INR,wallet,failed,network_timeout,network_timeout,customer,payment_authentication,1307,8,6,2,0.75,1033.7804625994663,20968.26583177699,24,1,0,none,656,12,0,saas,new,0.6106946021874694,REMINDER,RETRY,0.8206918098934975,1,1300.0
cus_782,pay_782,ord_782,1250.0,INR,upi,failed,upi_error,upi_error,customer,payment_authentication,1022,11,9,2,0.8181818181818182,1369.6012406405366,14088.694933738625,61,1,1,active,403,2,3,retail,new,0.6363201970413077,ALTERNATIVE_PAYMENT_METHOD,RETRY,0.7606026077353467,1,1250.0
cus_783,pay_783,ord_783,250.0,INR,upi,failed,temporary_bank_failure,temporary_bank_failure,customer,payment_authentication,1007,6,5,1,0.8333333333333334,193.280554557822,1302.4364512665106,39,3,1,none,336,11,4,saas,regular,0.3402939106503268,ALTERNATIVE_PAYMENT_METHOD,NO_ACTION,0.3141577730685499,0,0.0
cus_784,pay_784,ord_784,9010.0,INR,wallet,failed,expired_card,expired_card,customer,payment_authentication,755,9,6,3,0.6666666666666666,8361.809181731021,136140.54573263117,12,1,1,past_due,831,6,3,saas,vip,0.36079558688263313,ALTERNATIVE_PAYMENT_METHOD,ALTERNATIVE_PAYMENT_METHOD,0.546536670896301,0,0.0
cus_785,pay_785,ord_785,220.0,INR,card,failed,upi_error,upi_error,customer,payment_authentication,41,10,9,1,0.9,176.86034546722618,3351.4749940018705,43,0,2,active,988,22,1,saas,regular,0.6174457194526042,REMINDER,RETRY,0.7617808938732782,1,220.0
cus_786,pay_786,ord_786,2760.0,INR,netbanking,failed,upi_error,upi_error,customer,payment_authentication,678,5,3,2,0.6,2428.0427450658613,11650.331421459938,65,0,0,none,434,19,4,saas,new,0.9825685077379519,NO_ACTION,RETRY,0.7710091879078369,1,2760.0
cus_787,pay_787,ord_787,1880.0,INR,card,failed,temporary_bank_failure,temporary_bank_failure,customer,payment_authentication,1426,6,5,1,0.8333333333333334,2284.4726036800516,22294.35345945945,78,0,0,none,473,9,1,retail,regular,0.9114041051676998,ALTERNATIVE_PAYMENT_METHOD,RETRY,0.8551694920161832,1,1880.0
cus_788,pay_788,ord_788,1390.0,INR,netbanking,failed,insufficient_funds,insufficient_funds,customer,payment_authentication,694,6,5,1,0.8333333333333334,1323.0627528929754,12172.444753612319,94,2,1,active,397,10,6,retail,new,0.7470085014418424,CUSTOMER_NOTIFICATION,NO_ACTION,0.4800686000030916,0,0.0
cus_789,pay_789,ord_789,1790.0,INR,upi,failed,card_declined,card_declined,customer,payment_authentication,102,6,5,1,0.8333333333333334,1369.635769447795,17694.46762973905,23,1,2,none,961,22,0,saas,new,0.446850203735327,CUSTOMER_NOTIFICATION,REMINDER,0.6176488070664773,1,1790.0
cus_790,pay_790,ord_790,930.0,INR,card,failed,temporary_bank_failure,temporary_bank_failure,customer,payment_authentication,741,9,7,2,0.7777777777777778,762.0139419939729,14620.132428473586,176,1,1,past_due,120,20,1,education,regular,0.9050565664413435,ALTERNATIVE_PAYMENT_METHOD,RETRY,0.6965673586216388,1,930.0
cus_791,pay_791,ord_791,3470.0,INR,upi,failed,insufficient_funds,insufficient_funds,customer,payment_authentication,225,9,9,0,1.0,4185.468158062992,26606.189109838964,97,0,0,active,178,19,0,retail,regular,0.6408875762710327,ALTERNATIVE_PAYMENT_METHOD,REMINDER,0.7720367965827284,0,0.0
cus_792,pay_792,ord_792,490.0,INR,card,failed,temporary_bank_failure,temporary_bank_failure,customer,payment_authentication,632,5,3,2,0.6,463.58695815979985,2717.463031194103,72,1,1,none,821,13,1,retail,regular,0.5899520325663328,REMINDER,RETRY,0.5004225777464533,0,0.0
cus_793,pay_793,ord_793,2510.0,INR,card,failed,temporary_bank_failure,temporary_bank_failure,customer,payment_authentication,942,5,4,1,0.8,3166.5848211901293,19609.392166384714,131,3,0,past_due,935,10,2,saas,new,0.158313005438787,NO_ACTION,NO_ACTION,0.3759815567575914,0,0.0
cus_794,pay_794,ord_794,920.0,INR,card,failed,expired_card,expired_card,customer,payment_authentication,101,10,5,5,0.5,953.7961283828798,9345.523332715376,168,0,2,none,275,14,6,retail,new,0.8100852263913918,HUMAN_ESCALATION,ALTERNATIVE_PAYMENT_METHOD,0.7810339918326692,1,920.0
cus_795,pay_795,ord_795,1180.0,INR,card,failed,card_declined,card_declined,customer,payment_authentication,693,4,3,1,0.75,1185.0126398427776,5024.188655692876,1,0,1,active,576,18,4,health,regular,0.6860046561526778,HUMAN_ESCALATION,REMINDER,0.6499103306653862,1,1180.0
cus_796,pay_796,ord_796,1210.0,INR,card,failed,card_declined,card_declined,customer,payment_authentication,758,7,4,3,0.5714285714285714,1178.1840026557827,10865.349721107588,90,1,0,none,285,2,1,saas,regular,0.6775500012508218,CUSTOMER_NOTIFICATION,REMINDER,0.7223906523249187,0,0.0
cus_797,pay_797,ord_797,1530.0,INR,card,failed,network_timeout,network_timeout,customer,payment_authentication,1132,13,8,5,0.6153846153846154,1781.0328566901696,26874.813869488127,159,0,0,active,989,2,2,retail,regular,0.6002788210405856,ALTERNATIVE_PAYMENT_METHOD,RETRY,0.7395219468221672,1,1530.0
cus_798,pay_798,ord_798,2990.0,INR,upi,failed,insufficient_funds,insufficient_funds,customer,payment_authentication,102,5,2,3,0.4,3592.2550829913475,32378.690974208483,42,0,0,active,68,10,1,retail,regular,0.8172615117904208,CUSTOMER_NOTIFICATION,REMINDER,0.8453244855975017,0,0.0
cus_799,pay_799,ord_799,1740.0,INR,upi,failed,insufficient_funds,insufficient_funds,customer,payment_authentication,950,6,3,3,0.5,1350.6394279199335,17946.245994881392,153,1,0,active,597,12,0,education,regular,0.4769402117546341,NO_ACTION,NO_ACTION,0.45294762276119693,0,0.0
cus_800,pay_800,ord_800,4600.0,INR,upi,failed,temporary_bank_failure,temporary_bank_failure,customer,payment_authentication,933,6,5,1,0.8333333333333334,4347.224500141706,61444.55696307532,106,1,0,past_due,591,4,4,health,new,0.7676583181052409,RETRY,RETRY,0.8827821362404938,1,4600.0
cus_801,pay_801,ord_801,5140.0,INR,card,failed,temporary_bank_failure,temporary_bank_failure,customer,payment_authentication,7,8,6,2,0.75,4470.059268844234,59876.88658942815,9,1,1,none,931,1,3,education,new,0.741741914771508,REMINDER,RETRY,0.7624118620893905,0,0.0
cus_802,pay_802,ord_802,2460.0,INR,netbanking,failed,insufficient_funds,insufficient_funds,customer,payment_authentication,180,11,7,4,0.6363636363636364,3049.489304279248,38793.50500923512,157,0,0,active,565,12,1,education,regular,0.6449616538805809,REMINDER,REMINDER,0.6513121207291728,1,2460.0
cus_803,pay_803,ord_803,3580.0,INR,upi,failed,temporary_bank_failure,temporary_bank_failure,customer,payment_authentication,964,4,3,1,0.75,4084.1544083495846,19777.425036240773,12,1,2,active,349,4,5,health,regular,0.75122201962305,CUSTOMER_NOTIFICATION,RETRY,0.7060374869507807,0,0.0
cus_804,pay_804,ord_804,13700.0,INR,card,failed,temporary_bank_failure,temporary_bank_failure,customer,payment_authentication,1290,6,4,2,0.6666666666666666,11992.925115152168,77298.23794357324,128,0,0,past_due,492,3,6,education,new,0.6029180838549788,REMINDER,RETRY,0.7621626239763059,1,13700.0
cus_805,pay_805,ord_805,440.0,INR,card,failed,temporary_bank_failure,temporary_bank_failure,customer,payment_authentication,1287,3,2,1,0.6666666666666666,415.8105039523689,1625.5543297440536,103,2,1,none,632,8,5,retail,regular,0.6022130979718665,ALTERNATIVE_PAYMENT_METHOD,REMINDER,0.6617069038347781,1,440.0
cus_806,pay_806,ord_806,5300.0,INR,upi,failed,card_declined,card_declined,customer,payment_authentication,1153,11,10,1,0.9090909090909091,5043.077314650046,50118.096398532085,142,0,1,active,849,21,6,education,regular,0.7419349950491267,RETRY,REMINDER,0.7243258048601855,0,0.0
cus_807,pay_807,ord_807,8470.0,INR,card,failed,card_declined,card_declined,customer,payment_authentication,1278,3,3,0,1.0,10664.474842046633,54698.71377241132,56,0,0,none,32,2,4,retail,new,0.8009371367981124,NO_ACTION,REMINDER,0.840690684284725,1,8470.0
cus_808,pay_808,ord_808,2790.0,INR,upi,failed,upi_error,upi_error,customer,payment_authentication,910,8,5,3,0.625,2745.9462225707375,28969.43032895875,21,0,0,active,717,11,1,health,new,0.7527540442401293,NO_ACTION,RETRY,0.8625933043976629,0,0.0
cus_809,pay_809,ord_809,12140.0,INR,wallet,failed,network_timeout,network_timeout,customer,payment_authentication,236,5,3,2,0.6,8632.22928635728,53972.423148278234,88,0,1,active,583,21,3,retail,regular,0.9974133574433603,ALTERNATIVE_PAYMENT_METHOD,RETRY,0.9038322622527488,1,12140.0
cus_810,pay_810,ord_810,10650.0,INR,card,failed,expired_card,expired_card,customer,payment_authentication,797,5,3,2,0.6,12120.246153424148,107215.18583921035,134,2,0,past_due,197,0,1,education,regular,0.6160931042777953,CUSTOMER_NOTIFICATION,ALTERNATIVE_PAYMENT_METHOD,0.5192163632019294,1,10650.0
cus_811,pay_811,ord_811,1290.0,INR,card,failed,temporary_bank_failure,temporary_bank_failure,customer,payment_authentication,521,7,4,3,0.5714285714285714,977.724638097891,10642.955688781665,102,1,0,none,374,21,2,saas,new,0.4758899885709821,RETRY,RETRY,0.40055763387348114,1,1290.0
cus_812,pay_812,ord_812,1390.0,INR,wallet,failed,expired_card,expired_card,customer,payment_authentication,383,7,6,1,0.8571428571428571,1499.037084344111,20700.745336272437,15,2,1,active,554,18,2,education,regular,0.3868730353660468,HUMAN_ESCALATION,ALTERNATIVE_PAYMENT_METHOD,0.4234816284990042,1,1390.0
cus_813,pay_813,ord_813,3070.0,INR,upi,failed,temporary_bank_failure,temporary_bank_failure,customer,payment_authentication,180,6,6,0,1.0,3094.8666913180177,38037.483546189054,114,1,0,none,824,0,3,saas,regular,0.7852561152430098,REMINDER,RETRY,0.8058447775561977,0,0.0
cus_814,pay_814,ord_814,970.0,INR,card,failed,insufficient_funds,insufficient_funds,customer,payment_authentication,30,8,6,2,0.75,1122.896586154322,9558.365158427978,72,0,0,none,841,9,5,education,new,0.7372254290200193,ALTERNATIVE_PAYMENT_METHOD,REMINDER,0.6123770488350475,0,0.0
cus_815,pay_815,ord_815,27210.0,INR,netbanking,failed,insufficient_funds,insufficient_funds,customer,payment_authentication,1127,7,6,1,0.8571428571428571,28028.655743020874,219080.02947117464,131,0,0,past_due,496,2,5,saas,regular,0.9623819699172194,REMINDER,REMINDER,0.8822165416016049,1,27210.0
cus_816,pay_816,ord_816,3980.0,INR,netbanking,failed,insufficient_funds,insufficient_funds,customer,payment_authentication,256,7,4,3,0.5714285714285714,3204.4584159497717,63393.571310449675,167,0,1,active,698,9,4,saas,new,0.9029056615573919,CUSTOMER_NOTIFICATION,REMINDER,0.776501340558978,0,0.0
cus_817,pay_817,ord_817,1890.0,INR,upi,failed,insufficient_funds,insufficient_funds,customer,payment_authentication,941,7,5,2,0.7142857142857143,2336.752459971859,26694.964824098624,154,0,2,none,523,22,3,education,regular,0.6249636283188742,ALTERNATIVE_PAYMENT_METHOD,REMINDER,0.6165805425891175,0,0.0
cus_818,pay_818,ord_818,440.0,INR,upi,failed,card_declined,card_declined,customer,payment_authentication,454,11,6,5,0.5454545454545454,546.4785937194084,10056.352041770211,179,0,0,none,682,20,0,education,new,0.9103882511649893,HUMAN_ESCALATION,REMINDER,0.8494487783452124,1,440.0
cus_819,pay_819,ord_819,2330.0,INR,card,failed,network_timeout,network_timeout,customer,payment_authentication,727,6,4,2,0.6666666666666666,2219.1157583271315,11778.237744644086,109,0,1,none,983,0,5,health,new,0.7838630836766565,HUMAN_ESCALATION,RETRY,0.7174506897034822,0,0.0
cus_820,pay_820,ord_820,550.0,INR,card,failed,network_timeout,network_timeout,customer,payment_authentication,596,15,12,3,0.8,586.1080030683647,13004.897336852318,130,0,0,none,86,19,1,health,regular,0.9129953138094822,REMINDER,RETRY,0.7687193582863949,1,550.0
cus_821,pay_821,ord_821,3870.0,INR,upi,failed,card_declined,card_declined,customer,payment_authentication,450,8,6,2,0.75,3991.723811371267,36454.29063093663,18,0,2,none,890,22,4,retail,regular,0.26383387008856496,HUMAN_ESCALATION,NO_ACTION,0.4917764815282085,0,0.0
cus_822,pay_822,ord_822,150.0,INR,card,failed,expired_card,expired_card,customer,payment_authentication,721,6,5,1,0.8333333333333334,153.08138161362098,1246.5068189811634,31,0,1,none,180,15,1,health,new,0.34016581473100854,HUMAN_ESCALATION,ALTERNATIVE_PAYMENT_METHOD,0.32788424097103797,0,0.0
cus_823,pay_823,ord_823,7210.0,INR,upi,failed,temporary_bank_failure,temporary_bank_failure,customer,payment_authentication,1180,14,13,1,0.9285714285714286,5437.203538386842,88509.74750727706,24,1,0,active,931,13,2,health,vip,0.766789190770579,RETRY,RETRY,0.6714590264184619,1,7210.0
cus_824,pay_824,ord_824,1180.0,INR,netbanking,failed,network_timeout,network_timeout,customer,payment_authentication,756,2,2,0,1.0,1175.7383938495575,5921.97851951134,131,3,0,past_due,413,15,1,saas,regular,0.8381974403901434,RETRY,REMINDER,0.7205216436634768,0,0.0
cus_825,pay_825,ord_825,330.0,INR,card,failed,expired_card,expired_card,customer,payment_authentication,1187,9,7,2,0.7777777777777778,275.5793879229678,4565.012965591769,110,0,1,active,169,13,6,retail,regular,0.6568915943027561,RETRY,ALTERNATIVE_PAYMENT_METHOD,0.7021616691466209,1,330.0
cus_826,pay_826,ord_826,1780.0,INR,upi,failed,insufficient_funds,insufficient_funds,customer,payment_authentication,1366,5,5,0,1.0,2098.1016466773867,18472.4474518334,165,0,1,active,46,5,2,education,new,0.6280524251485434,NO_ACTION,REMINDER,0.5890676175171154,1,1780.0
cus_827,pay_827,ord_827,1840.0,INR,card,failed,insufficient_funds,insufficient_funds,customer,payment_authentication,737,8,5,3,0.625,2225.075316289731,14099.715560122953,127,2,1,active,880,0,6,education,new,0.4631597828184374,REMINDER,NO_ACTION,0.3896135653670052,0,0.0
cus_828,pay_828,ord_828,1700.0,INR,netbanking,failed,upi_error,upi_error,customer,payment_authentication,1204,6,4,2,0.6666666666666666,1209.0599033174196,23757.8153482221,157,0,0,active,725,1,3,health,regular,0.983821776458208,NO_ACTION,RETRY,0.8583740349099607,1,1700.0
cus_829,pay_829,ord_829,7180.0,INR,card,failed,card_declined,card_declined,customer,payment_authentication,187,7,7,0,1.0,8199.853403364645,66235.38773692661,135,0,0,active,427,8,2,education,regular,0.49461683394678085,ALTERNATIVE_PAYMENT_METHOD,NO_ACTION,0.4590381066157268,0,0.0
cus_830,pay_830,ord_830,2650.0,INR,upi,failed,expired_card,expired_card,customer,payment_authentication,849,6,4,2,0.6666666666666666,2037.6059498051166,35929.05917356923,113,0,0,active,932,17,2,retail,regular,0.8714648696807842,REMINDER,ALTERNATIVE_PAYMENT_METHOD,0.8457379959155421,1,2650.0
cus_831,pay_831,ord_831,4010.0,INR,upi,failed,card_declined,card_declined,customer,payment_authentication,698,6,6,0,1.0,2830.7023396519558,44333.563545054254,93,0,1,none,852,20,5,saas,regular,0.827468098217407,CUSTOMER_NOTIFICATION,REMINDER,0.8545419225315787,1,4010.0
cus_832,pay_832,ord_832,1410.0,INR,card,failed,insufficient_funds,insufficient_funds,customer,payment_authentication,9,14,10,4,0.7142857142857143,998.5729856791853,17797.389945410672,24,0,1,none,176,5,5,health,new,0.8483402474066624,NO_ACTION,REMINDER,0.7362042329365954,0,0.0
cus_833,pay_833,ord_833,2770.0,INR,upi,failed,expired_card,expired_card,customer,payment_authentication,1344,5,3,2,0.6,2713.5041595750736,28529.65660105928,108,0,0,past_due,508,7,6,retail,regular,0.8912334262988872,ALTERNATIVE_PAYMENT_METHOD,ALTERNATIVE_PAYMENT_METHOD,0.7668705016963869,1,2770.0
cus_834,pay_834,ord_834,490.0,INR,upi,failed,insufficient_funds,insufficient_funds,customer,payment_authentication,1112,7,5,2,0.7142857142857143,582.349160076274,5601.140830633549,95,2,2,none,643,0,0,health,regular,0.23954264704634168,RETRY,NO_ACTION,0.13518543985503137,0,0.0
cus_835,pay_835,ord_835,2340.0,INR,upi,failed,insufficient_funds,insufficient_funds,customer,payment_authentication,876,2,1,1,0.5,2075.2110893017098,6636.104438921792,175,0,1,past_due,666,21,4,health,regular,0.5426917817258462,HUMAN_ESCALATION,NO_ACTION,0.4685037497648345,0,0.0
cus_836,pay_836,ord_836,850.0,INR,netbanking,failed,card_declined,card_declined,customer,payment_authentication,1043,8,6,2,0.75,1066.560907163814,7217.069357668386,163,0,1,active,504,3,1,education,regular,0.7969326913500814,HUMAN_ESCALATION,REMINDER,0.7724256068688875,1,850.0
cus_837,pay_837,ord_837,6770.0,INR,wallet,failed,temporary_bank_failure,temporary_bank_failure,customer,payment_authentication,1131,10,8,2,0.8,6449.647076857222,144404.8633703821,62,1,1,active,250,12,6,saas,vip,0.7389185292229622,CUSTOMER_NOTIFICATION,RETRY,0.7976619157837916,0,0.0
cus_838,pay_838,ord_838,1950.0,INR,upi,failed,network_timeout,network_timeout,customer,payment_authentication,1166,8,6,2,0.75,1585.7261070190953,35067.214376386255,33,1,1,active,235,1,1,education,regular,0.748427578735098,REMINDER,RETRY,0.8224607373676907,1,1950.0
cus_839,pay_839,ord_839,3510.0,INR,upi,failed,insufficient_funds,insufficient_funds,customer,payment_authentication,442,7,6,1,0.8571428571428571,3423.819229993537,40686.52826282771,38,0,1,none,194,20,0,retail,new,0.960944300833599,HUMAN_ESCALATION,REMINDER,0.8579613644740325,1,3510.0
cus_840,pay_840,ord_840,2350.0,INR,card,failed,card_declined,card_declined,customer,payment_authentication,627,6,5,1,0.8333333333333334,2529.0135104455308,15517.27487508449,87,0,0,past_due,480,21,2,education,regular,0.8657881420039041,NO_ACTION,REMINDER,0.7525294230181768,1,2350.0
cus_841,pay_841,ord_841,11010.0,INR,netbanking,failed,card_declined,card_declined,customer,payment_authentication,515,6,4,2,0.6666666666666666,11047.694758529258,88039.86672265947,174,0,1,active,557,18,6,retail,new,0.656487110124257,NO_ACTION,REMINDER,0.6319343328695834,1,11010.0
cus_842,pay_842,ord_842,380.0,INR,upi,failed,card_declined,card_declined,customer,payment_authentication,1366,3,3,0,1.0,366.4719259704565,1482.8294198952542,155,0,1,none,945,4,4,saas,new,0.7431422652433868,REMINDER,REMINDER,0.7186754582777866,1,380.0
cus_843,pay_843,ord_843,1610.0,INR,upi,failed,card_declined,card_declined,customer,payment_authentication,176,9,7,2,0.7777777777777778,1309.0479140142484,23984.788253554478,165,0,1,none,143,11,4,education,regular,0.41302323375462885,CUSTOMER_NOTIFICATION,NO_ACTION,0.3916944109804651,0,0.0
cus_844,pay_844,ord_844,690.0,INR,card,failed,upi_error,upi_error,customer,payment_authentication,1360,5,3,2,0.6,772.5269598728522,5052.295708704398,41,0,1,active,475,22,4,health,new,0.8959074998717267,CUSTOMER_NOTIFICATION,RETRY,0.7760522529468904,1,690.0
cus_845,pay_845,ord_845,230.0,INR,netbanking,failed,expired_card,expired_card,customer,payment_authentication,514,8,5,3,0.625,209.35484061588275,2466.381226026698,1,0,0,none,624,20,1,saas,regular,0.7094453529213529,CUSTOMER_NOTIFICATION,ALTERNATIVE_PAYMENT_METHOD,0.6337928977389548,1,230.0
cus_846,pay_846,ord_846,650.0,INR,card,failed,network_timeout,network_timeout,customer,payment_authentication,1168,9,5,4,0.5555555555555556,833.5253469353602,11321.982600407353,121,1,1,active,430,3,6,saas,regular,0.6169824451439934,RETRY,RETRY,0.6600461855857905,1,650.0
cus_847,pay_847,ord_847,5840.0,INR,upi,failed,card_declined,card_declined,customer,payment_authentication,255,7,5,2,0.7142857142857143,5491.819176712178,91227.28404567672,72,2,0,active,32,20,0,retail,vip,0.7192622578622595,HUMAN_ESCALATION,REMINDER,0.6683626776973706,0,0.0
cus_848,pay_848,ord_848,1750.0,INR,card,failed,temporary_bank_failure,temporary_bank_failure,customer,payment_authentication,1265,6,3,3,0.5,1457.6364254544883,11712.636042933631,83,0,1,none,674,11,2,education,new,0.5898510452538718,CUSTOMER_NOTIFICATION,RETRY,0.7481510831711381,1,1750.0
cus_849,pay_849,ord_849,1450.0,INR,wallet,failed,insufficient_funds,insufficient_funds,customer,payment_authentication,808,5,4,1,0.8,1762.8932581828792,10777.133015171721,132,0,2,active,199,23,5,retail,regular,0.5928743758465361,CUSTOMER_NOTIFICATION,REMINDER,0.6546242735603097,1,1450.0
cus_850,pay_850,ord_850,3920.0,INR,card,failed,insufficient_funds,insufficient_funds,customer,payment_authentication,1477,9,6,3,0.6666666666666666,3234.8344929574087,54781.56433667326,178,0,1,past_due,739,10,6,education,regular,0.6850400068444318,ALTERNATIVE_PAYMENT_METHOD,REMINDER,0.859949894525043,1,3920.0
cus_851,pay_851,ord_851,2030.0,INR,card,failed,insufficient_funds,insufficient_funds,customer,payment_authentication,591,5,3,2,0.6,1625.764491065903,12419.146643063073,31,2,0,none,275,1,1,retail,regular,0.14665749638275413,NO_ACTION,NO_ACTION,0.23233164060125946,1,2030.0
cus_852,pay_852,ord_852,3340.0,INR,netbanking,failed,insufficient_funds,insufficient_funds,customer,payment_authentication,1491,6,3,3,0.5,3777.899963934785,28581.350393680845,109,0,0,active,676,11,6,retail,regular,0.6857742790807575,HUMAN_ESCALATION,REMINDER,0.7621626487736101,1,3340.0
cus_853,pay_853,ord_853,2500.0,INR,wallet,failed,insufficient_funds,insufficient_funds,customer,payment_authentication,1253,6,4,2,0.6666666666666666,2197.2244147066135,13519.37606278908,5,1,1,none,168,19,0,retail,new,0.484875342615091,CUSTOMER_NOTIFICATION,REMINDER,0.6931769374819826,1,2500.0
cus_854,pay_854,ord_854,3110.0,INR,card,failed,card_declined,card_declined,customer,payment_authentication,13,7,3,4,0.42857142857142855,2955.7725929454764,18749.265989338088,90,0,0,none,618,19,3,retail,new,0.7695603326250919,CUSTOMER_NOTIFICATION,REMINDER,0.6523216591151192,0,0.0
cus_855,pay_855,ord_855,1150.0,INR,upi,failed,temporary_bank_failure,temporary_bank_failure,customer,payment_authentication,574,5,4,1,0.8,1116.2260482757433,11883.654215300892,6,0,1,none,118,15,1,retail,new,0.698848779160169,NO_ACTION,RETRY,0.7497237262196911,1,1150.0
cus_856,pay_856,ord_856,5150.0,INR,upi,failed,network_timeout,network_timeout,customer,payment_authentication,609,9,4,5,0.4444444444444444,6026.169149093305,58752.31665471849,146,0,0,none,297,20,6,saas,regular,0.7578198293134842,HUMAN_ESCALATION,RETRY,0.7901212162481686,1,5150.0
cus_857,pay_857,ord_857,540.0,INR,netbanking,failed,insufficient_funds,insufficient_funds,customer,payment_authentication,319,8,6,2,0.75,564.0712234600379,7871.508865979442,101,0,1,active,763,16,0,education,regular,0.38770537863991666,ALTERNATIVE_PAYMENT_METHOD,NO_ACTION,0.47380446918520125,0,0.0
cus_858,pay_858,ord_858,1660.0,INR,card,failed,card_declined,card_declined,customer,payment_authentication,1317,11,10,1,0.9090909090909091,1900.4216586087268,16091.140379657496,46,2,0,past_due,269,13,4,health,new,0.45048984476895626,ALTERNATIVE_PAYMENT_METHOD,NO_ACTION,0.39393612590504223,0,0.0
cus_859,pay_859,ord_859,5410.0,INR,upi,failed,temporary_bank_failure,temporary_bank_failure,customer,payment_authentication,127,4,4,0,1.0,6992.405012714848,42519.000664793966,41,1,1,active,418,22,1,retail,vip,0.9622120451390219,REMINDER,RETRY,0.8241343479711869,1,5410.0
cus_860,pay_860,ord_860,1550.0,INR,upi,failed,expired_card,expired_card,customer,payment_authentication,388,9,6,3,0.6666666666666666,1746.1961663278264,24015.40641535442,117,0,0,none,433,6,0,retail,regular,0.5285756892873471,HUMAN_ESCALATION,ALTERNATIVE_PAYMENT_METHOD,0.4763067114587016,1,1550.0
cus_861,pay_861,ord_861,1180.0,INR,upi,failed,temporary_bank_failure,temporary_bank_failure,customer,payment_authentication,379,4,4,0,1.0,1023.428500112026,10430.559099534927,46,2,2,active,254,0,3,health,vip,0.6911051391864235,NO_ACTION,REMINDER,0.6563040666906519,0,0.0
cus_862,pay_862,ord_862,17830.0,INR,netbanking,failed,card_declined,card_declined,customer,payment_authentication,628,10,9,1,0.9,20685.821649237427,189459.5649464435,69,0,1,none,578,22,1,retail,regular,0.4199721088357732,REMINDER,REMINDER,0.6174167289354984,0,0.0
cus_863,pay_863,ord_863,7470.0,INR,upi,failed,insufficient_funds,insufficient_funds,customer,payment_authentication,1046,10,8,2,0.8,9038.350717332505,116389.89736167657,2,0,1,active,304,18,3,retail,regular,0.7892052601794161,REMINDER,REMINDER,0.799342680923996,1,7470.0
cus_864,pay_864,ord_864,2080.0,INR,card,failed,upi_error,upi_error,customer,payment_authentication,11,6,4,2,0.6666666666666666,1993.6320443819427,27249.590735615602,62,1,0,active,527,18,2,retail,regular,0.939520958487806,ALTERNATIVE_PAYMENT_METHOD,RETRY,0.8747968094404093,1,2080.0
cus_865,pay_865,ord_865,690.0,INR,wallet,failed,insufficient_funds,insufficient_funds,customer,payment_authentication,939,10,9,1,0.9,756.0479478569209,7482.586831194246,130,2,1,active,793,9,3,saas,vip,0.8924812398229256,NO_ACTION,REMINDER,0.7725629535286371,1,690.0
cus_866,pay_866,ord_866,240.0,INR,netbanking,failed,expired_card,expired_card,customer,payment_authentication,607,5,3,2,0.6,238.6170520742418,1241.7467080204656,10,3,0,past_due,752,12,1,retail,new,0.18128254012304248,CUSTOMER_NOTIFICATION,ALTERNATIVE_PAYMENT_METHOD,0.12062958123115813,1,240.0
cus_867,pay_867,ord_867,3670.0,INR,netbanking,failed,insufficient_funds,insufficient_funds,customer,payment_authentication,930,5,3,2,0.6,2849.867751882816,25283.245852025102,151,1,0,active,225,14,5,retail,new,0.565610074269722,NO_ACTION,NO_ACTION,0.3568238148807954,0,0.0
cus_868,pay_868,ord_868,6410.0,INR,card,failed,card_declined,card_declined,customer,payment_authentication,93,6,4,2,0.6666666666666666,7289.982325908114,87718.60147429415,48,0,0,active,686,15,6,retail,regular,0.5897601658697418,REMINDER,REMINDER,0.662599973733957,1,6410.0
cus_869,pay_869,ord_869,2690.0,INR,card,failed,expired_card,expired_card,customer,payment_authentication,1287,7,5,2,0.7142857142857143,2599.0464054593754,19467.161755211782,132,2,1,none,761,5,0,health,regular,0.47930720554510164,ALTERNATIVE_PAYMENT_METHOD,ALTERNATIVE_PAYMENT_METHOD,0.552143930506787,0,0.0
cus_870,pay_870,ord_870,330.0,INR,upi,failed,insufficient_funds,insufficient_funds,customer,payment_authentication,866,11,9,2,0.8181818181818182,299.58948917418155,3386.334270590706,25,2,1,active,560,9,2,health,regular,0.41437354977277807,ALTERNATIVE_PAYMENT_METHOD,NO_ACTION,0.3760386408540371,0,0.0
cus_871,pay_871,ord_871,2120.0,INR,card,failed,temporary_bank_failure,temporary_bank_failure,customer,payment_authentication,379,7,2,5,0.2857142857142857,2078.960563966789,33870.330184372666,24,0,0,past_due,729,6,6,saas,new,0.9405651627964927,NO_ACTION,RETRY,0.8127944897499583,1,2120.0
cus_872,pay_872,ord_872,1110.0,INR,wallet,failed,temporary_bank_failure,temporary_bank_failure,customer,payment_authentication,1184,7,4,3,0.5714285714285714,1164.6455212326741,10754.597031933241,156,0,1,active,419,10,6,saas,new,0.9493304156711737,NO_ACTION,RETRY,0.8054452026500551,1,1110.0
cus_873,pay_873,ord_873,2130.0,INR,card,failed,temporary_bank_failure,temporary_bank_failure,customer,payment_authentication,706,4,3,1,0.75,2458.277791470753,9521.34965427431,172,0,0,past_due,67,14,6,retail,new,0.339761375546709,NO_ACTION,RETRY,0.5432979520871988,0,0.0
cus_874,pay_874,ord_874,12620.0,INR,upi,failed,upi_error,upi_error,customer,payment_authentication,586,2,2,0,1.0,15714.61570830736,53996.13555528262,48,1,1,active,576,6,0,education,regular,0.8446545635436751,ALTERNATIVE_PAYMENT_METHOD,RETRY,0.8336110615358011,1,12620.0
cus_875,pay_875,ord_875,3980.0,INR,netbanking,failed,insufficient_funds,insufficient_funds,customer,payment_authentication,253,2,1,1,0.5,4419.996142765693,8573.09562148067,173,0,1,none,906,8,6,health,regular,0.43269799135260634,ALTERNATIVE_PAYMENT_METHOD,NO_ACTION,0.3374485121910114,0,0.0
cus_876,pay_876,ord_876,3220.0,INR,card,failed,temporary_bank_failure,temporary_bank_failure,customer,payment_authentication,736,11,6,5,0.5454545454545454,4174.973291628978,48425.481540389264,147,3,2,none,481,8,0,health,vip,0.5099439901608037,HUMAN_ESCALATION,NO_ACTION,0.4174815473023569,0,0.0
cus_877,pay_877,ord_877,1730.0,INR,card,failed,upi_error,upi_error,customer,payment_authentication,328,5,3,2,0.6,1374.4726059476543,7754.7356235709085,46,2,0,active,564,7,1,saas,vip,0.5456477458778434,NO_ACTION,NO_ACTION,0.48916185342787466,0,0.0
cus_878,pay_878,ord_878,2740.0,INR,upi,failed,temporary_bank_failure,temporary_bank_failure,customer,payment_authentication,1100,3,1,2,0.3333333333333333,2171.72822058522,15726.94397046824,144,1,1,none,673,19,3,education,vip,0.6905000680848813,CUSTOMER_NOTIFICATION,RETRY,0.6990225331487511,0,0.0
cus_879,pay_879,ord_879,880.0,INR,upi,failed,insufficient_funds,insufficient_funds,customer,payment_authentication,557,8,3,5,0.375,1033.3485927273089,11976.632545573972,176,0,1,none,838,0,6,health,new,0.1910652760966962,HUMAN_ESCALATION,NO_ACTION,0.49459357457074765,0,0.0
cus_880,pay_880,ord_880,3150.0,INR,upi,failed,card_declined,card_declined,customer,payment_authentication,178,7,4,3,0.5714285714285714,3402.3408104787,17755.567159886028,54,0,1,none,491,14,3,saas,regular,0.7194833486018122,RETRY,NO_ACTION,0.5138575407649536,0,0.0
cus_881,pay_881,ord_881,1490.0,INR,upi,failed,upi_error,upi_error,customer,payment_authentication,1060,7,6,1,0.8571428571428571,1813.7304906982245,16288.879802869527,79,1,2,active,318,3,5,retail,regular,0.9863632702984994,REMINDER,RETRY,0.9251560804250261,1,1490.0
cus_882,pay_882,ord_882,790.0,INR,wallet,failed,card_declined,card_declined,customer,payment_authentication,1267,8,8,0,1.0,874.8195426926771,13711.20949823568,51,0,0,active,630,11,3,retail,regular,0.5048283592572765,HUMAN_ESCALATION,REMINDER,0.5930051301191605,0,0.0
cus_883,pay_883,ord_883,4080.0,INR,upi,failed,expired_card,expired_card,customer,payment_authentication,1250,6,5,1,0.8333333333333334,2886.834832855835,34772.254877091866,7,3,1,none,689,14,3,saas,vip,0.41632923190044846,ALTERNATIVE_PAYMENT_METHOD,ALTERNATIVE_PAYMENT_METHOD,0.44871608000326313,1,4080.0
cus_884,pay_884,ord_884,190.0,INR,card,failed,upi_error,upi_error,customer,payment_authentication,727,4,4,0,1.0,209.687323447891,1843.811005974039,168,0,2,active,670,11,0,retail,new,0.8953697039093997,NO_ACTION,RETRY,0.8693065959480426,1,190.0
cus_885,pay_885,ord_885,1050.0,INR,card,failed,temporary_bank_failure,temporary_bank_failure,customer,payment_authentication,461,8,8,0,1.0,868.3421800504159,18451.24261256266,103,0,0,active,602,9,6,health,regular,0.9192301670450165,NO_ACTION,RETRY,0.8717110983423254,0,0.0
cus_886,pay_886,ord_886,3340.0,INR,card,failed,upi_error,upi_error,customer,payment_authentication,332,2,2,0,1.0,3233.6653392220564,10143.494664950123,32,2,1,active,999,14,0,saas,regular,0.4312117572896025,NO_ACTION,REMINDER,0.5701898042927728,0,0.0
cus_887,pay_887,ord_887,6150.0,INR,card,failed,network_timeout,network_timeout,customer,payment_authentication,597,11,7,4,0.6363636363636364,6856.680538015907,107053.72755394987,94,0,0,active,270,0,1,retail,vip,0.622607331173301,CUSTOMER_NOTIFICATION,RETRY,0.7217006112887107,1,6150.0
cus_888,pay_888,ord_888,2900.0,INR,card,failed,upi_error,upi_error,customer,payment_authentication,153,7,7,0,1.0,3171.9409763084536,41282.22280124763,140,0,0,active,316,21,5,health,regular,0.9629375362100769,HUMAN_ESCALATION,RETRY,0.9129109747252692,1,2900.0
cus_889,pay_889,ord_889,920.0,INR,upi,failed,insufficient_funds,insufficient_funds,customer,payment_authentication,1331,6,3,3,0.5,855.1617133664333,10445.064929210312,154,0,0,active,851,8,4,saas,regular,0.6408493019683427,CUSTOMER_NOTIFICATION,REMINDER,0.6985539503808378,1,920.0
cus_890,pay_890,ord_890,1720.0,INR,card,failed,temporary_bank_failure,temporary_bank_failure,customer,payment_authentication,374,5,2,3,0.4,1939.8847236262657,17421.892343642856,140,0,0,active,181,1,2,health,regular,0.5253426745720639,ALTERNATIVE_PAYMENT_METHOD,RETRY,0.7032040087250282,1,1720.0
cus_891,pay_891,ord_891,2420.0,INR,wallet,failed,card_declined,card_declined,customer,payment_authentication,1170,11,9,2,0.8181818181818182,3064.9149645338857,30178.58488870181,64,0,1,none,813,8,1,education,vip,0.41141116010356654,HUMAN_ESCALATION,NO_ACTION,0.4905531774774095,0,0.0
cus_892,pay_892,ord_892,8610.0,INR,card,failed,expired_card,expired_card,customer,payment_authentication,578,3,3,0,1.0,7219.169047835023,65218.25636463083,166,0,1,none,247,8,1,saas,vip,0.7731988198409686,ALTERNATIVE_PAYMENT_METHOD,ALTERNATIVE_PAYMENT_METHOD,0.7744295615074175,0,0.0
cus_893,pay_893,ord_893,4540.0,INR,card,failed,expired_card,expired_card,customer,payment_authentication,1035,7,5,2,0.7142857142857143,3503.3429558094494,36550.17387444365,137,1,0,past_due,670,5,1,health,new,0.6152618629764133,HUMAN_ESCALATION,ALTERNATIVE_PAYMENT_METHOD,0.7791610648215312,1,4540.0
cus_894,pay_894,ord_894,4570.0,INR,netbanking,failed,upi_error,upi_error,customer,payment_authentication,1366,6,3,3,0.5,3569.2211663446833,49208.614450557216,80,0,0,none,853,14,5,saas,vip,0.8029529758269227,ALTERNATIVE_PAYMENT_METHOD,RETRY,0.6394592503677758,1,4570.0
cus_895,pay_895,ord_895,1930.0,INR,netbanking,failed,card_declined,card_declined,customer,payment_authentication,611,7,4,3,0.5714285714285714,1880.9135605081315,28565.933171119777,141,0,0,none,868,3,5,retail,regular,0.6766352146740375,ALTERNATIVE_PAYMENT_METHOD,REMINDER,0.557821098442001,1,1930.0
cus_896,pay_896,ord_896,620.0,INR,card,failed,insufficient_funds,insufficient_funds,customer,payment_authentication,1447,5,5,0,1.0,544.9447423244851,4342.513833878097,178,0,1,active,604,8,4,health,new,0.7840414903527697,ALTERNATIVE_PAYMENT_METHOD,REMINDER,0.6923954835911383,0,0.0
cus_897,pay_897,ord_897,440.0,INR,card,failed,insufficient_funds,insufficient_funds,customer,payment_authentication,512,5,3,2,0.6,431.413543302542,3742.9215866261015,6,1,0,none,219,0,4,education,regular,0.6172388084363789,NO_ACTION,REMINDER,0.6081544429318883,1,440.0
cus_898,pay_898,ord_898,1340.0,INR,card,failed,temporary_bank_failure,temporary_bank_failure,customer,payment_authentication,382,2,1,1,0.5,1005.8118268085603,6422.618779963184,109,1,1,none,338,5,2,retail,regular,0.4060383308244932,ALTERNATIVE_PAYMENT_METHOD,RETRY,0.5296113937970115,0,0.0
cus_899,pay_899,ord_899,3640.0,INR,upi,failed,temporary_bank_failure,temporary_bank_failure,customer,payment_authentication,1085,10,8,2,0.8,3087.300188882554,76357.64129795735,121,1,0,none,710,15,4,saas,regular,0.7548874835188756,CUSTOMER_NOTIFICATION,RETRY,0.8388107128333545,1,3640.0
cus_900,pay_900,ord_900,1090.0,INR,upi,failed,temporary_bank_failure,temporary_bank_failure,customer,payment_authentication,211,10,7,3,0.7,990.0455258485264,15376.546974738063,157,1,1,active,637,6,6,saas,regular,0.9916002108697888,HUMAN_ESCALATION,RETRY,0.8592891134132127,1,1090.0
cus_901,pay_901,ord_901,3200.0,INR,card,failed,network_timeout,network_timeout,customer,payment_authentication,140,10,7,3,0.7,4032.977343840419,52242.60569108683,86,0,1,none,288,18,2,saas,regular,0.560393432593995,NO_ACTION,RETRY,0.6397567239393567,1,3200.0
cus_902,pay_902,ord_902,820.0,INR,card,failed,card_declined,card_declined,customer,payment_authentication,552,4,4,0,1.0,720.1426702208107,3625.7625711875744,61,0,1,none,572,12,3,saas,regular,0.4706249810193975,HUMAN_ESCALATION,NO_ACTION,0.4738853588292874,0,0.0
cus_903,pay_903,ord_903,950.0,INR,upi,failed,expired_card,expired_card,customer,payment_authentication,815,7,3,4,0.42857142857142855,692.4746463889832,5964.401161106239,36,0,1,active,939,5,6,saas,new,0.4468658164140238,CUSTOMER_NOTIFICATION,ALTERNATIVE_PAYMENT_METHOD,0.4758226615712408,1,950.0
cus_904,pay_904,ord_904,7390.0,INR,wallet,failed,insufficient_funds,insufficient_funds,customer,payment_authentication,702,4,4,0,1.0,6552.114961722186,26894.608060591636,74,0,2,none,57,6,1,education,regular,0.8309486449444431,REMINDER,REMINDER,0.846612435175187,1,7390.0
cus_905,pay_905,ord_905,3890.0,INR,upi,failed,card_declined,card_declined,customer,payment_authentication,92,4,2,2,0.5,4909.685514901028,25665.42432307169,75,1,0,active,564,7,3,health,regular,0.5147016064132266,REMINDER,NO_ACTION,0.5272882035024242,0,0.0
cus_906,pay_906,ord_906,1330.0,INR,upi,failed,network_timeout,network_timeout,customer,payment_authentication,822,4,2,2,0.5,1271.9349869030968,9372.741686980415,149,1,1,active,552,12,4,health,regular,0.7478918224921358,CUSTOMER_NOTIFICATION,RETRY,0.7717612548347422,1,1330.0
cus_907,pay_907,ord_907,790.0,INR,card,failed,network_timeout,network_timeout,customer,payment_authentication,935,8,7,1,0.875,941.0016655060355,5775.200226818485,154,0,0,active,849,21,2,saas,regular,0.5347536872227098,RETRY,RETRY,0.5799022818601903,0,0.0
cus_908,pay_908,ord_908,4670.0,INR,card,failed,expired_card,expired_card,customer,payment_authentication,427,9,6,3,0.6666666666666666,4017.868139750309,43684.37862115728,91,1,2,active,257,5,0,health,vip,0.5812369800082134,HUMAN_ESCALATION,ALTERNATIVE_PAYMENT_METHOD,0.6131623784683355,0,0.0
cus_909,pay_909,ord_909,4340.0,INR,card,failed,network_timeout,network_timeout,customer,payment_authentication,853,12,11,1,0.9166666666666666,3391.5676819119412,59026.10995043304,124,0,1,active,179,23,1,health,regular,0.4875084098231838,HUMAN_ESCALATION,RETRY,0.5083785721227329,0,0.0
cus_910,pay_910,ord_910,3430.0,INR,netbanking,failed,expired_card,expired_card,customer,payment_authentication,532,10,8,2,0.8,3423.117968547123,70127.13321000536,132,0,1,none,442,15,6,education,regular,0.7639516839791931,CUSTOMER_NOTIFICATION,ALTERNATIVE_PAYMENT_METHOD,0.8583921434448866,1,3430.0
cus_911,pay_911,ord_911,1510.0,INR,netbanking,failed,expired_card,expired_card,customer,payment_authentication,90,6,5,1,0.8333333333333334,1692.7945787641747,8762.93589945986,112,0,2,none,318,13,1,retail,new,0.6628659106800148,CUSTOMER_NOTIFICATION,ALTERNATIVE_PAYMENT_METHOD,0.8029434688402606,1,1510.0
cus_912,pay_912,ord_912,610.0,INR,wallet,failed,network_timeout,network_timeout,customer,payment_authentication,1116,6,3,3,0.5,736.3445448348825,5707.272342698408,135,1,0,past_due,888,7,6,retail,regular,0.5204498237252603,NO_ACTION,RETRY,0.5574799738226446,1,610.0
cus_913,pay_913,ord_913,1780.0,INR,wallet,failed,insufficient_funds,insufficient_funds,customer,payment_authentication,630,7,3,4,0.42857142857142855,1503.4299442396793,24575.21434480723,14,0,0,past_due,763,9,5,retail,regular,0.126121776518342,NO_ACTION,NO_ACTION,0.2136524760511842,0,0.0
cus_914,pay_914,ord_914,7390.0,INR,wallet,failed,insufficient_funds,insufficient_funds,customer,payment_authentication,1475,5,4,1,0.8,9547.815815576427,81196.52994632475,83,0,0,none,392,18,4,saas,regular,0.6896936590910162,NO_ACTION,REMINDER,0.6962937745005351,1,7390.0
cus_915,pay_915,ord_915,730.0,INR,wallet,failed,insufficient_funds,insufficient_funds,customer,payment_authentication,289,5,4,1,0.8,725.2874506124342,7012.713180597232,120,0,0,none,358,23,2,education,regular,0.6744114615817038,NO_ACTION,REMINDER,0.7811038259355756,1,730.0
cus_916,pay_916,ord_916,1900.0,INR,card,failed,expired_card,expired_card,customer,payment_authentication,12,2,0,2,0.0,1902.6072621183166,5957.739817584524,93,0,1,none,12,12,2,education,vip,0.2096690722791287,HUMAN_ESCALATION,ALTERNATIVE_PAYMENT_METHOD,0.39891236642569544,0,0.0
cus_917,pay_917,ord_917,9280.0,INR,card,failed,expired_card,expired_card,customer,payment_authentication,1197,10,7,3,0.7,11276.378023989459,87568.71368572532,136,0,0,none,89,1,2,saas,regular,1.0,ALTERNATIVE_PAYMENT_METHOD,ALTERNATIVE_PAYMENT_METHOD,0.883982636670968,1,9280.0
cus_918,pay_918,ord_918,1330.0,INR,card,failed,card_declined,card_declined,customer,payment_authentication,1293,5,5,0,1.0,1256.0300688428108,7224.035962631399,56,0,0,none,556,13,2,saas,new,0.5956322637565985,NO_ACTION,REMINDER,0.658889193702038,0,0.0
cus_919,pay_919,ord_919,1590.0,INR,upi,failed,insufficient_funds,insufficient_funds,customer,payment_authentication,1370,4,3,1,0.75,1835.5410421881363,13525.794003596448,170,0,0,none,657,7,2,saas,regular,0.647287305576479,NO_ACTION,REMINDER,0.8696633281725483,1,1590.0
cus_920,pay_920,ord_920,470.0,INR,card,failed,temporary_bank_failure,temporary_bank_failure,customer,payment_authentication,1484,5,4,1,0.8,489.0782694781655,3061.090759766251,22,1,0,active,795,18,2,retail,new,0.44936330356012844,HUMAN_ESCALATION,RETRY,0.37503473924171676,0,0.0
cus_921,pay_921,ord_921,3370.0,INR,netbanking,failed,network_timeout,network_timeout,customer,payment_authentication,472,9,7,2,0.7777777777777778,2632.790092165718,38392.17281212445,143,1,0,none,110,12,2,retail,regular,0.6158360047092438,NO_ACTION,RETRY,0.6650374591212455,1,3370.0
cus_922,pay_922,ord_922,860.0,INR,upi,failed,insufficient_funds,insufficient_funds,customer,payment_authentication,1018,4,3,1,0.75,618.9937772743216,3991.1782648350186,130,0,1,none,160,3,2,education,regular,0.3810528126467537,CUSTOMER_NOTIFICATION,NO_ACTION,0.38785946169326424,0,0.0
cus_923,pay_923,ord_923,380.0,INR,upi,failed,upi_error,upi_error,customer,payment_authentication,44,8,5,3,0.625,478.99838141302325,4326.43255750382,14,1,0,active,555,5,3,retail,regular,0.7559988443717954,RETRY,RETRY,0.7442802685272,1,380.0
cus_924,pay_924,ord_924,700.0,INR,card,failed,temporary_bank_failure,temporary_bank_failure,customer,payment_authentication,626,6,4,2,0.6666666666666666,853.926694588048,5561.0325863474045,44,0,2,none,88,21,3,retail,regular,0.6719069996093676,NO_ACTION,RETRY,0.5798895457560068,1,700.0
cus_925,pay_925,ord_925,2230.0,INR,card,failed,expired_card,expired_card,customer,payment_authentication,1346,6,5,1,0.8333333333333334,2876.986635384057,18171.943172371968,169,0,0,active,836,22,6,retail,regular,0.8247328365837387,ALTERNATIVE_PAYMENT_METHOD,ALTERNATIVE_PAYMENT_METHOD,0.8033126696483078,1,2230.0
cus_926,pay_926,ord_926,370.0,INR,card,failed,expired_card,expired_card,customer,payment_authentication,951,6,4,2,0.6666666666666666,408.669447514248,1926.7717254619517,122,0,0,none,442,9,1,education,regular,0.49885371401477374,CUSTOMER_NOTIFICATION,ALTERNATIVE_PAYMENT_METHOD,0.6480465862757301,1,370.0
cus_927,pay_927,ord_927,450.0,INR,netbanking,failed,network_timeout,network_timeout,customer,payment_authentication,1266,11,8,3,0.7272727272727273,489.3463766634473,7027.23696594745,142,1,0,none,583,12,6,saas,regular,0.589135792922445,CUSTOMER_NOTIFICATION,RETRY,0.7178925331386977,1,450.0
cus_928,pay_928,ord_928,3160.0,INR,upi,failed,temporary_bank_failure,temporary_bank_failure,customer,payment_authentication,1419,9,6,3,0.6666666666666666,2607.379196778321,26716.49092171479,151,0,0,none,780,8,5,retail,regular,0.6322203589510158,HUMAN_ESCALATION,RETRY,0.7850108255883967,1,3160.0
cus_929,pay_929,ord_929,1680.0,INR,upi,failed,upi_error,upi_error,customer,payment_authentication,1195,6,6,0,1.0,1823.4382643352174,16421.428804923675,0,0,2,none,500,21,6,retail,regular,0.6914598628621789,RETRY,RETRY,0.7503271884903788,0,0.0
cus_930,pay_930,ord_930,720.0,INR,card,failed,expired_card,expired_card,customer,payment_authentication,1031,5,4,1,0.8,714.9913137877222,6782.135472793022,153,0,1,none,73,20,5,health,regular,0.746930483797041,RETRY,ALTERNATIVE_PAYMENT_METHOD,0.7171089554687846,1,720.0
cus_931,pay_931,ord_931,1310.0,INR,card,failed,card_declined,card_declined,customer,payment_authentication,535,7,5,2,0.7142857142857143,1213.5844018204846,14776.15546122302,128,0,0,none,228,7,4,health,regular,0.46106170102691435,REMINDER,REMINDER,0.5514100457255415,0,0.0
cus_932,pay_932,ord_932,10280.0,INR,upi,failed,expired_card,expired_card,customer,payment_authentication,797,6,5,1,0.8333333333333334,11405.370135322095,64073.99359856661,44,2,2,past_due,347,5,2,health,regular,0.5749760924695941,ALTERNATIVE_PAYMENT_METHOD,ALTERNATIVE_PAYMENT_METHOD,0.6519024993872004,1,10280.0
cus_933,pay_933,ord_933,6510.0,INR,netbanking,failed,temporary_bank_failure,temporary_bank_failure,customer,payment_authentication,120,6,4,2,0.6666666666666666,4888.988222269785,68420.79346207803,54,0,1,active,162,3,6,education,regular,0.8433000734861549,CUSTOMER_NOTIFICATION,RETRY,0.9243780832306836,1,6510.0
cus_934,pay_934,ord_934,1620.0,INR,netbanking,failed,expired_card,expired_card,customer,payment_authentication,866,8,6,2,0.75,1623.7800698978435,18030.179942441842,70,1,1,none,515,18,5,health,regular,0.43269032756506054,RETRY,ALTERNATIVE_PAYMENT_METHOD,0.500197714681845,0,0.0
cus_935,pay_935,ord_935,4090.0,INR,card,failed,insufficient_funds,insufficient_funds,customer,payment_authentication,1462,5,4,1,0.8,4723.4116486624325,28643.356878868708,108,2,0,active,18,21,2,health,regular,0.7478549297054045,NO_ACTION,REMINDER,0.6888308514297511,1,4090.0
cus_936,pay_936,ord_936,2040.0,INR,wallet,failed,insufficient_funds,insufficient_funds,customer,payment_authentication,222,9,6,3,0.6666666666666666,2443.8965498671623,18225.5500194708,48,1,0,none,145,12,1,health,vip,0.5128178710680102,HUMAN_ESCALATION,REMINDER,0.5502911696202609,0,0.0
cus_937,pay_937,ord_937,310.0,INR,card,failed,card_declined,card_declined,customer,payment_authentication,740,6,4,2,0.6666666666666666,308.1428483984143,4324.007337240927,50,0,0,active,800,11,1,retail,vip,0.7605458953414848,NO_ACTION,REMINDER,0.6581653829551887,0,0.0
cus_938,pay_938,ord_938,260.0,INR,netbanking,failed,expired_card,expired_card,customer,payment_authentication,1349,8,5,3,0.625,237.00333624580855,2832.5091424433976,97,2,0,none,126,8,4,retail,vip,0.11320481507346217,ALTERNATIVE_PAYMENT_METHOD,ALTERNATIVE_PAYMENT_METHOD,0.17453774516775364,0,0.0
cus_939,pay_939,ord_939,730.0,INR,card,failed,temporary_bank_failure,temporary_bank_failure,customer,payment_authentication,535,6,4,2,0.6666666666666666,761.6982023857756,6608.669885037533,131,1,2,active,30,19,6,retail,regular,0.5609017122839544,RETRY,RETRY,0.5658881446654724,1,730.0
cus_940,pay_940,ord_940,370.0,INR,card,failed,temporary_bank_failure,temporary_bank_failure,customer,payment_authentication,884,6,3,3,0.5,287.47132846275946,2130.785431538664,77,3,0,none,446,1,6,education,vip,0.24340469879921853,HUMAN_ESCALATION,NO_ACTION,0.2705542877354789,0,0.0
cus_941,pay_941,ord_941,2370.0,INR,netbanking,failed,temporary_bank_failure,temporary_bank_failure,customer,payment_authentication,1166,8,5,3,0.625,1789.082968291881,33661.19395789469,33,0,0,none,858,7,5,retail,regular,0.9229295043273029,HUMAN_ESCALATION,RETRY,0.9017445073554018,1,2370.0
cus_942,pay_942,ord_942,1040.0,INR,card,failed,temporary_bank_failure,temporary_bank_failure,customer,payment_authentication,1182,7,6,1,0.8571428571428571,1239.1415585075624,8881.234849080194,20,1,1,active,243,14,5,education,new,0.7394382912853115,RETRY,RETRY,0.6934007723226703,1,1040.0
cus_943,pay_943,ord_943,2770.0,INR,upi,failed,card_declined,card_declined,customer,payment_authentication,1006,7,4,3,0.5714285714285714,2149.2440708347176,36834.676399854434,150,1,1,past_due,396,2,2,saas,regular,0.6098683441798347,RETRY,REMINDER,0.6143673383827832,1,2770.0
cus_944,pay_944,ord_944,2810.0,INR,upi,failed,temporary_bank_failure,temporary_bank_failure,customer,payment_authentication,94,7,6,1,0.8571428571428571,2670.514391611138,17697.722805973157,88,0,1,active,761,8,5,saas,new,1.0,ALTERNATIVE_PAYMENT_METHOD,RETRY,0.8219407448079122,1,2810.0
cus_945,pay_945,ord_945,3600.0,INR,card,failed,network_timeout,network_timeout,customer,payment_authentication,63,6,4,2,0.6666666666666666,3409.371348365718,27364.3912491335,13,0,0,active,910,15,1,retail,regular,0.9029618792897943,NO_ACTION,RETRY,0.7569903304609891,1,3600.0
cus_946,pay_946,ord_946,710.0,INR,upi,failed,temporary_bank_failure,temporary_bank_failure,customer,payment_authentication,1132,8,3,5,0.375,915.7849835989708,10667.15377087204,67,0,0,none,299,8,3,health,vip,0.39318133326747234,RETRY,RETRY,0.45362507391458323,1,710.0
cus_947,pay_947,ord_947,3030.0,INR,netbanking,failed,temporary_bank_failure,temporary_bank_failure,customer,payment_authentication,1437,12,10,2,0.8333333333333334,3403.016379997908,47851.34925432243,4,0,0,active,156,6,2,retail,regular,0.745408107290479,CUSTOMER_NOTIFICATION,RETRY,0.6165981956000363,0,0.0
cus_948,pay_948,ord_948,700.0,INR,netbanking,failed,network_timeout,network_timeout,customer,payment_authentication,402,5,4,1,0.8,811.9473875753872,3127.199402013269,36,0,1,none,246,17,1,retail,regular,0.8492379922753119,NO_ACTION,RETRY,0.7312667704623451,1,700.0
cus_949,pay_949,ord_949,3680.0,INR,card,failed,insufficient_funds,insufficient_funds,customer,payment_authentication,834,6,5,1,0.8333333333333334,4055.172223180739,44472.194699098545,23,1,0,active,810,22,3,education,new,0.4401818065814542,RETRY,REMINDER,0.5746429172204264,1,3680.0
cus_950,pay_950,ord_950,6140.0,INR,upi,failed,insufficient_funds,insufficient_funds,customer,payment_authentication,107,3,0,3,0.0,5301.94793548858,48021.596602292055,167,1,1,none,336,5,5,health,regular,0.0,NO_ACTION,NO_ACTION,0.2100677167033108,0,0.0
cus_951,pay_951,ord_951,3730.0,INR,card,failed,upi_error,upi_error,customer,payment_authentication,283,9,7,2,0.7777777777777778,3419.1972166066776,44367.160332497624,69,1,1,none,865,7,5,saas,regular,0.8034837127279917,NO_ACTION,RETRY,0.7847755871904272,1,3730.0
cus_952,pay_952,ord_952,1510.0,INR,card,failed,upi_error,upi_error,customer,payment_authentication,727,7,4,3,0.5714285714285714,1223.01753739578,18217.527643745005,31,1,1,none,493,5,4,retail,regular,0.8659700048872974,ALTERNATIVE_PAYMENT_METHOD,RETRY,0.8820142874826556,1,1510.0
cus_953,pay_953,ord_953,3190.0,INR,card,failed,card_declined,card_declined,customer,payment_authentication,24,8,8,0,1.0,3270.6501694667663,34005.45421988761,118,0,2,active,417,6,2,health,regular,0.6379802354498976,RETRY,REMINDER,0.8885941685778388,1,3190.0
cus_954,pay_954,ord_954,390.0,INR,wallet,failed,temporary_bank_failure,temporary_bank_failure,customer,payment_authentication,883,3,3,0,1.0,291.23122988939264,2217.504540096752,179,0,1,active,725,22,4,health,new,0.8225065823272678,HUMAN_ESCALATION,RETRY,0.8123712531616862,1,390.0
cus_955,pay_955,ord_955,310.0,INR,netbanking,failed,card_declined,card_declined,customer,payment_authentication,828,5,5,0,1.0,385.1190561956817,3087.8467317240493,86,0,1,none,982,18,3,health,regular,0.6771016661085622,REMINDER,REMINDER,0.6750583170243791,0,0.0
cus_956,pay_956,ord_956,2880.0,INR,netbanking,failed,upi_error,upi_error,customer,payment_authentication,139,7,4,3,0.5714285714285714,2355.4645857952873,35084.99612364178,32,0,0,active,749,19,2,retail,regular,0.7765856978911783,ALTERNATIVE_PAYMENT_METHOD,RETRY,0.8400732883914439,1,2880.0
cus_957,pay_957,ord_957,6690.0,INR,upi,failed,upi_error,upi_error,customer,payment_authentication,891,7,6,1,0.8571428571428571,5539.989215866664,59360.306551164525,85,1,0,none,211,9,1,education,regular,0.9733110761457895,RETRY,RETRY,0.8181042736058592,1,6690.0
cus_958,pay_958,ord_958,530.0,INR,upi,failed,temporary_bank_failure,temporary_bank_failure,customer,payment_authentication,683,13,7,6,0.5384615384615384,525.0957774765063,7076.788747587389,112,1,1,none,324,2,3,health,vip,0.6902764964810691,ALTERNATIVE_PAYMENT_METHOD,RETRY,0.7152487791699497,0,0.0
cus_959,pay_959,ord_959,1840.0,INR,upi,failed,insufficient_funds,insufficient_funds,customer,payment_authentication,150,6,4,2,0.6666666666666666,1641.0345117896718,18130.33215284323,155,1,0,past_due,111,3,5,retail,regular,0.5150542757077016,ALTERNATIVE_PAYMENT_METHOD,REMINDER,0.5571160743890828,1,1840.0
cus_960,pay_960,ord_960,2800.0,INR,upi,failed,insufficient_funds,insufficient_funds,customer,payment_authentication,328,4,2,2,0.5,2239.7920750913877,21802.861898792675,25,2,1,active,590,22,4,health,new,0.36865171236952865,ALTERNATIVE_PAYMENT_METHOD,NO_ACTION,0.37120956467920785,0,0.0
cus_961,pay_961,ord_961,980.0,INR,upi,failed,temporary_bank_failure,temporary_bank_failure,customer,payment_authentication,817,4,3,1,0.75,1265.5677562950884,7089.541287753212,100,0,0,none,971,5,4,education,new,0.5546109572515125,REMINDER,RETRY,0.6934826614039289,1,980.0
cus_962,pay_962,ord_962,1290.0,INR,card,failed,card_declined,card_declined,customer,payment_authentication,1216,5,4,1,0.8,1119.4463636579167,6707.352763992763,7,1,0,none,314,2,5,saas,regular,0.48360420188690817,RETRY,REMINDER,0.5777940080706474,0,0.0
cus_963,pay_963,ord_963,3340.0,INR,card,failed,insufficient_funds,insufficient_funds,customer,payment_authentication,648,5,5,0,1.0,3820.00512739796,23277.66510953411,91,0,0,past_due,256,15,1,saas,regular,0.10126226633551888,NO_ACTION,NO_ACTION,0.38565233693136736,0,0.0
cus_964,pay_964,ord_964,2010.0,INR,wallet,failed,insufficient_funds,insufficient_funds,customer,payment_authentication,948,6,4,2,0.6666666666666666,2282.6534226829617,23469.368730831276,2,0,2,none,928,7,5,education,vip,0.6993797883637402,NO_ACTION,REMINDER,0.6633468414268223,1,2010.0
cus_965,pay_965,ord_965,2020.0,INR,upi,failed,temporary_bank_failure,temporary_bank_failure,customer,payment_authentication,657,7,5,2,0.7142857142857143,1710.4283323457516,14394.89457724391,75,0,1,active,28,2,1,education,regular,0.5766568241562829,CUSTOMER_NOTIFICATION,RETRY,0.4876374113203046,0,0.0
cus_966,pay_966,ord_966,680.0,INR,wallet,failed,expired_card,expired_card,customer,payment_authentication,1292,9,8,1,0.8888888888888888,589.2966403848975,12569.092529344509,89,1,1,past_due,211,8,1,health,regular,0.6447752183426997,ALTERNATIVE_PAYMENT_METHOD,ALTERNATIVE_PAYMENT_METHOD,0.6191562646645354,1,680.0
cus_967,pay_967,ord_967,1750.0,INR,card,failed,temporary_bank_failure,temporary_bank_failure,customer,payment_authentication,1462,8,3,5,0.375,1786.4161977686406,20577.257334558923,176,0,1,active,393,16,2,retail,regular,0.5701117899420762,HUMAN_ESCALATION,RETRY,0.5522701446783813,1,1750.0
cus_968,pay_968,ord_968,1210.0,INR,upi,failed,insufficient_funds,insufficient_funds,customer,payment_authentication,634,12,12,0,1.0,1472.1071310171726,27189.48066673908,34,0,1,active,938,8,5,education,regular,0.8538701050381486,HUMAN_ESCALATION,REMINDER,0.8655616326135266,1,1210.0
cus_969,pay_969,ord_969,1280.0,INR,card,failed,temporary_bank_failure,temporary_bank_failure,customer,payment_authentication,444,8,7,1,0.875,1463.9626868199825,13167.905019323216,43,0,0,active,991,22,4,health,vip,0.9763209493272613,REMINDER,RETRY,0.8289727153801906,1,1280.0
cus_970,pay_970,ord_970,1050.0,INR,card,failed,upi_error,upi_error,customer,payment_authentication,864,8,5,3,0.625,925.9225607468534,11027.963653544955,104,1,2,none,893,10,0,education,regular,0.6490133098498188,ALTERNATIVE_PAYMENT_METHOD,RETRY,0.6675134893601266,1,1050.0
cus_971,pay_971,ord_971,1760.0,INR,card,failed,temporary_bank_failure,temporary_bank_failure,customer,payment_authentication,1326,10,7,3,0.7,1277.6090732722841,37890.170428985315,28,1,0,active,840,3,0,retail,vip,0.8686817441272512,REMINDER,RETRY,0.7830274793094034,1,1760.0
cus_972,pay_972,ord_972,760.0,INR,card,failed,expired_card,expired_card,customer,payment_authentication,899,7,6,1,0.8571428571428571,808.97604007428,8740.334954070266,10,0,1,active,29,21,4,health,regular,0.5915679908985733,RETRY,ALTERNATIVE_PAYMENT_METHOD,0.5161187570597933,0,0.0
cus_973,pay_973,ord_973,1830.0,INR,wallet,failed,temporary_bank_failure,temporary_bank_failure,customer,payment_authentication,517,7,2,5,0.2857142857142857,1803.3550292243576,12187.489409333664,88,0,1,none,96,6,4,education,new,0.6527707828005502,ALTERNATIVE_PAYMENT_METHOD,RETRY,0.79458654167296,1,1830.0
cus_974,pay_974,ord_974,1260.0,INR,card,failed,temporary_bank_failure,temporary_bank_failure,customer,payment_authentication,1164,5,5,0,1.0,1141.9820674788482,14703.93987135759,43,1,1,none,893,8,2,retail,regular,0.9142192173610567,NO_ACTION,RETRY,0.8528645874826477,0,0.0
cus_975,pay_975,ord_975,710.0,INR,upi,failed,temporary_bank_failure,temporary_bank_failure,customer,payment_authentication,270,4,3,1,0.75,772.2859780550592,4214.935581660369,121,2,1,none,359,8,1,health,regular,0.3729733679514222,HUMAN_ESCALATION,NO_ACTION,0.48876525922424263,1,710.0
cus_976,pay_976,ord_976,260.0,INR,upi,failed,temporary_bank_failure,temporary_bank_failure,customer,payment_authentication,410,4,4,0,1.0,330.46299292402165,2110.2781637685875,16,2,1,none,161,11,5,saas,regular,0.4163072039931687,CUSTOMER_NOTIFICATION,NO_ACTION,0.4767639854248771,0,0.0
cus_977,pay_977,ord_977,4660.0,INR,upi,failed,temporary_bank_failure,temporary_bank_failure,customer,payment_authentication,229,13,12,1,0.9230769230769231,5788.1635728379715,56571.57323122664,3,0,0,past_due,536,14,6,health,new,0.8056160891141476,CUSTOMER_NOTIFICATION,RETRY,0.8279765014821191,0,0.0
cus_978,pay_978,ord_978,3810.0,INR,upi,failed,expired_card,expired_card,customer,payment_authentication,1369,4,3,1,0.75,4188.7197934703245,34517.06745057648,39,1,0,active,920,13,6,saas,regular,0.6652493395290496,NO_ACTION,ALTERNATIVE_PAYMENT_METHOD,0.544288519950433,0,0.0
cus_979,pay_979,ord_979,810.0,INR,card,failed,card_declined,card_declined,customer,payment_authentication,1411,7,4,3,0.5714285714285714,1033.2120250754012,12615.22897500875,154,0,1,active,796,15,5,saas,new,0.306869381689705,ALTERNATIVE_PAYMENT_METHOD,NO_ACTION,0.3827444286605768,0,0.0
cus_980,pay_980,ord_980,3570.0,INR,wallet,failed,temporary_bank_failure,temporary_bank_failure,customer,payment_authentication,1437,7,5,2,0.7142857142857143,3346.4250371596117,34206.39341366137,99,0,1,past_due,418,6,0,saas,regular,0.7820145062921318,HUMAN_ESCALATION,RETRY,0.7531512029460824,1,3570.0
cus_981,pay_981,ord_981,650.0,INR,netbanking,failed,insufficient_funds,insufficient_funds,customer,payment_authentication,35,7,6,1,0.8571428571428571,494.41189492148476,4618.28563868854,50,1,0,none,192,23,3,education,new,0.2632736075057676,RETRY,NO_ACTION,0.4235759882454629,0,0.0
cus_982,pay_982,ord_982,1330.0,INR,upi,failed,card_declined,card_declined,customer,payment_authentication,1348,10,10,0,1.0,1291.909810366726,20846.882342810746,107,2,0,active,766,11,1,saas,vip,0.47298189608322416,CUSTOMER_NOTIFICATION,NO_ACTION,0.4959181324321719,0,0.0
cus_983,pay_983,ord_983,1060.0,INR,upi,failed,temporary_bank_failure,temporary_bank_failure,customer,payment_authentication,329,9,4,5,0.4444444444444444,1162.008802621516,9649.427607417967,116,1,1,active,90,23,2,health,vip,0.5092092189644292,ALTERNATIVE_PAYMENT_METHOD,RETRY,0.5612384323310694,0,0.0
cus_984,pay_984,ord_984,1370.0,INR,card,failed,insufficient_funds,insufficient_funds,customer,payment_authentication,1428,6,5,1,0.8333333333333334,1617.7678416611825,12225.154688154147,79,0,0,past_due,114,1,6,saas,regular,0.8394349416500343,RETRY,REMINDER,0.717490163862684,1,1370.0
cus_985,pay_985,ord_985,3450.0,INR,wallet,failed,temporary_bank_failure,temporary_bank_failure,customer,payment_authentication,511,12,8,4,0.6666666666666666,4356.643570723944,67699.04012685694,31,2,0,none,733,7,1,retail,new,0.5759845470873992,CUSTOMER_NOTIFICATION,REMINDER,0.6551287627176087,0,0.0
cus_986,pay_986,ord_986,1210.0,INR,card,failed,temporary_bank_failure,temporary_bank_failure,customer,payment_authentication,459,9,9,0,1.0,1222.4522337342883,10661.169933781333,66,0,1,past_due,184,19,4,retail,vip,0.709798431816259,REMINDER,RETRY,0.8702838581990221,1,1210.0
cus_987,pay_987,ord_987,1290.0,INR,card,failed,expired_card,expired_card,customer,payment_authentication,985,6,6,0,1.0,1191.7512638952242,17449.79119129656,156,0,0,none,21,4,0,saas,new,0.7004319478754963,RETRY,ALTERNATIVE_PAYMENT_METHOD,0.7477147725830096,1,1290.0
cus_988,pay_988,ord_988,3800.0,INR,card,failed,upi_error,upi_error,customer,payment_authentication,1185,6,5,1,0.8333333333333334,3302.1976412801127,43019.26793616285,126,1,2,none,991,15,5,health,new,0.6817001534491578,ALTERNATIVE_PAYMENT_METHOD,RETRY,0.747352266085508,1,3800.0
cus_989,pay_989,ord_989,1920.0,INR,netbanking,failed,upi_error,upi_error,customer,payment_authentication,564,13,11,2,0.8461538461538461,2043.0901239855475,31440.577642836248,64,0,1,past_due,515,5,2,health,new,0.9053400849822695,CUSTOMER_NOTIFICATION,RETRY,0.8849276195666098,1,1920.0
cus_990,pay_990,ord_990,1000.0,INR,upi,failed,upi_error,upi_error,customer,payment_authentication,1236,11,8,3,0.7272727272727273,1115.6586669087699,14884.729033917509,161,1,0,active,783,19,0,health,new,0.41420593786462845,RETRY,RETRY,0.28599189998953006,0,0.0
cus_991,pay_991,ord_991,2300.0,INR,netbanking,failed,insufficient_funds,insufficient_funds,customer,payment_authentication,31,11,8,3,0.7272727272727273,2482.7115562977724,49750.48000884598,33,0,0,none,706,14,1,health,new,0.5767370474482574,NO_ACTION,REMINDER,0.6140915494470724,0,0.0
cus_992,pay_992,ord_992,4880.0,INR,netbanking,failed,temporary_bank_failure,temporary_bank_failure,customer,payment_authentication,1347,10,6,4,0.6,3987.3566345014633,70793.4788192304,30,0,0,none,823,11,2,saas,new,0.7636229689941239,RETRY,RETRY,0.730735027261457,1,4880.0
cus_993,pay_993,ord_993,5200.0,INR,card,failed,insufficient_funds,insufficient_funds,customer,payment_authentication,775,5,5,0,1.0,5032.155968094071,61875.990323538,3,0,1,past_due,666,6,4,saas,new,0.759051697684291,REMINDER,REMINDER,0.772591374293376,0,0.0
cus_994,pay_994,ord_994,480.0,INR,wallet,failed,temporary_bank_failure,temporary_bank_failure,customer,payment_authentication,805,12,9,3,0.75,357.3911652832761,4872.357713829813,16,0,0,none,710,22,5,health,regular,0.7215919518397704,RETRY,RETRY,0.6750966676001114,0,0.0
cus_995,pay_995,ord_995,510.0,INR,upi,failed,temporary_bank_failure,temporary_bank_failure,customer,payment_authentication,1326,4,3,1,0.75,516.2378828335939,2684.481879847513,55,0,1,active,510,19,6,saas,vip,0.7035564920394264,REMINDER,RETRY,0.8047936032749234,1,510.0
cus_996,pay_996,ord_996,4910.0,INR,upi,failed,temporary_bank_failure,temporary_bank_failure,customer,payment_authentication,83,6,5,1,0.8333333333333334,4068.0318236583753,47223.73243050407,9,0,1,none,160,11,5,education,vip,0.8869790205393717,REMINDER,RETRY,0.8927476952407122,1,4910.0
cus_997,pay_997,ord_997,1360.0,INR,card,failed,expired_card,expired_card,customer,payment_authentication,1329,7,7,0,1.0,1677.5662665697675,9537.389462401348,68,0,0,past_due,781,11,0,saas,regular,0.5720958562950791,ALTERNATIVE_PAYMENT_METHOD,ALTERNATIVE_PAYMENT_METHOD,0.48108056786487574,0,0.0
cus_998,pay_998,ord_998,200.0,INR,wallet,failed,insufficient_funds,insufficient_funds,customer,payment_authentication,305,14,13,1,0.9285714285714286,236.9863912259294,3489.288866404102,12,0,0,past_due,483,18,5,education,regular,0.5904511466399488,NO_ACTION,REMINDER,0.6700553592923649,1,200.0
cus_999,pay_999,ord_999,870.0,INR,card,failed,temporary_bank_failure,temporary_bank_failure,customer,payment_authentication,1487,10,10,0,1.0,990.8188395671966,13168.041297076596,6,1,0,none,590,0,6,health,regular,0.5837768045023536,HUMAN_ESCALATION,RETRY,0.604582238519334,0,0.0
cus_0,pay_1000,ord_1000,1170.0,INR,card,failed,card_declined,card_declined,customer,payment_authentication,1078,12,9,3,0.75,897.9130036255817,15807.576076136427,104,1,1,none,303,18,4,saas,vip,0.5942547459958664,NO_ACTION,REMINDER,0.6046097602993826,0,0.0
cus_1,pay_1001,ord_1001,1320.0,INR,upi,failed,insufficient_funds,insufficient_funds,customer,payment_authentication,514,9,8,1,0.8888888888888888,1277.8644104819473,12064.661423962334,99,0,2,active,823,18,2,health,regular,0.4450931949096075,ALTERNATIVE_PAYMENT_METHOD,REMINDER,0.596924358447386,1,1320.0
cus_2,pay_1002,ord_1002,3890.0,INR,card,failed,network_timeout,network_timeout,customer,payment_authentication,100,4,3,1,0.75,3143.6009810143714,20400.11656262665,143,0,2,active,755,17,5,retail,regular,0.7699486468970458,RETRY,RETRY,0.7013367012248448,1,3890.0
cus_3,pay_1003,ord_1003,710.0,INR,card,failed,temporary_bank_failure,temporary_bank_failure,customer,payment_authentication,184,12,9,3,0.75,515.6481985404084,7451.778950032494,81,1,0,past_due,580,10,0,retail,new,0.3595270256584865,RETRY,RETRY,0.42004137138396586,1,710.0
cus_4,pay_1004,ord_1004,4610.0,INR,upi,failed,expired_card,expired_card,customer,payment_authentication,183,7,5,2,0.7142857142857143,4340.230531265175,35209.898950422,155,1,1,none,181,11,0,health,new,0.5261530067771631,REMINDER,ALTERNATIVE_PAYMENT_METHOD,0.5343431729289891,0,0.0
cus_5,pay_1005,ord_1005,2400.0,INR,card,failed,temporary_bank_failure,temporary_bank_failure,customer,payment_authentication,105,4,4,0,1.0,2131.7740802074613,9351.837310791305,88,1,1,none,432,23,0,health,regular,0.6680411608152216,HUMAN_ESCALATION,RETRY,0.6101610063828876,1,2400.0
cus_6,pay_1006,ord_1006,500.0,INR,wallet,failed,expired_card,expired_card,customer,payment_authentication,924,7,5,2,0.7142857142857143,625.4639814380167,7753.1623421523545,48,0,2,none,258,16,4,education,regular,0.42180690831839085,REMINDER,ALTERNATIVE_PAYMENT_METHOD,0.35379854244841424,0,0.0
cus_7,pay_1007,ord_1007,1310.0,INR,card,failed,temporary_bank_failure,temporary_bank_failure,customer,payment_authentication,1300,6,5,1,0.8333333333333334,1644.8914258065302,8338.44911308373,24,0,1,active,597,18,0,saas,vip,0.6911272670931569,CUSTOMER_NOTIFICATION,RETRY,0.8135161338339608,1,1310.0
cus_8,pay_1008,ord_1008,2970.0,INR,upi,failed,temporary_bank_failure,temporary_bank_failure,customer,payment_authentication,1199,11,4,7,0.36363636363636365,3744.8597504620884,25006.754556304983,88,1,0,none,68,11,0,retail,new,0.7771520217318593,NO_ACTION,RETRY,0.7392294388637378,1,2970.0
cus_9,pay_1009,ord_1009,1880.0,INR,upi,failed,card_declined,card_declined,customer,payment_authentication,1122,3,3,0,1.0,1332.1671697406018,14623.376955881782,68,2,0,past_due,425,13,4,retail,new,0.6721116287718023,HUMAN_ESCALATION,REMINDER,0.5771745543672653,1,1880.0
cus_10,pay_1010,ord_1010,2640.0,INR,upi,failed,insufficient_funds,insufficient_funds,customer,payment_authentication,1470,9,8,1,0.8888888888888888,2669.9175117825316,44514.5338888609,92,0,1,none,980,9,4,health,regular,0.4284808777022484,CUSTOMER_NOTIFICATION,NO_ACTION,0.49760958499326285,0,0.0
cus_11,pay_1011,ord_1011,1000.0,INR,upi,failed,temporary_bank_failure,temporary_bank_failure,customer,payment_authentication,941,13,8,5,0.6153846153846154,710.9432502830838,14659.78294586891,174,1,1,none,209,2,1,saas,regular,0.7237741765686263,REMINDER,RETRY,0.647796002666599,1,1000.0
cus_12,pay_1012,ord_1012,3150.0,INR,upi,failed,upi_error,upi_error,customer,payment_authentication,143,11,9,2,0.8181818181818182,3347.453212351539,69650.03218417431,9,0,0,active,493,19,5,health,new,0.9322410001021215,ALTERNATIVE_PAYMENT_METHOD,RETRY,0.8943563048906478,1,3150.0
cus_13,pay_1013,ord_1013,1210.0,INR,wallet,failed,temporary_bank_failure,temporary_bank_failure,customer,payment_authentication,745,12,10,2,0.8333333333333334,1216.1124966363484,28834.860001476613,64,0,2,active,471,12,3,health,regular,0.8594214447154733,NO_ACTION,RETRY,0.813447391495234,0,0.0
cus_14,pay_1014,ord_1014,23070.0,INR,card,failed,expired_card,expired_card,customer,payment_authentication,1137,11,6,5,0.5454545454545454,22106.311108674214,460465.8554213307,24,0,1,active,866,12,4,saas,regular,0.8208112466368725,ALTERNATIVE_PAYMENT_METHOD,ALTERNATIVE_PAYMENT_METHOD,0.7376850180141674,1,23070.0
cus_15,pay_1015,ord_1015,480.0,INR,card,failed,expired_card,expired_card,customer,payment_authentication,686,6,4,2,0.6666666666666666,351.15376577310974,4938.830226067681,142,0,0,active,948,14,5,saas,regular,0.3925815484221604,RETRY,ALTERNATIVE_PAYMENT_METHOD,0.48411859897597764,0,0.0
cus_16,pay_1016,ord_1016,26850.0,INR,upi,failed,insufficient_funds,insufficient_funds,customer,payment_authentication,461,10,7,3,0.7,20484.45238952691,431249.6045072301,96,1,0,none,834,16,4,health,regular,0.4945439533881415,ALTERNATIVE_PAYMENT_METHOD,REMINDER,0.5920311273499156,0,0.0
cus_17,pay_1017,ord_1017,700.0,INR,netbanking,failed,expired_card,expired_card,customer,payment_authentication,741,11,11,0,1.0,621.4738696948925,16460.415557283424,22,0,0,past_due,587,20,2,health,new,0.7324815848871855,NO_ACTION,ALTERNATIVE_PAYMENT_METHOD,0.6191731200787922,1,700.0
cus_18,pay_1018,ord_1018,6450.0,INR,card,failed,temporary_bank_failure,temporary_bank_failure,customer,payment_authentication,1171,5,4,1,0.8,5451.571799017216,50491.58812532332,143,0,1,active,420,17,3,retail,regular,0.8480221448635803,ALTERNATIVE_PAYMENT_METHOD,RETRY,0.8815576830734322,1,6450.0
cus_19,pay_1019,ord_1019,4140.0,INR,upi,failed,network_timeout,network_timeout,customer,payment_authentication,546,5,4,1,0.8,3342.221627473602,43498.12483267805,22,0,1,past_due,728,19,1,health,regular,0.7356552800780941,RETRY,RETRY,0.8830860744750031,1,4140.0
cus_20,pay_1020,ord_1020,730.0,INR,netbanking,failed,temporary_bank_failure,temporary_bank_failure,customer,payment_authentication,530,6,4,2,0.6666666666666666,883.862947769903,4324.278860949314,138,1,2,active,50,17,4,health,new,0.5367802182415842,HUMAN_ESCALATION,RETRY,0.554815720404935,1,730.0
cus_21,pay_1021,ord_1021,3290.0,INR,upi,failed,temporary_bank_failure,temporary_bank_failure,customer,payment_authentication,712,7,5,2,0.7142857142857143,2359.2329096540207,42403.521712758054,179,3,0,none,657,22,5,health,regular,0.6515202025920738,REMINDER,REMINDER,0.6639144088251497,0,0.0
cus_22,pay_1022,ord_1022,1100.0,INR,wallet,failed,insufficient_funds,insufficient_funds,customer,payment_authentication,629,4,3,1,0.75,913.7976778839968,10925.390765453398,92,1,0,none,312,2,4,retail,regular,0.3169065898679343,CUSTOMER_NOTIFICATION,NO_ACTION,0.29392997437772983,0,0.0
cus_23,pay_1023,ord_1023,2380.0,INR,upi,failed,upi_error,upi_error,customer,payment_authentication,316,6,3,3,0.5,2975.5242237603175,11878.104982792524,116,3,0,active,461,17,1,education,regular,0.3467379663139373,RETRY,NO_ACTION,0.38669290576335336,0,0.0
cus_24,pay_1024,ord_1024,2100.0,INR,upi,failed,network_timeout,network_timeout,customer,payment_authentication,420,3,0,3,0.0,2568.3514399227934,8696.28791487888,4,1,0,active,649,2,6,saas,regular,0.4054249673409686,ALTERNATIVE_PAYMENT_METHOD,RETRY,0.23308493138547906,1,2100.0
cus_25,pay_1025,ord_1025,1270.0,INR,card,failed,upi_error,upi_error,customer,payment_authentication,177,4,4,0,1.0,1159.6946497907543,10924.728731705409,119,0,1,active,407,11,5,education,regular,0.6221158180444321,HUMAN_ESCALATION,RETRY,0.7130907248742698,1,1270.0
cus_26,pay_1026,ord_1026,1170.0,INR,wallet,failed,card_declined,card_declined,customer,payment_authentication,1127,6,4,2,0.6666666666666666,1383.6979105344003,13545.890749824133,27,3,1,active,296,1,6,saas,vip,0.0,RETRY,NO_ACTION,0.14606971714988923,0,0.0
cus_27,pay_1027,ord_1027,2540.0,INR,card,failed,card_declined,card_declined,customer,payment_authentication,317,15,10,5,0.6666666666666666,2010.0045742670345,67237.0301430531,76,0,2,past_due,198,9,4,saas,regular,0.4100862078488625,HUMAN_ESCALATION,REMINDER,0.5582132379182674,1,2540.0
cus_28,pay_1028,ord_1028,730.0,INR,upi,failed,expired_card,expired_card,customer,payment_authentication,1467,7,4,3,0.5714285714285714,791.5067087782344,11546.864832270927,92,1,1,active,402,9,4,retail,regular,0.47357983580601115,RETRY,ALTERNATIVE_PAYMENT_METHOD,0.5486668908689087,0,0.0
cus_29,pay_1029,ord_1029,760.0,INR,upi,failed,upi_error,upi_error,customer,payment_authentication,1456,9,5,4,0.5555555555555556,934.7321509902885,6267.0495885475075,137,0,0,active,15,11,5,saas,new,0.7444450162357402,CUSTOMER_NOTIFICATION,RETRY,0.6983391174908705,1,760.0
cus_30,pay_1030,ord_1030,4700.0,INR,upi,failed,expired_card,expired_card,customer,payment_authentication,1008,8,5,3,0.625,4620.949556793374,66733.41349949676,141,0,0,none,861,20,5,retail,new,0.5319335922101223,NO_ACTION,ALTERNATIVE_PAYMENT_METHOD,0.5539799706207724,1,4700.0
cus_31,pay_1031,ord_1031,2770.0,INR,upi,failed,insufficient_funds,insufficient_funds,customer,payment_authentication,1486,5,3,2,0.6,2216.3546563475384,25487.48134807635,167,1,1,active,863,7,3,education,regular,0.4974187545290776,NO_ACTION,NO_ACTION,0.4643163961051378,0,0.0
cus_32,pay_1032,ord_1032,490.0,INR,upi,failed,card_declined,card_declined,customer,payment_authentication,1295,10,9,1,0.9,513.1675149201822,5214.77170659265,135,2,1,active,679,2,4,health,regular,0.09958875406669747,REMINDER,NO_ACTION,0.16829724133208243,0,0.0
cus_33,pay_1033,ord_1033,660.0,INR,wallet,failed,expired_card,expired_card,customer,payment_authentication,1127,6,4,2,0.6666666666666666,758.2766595339306,4512.829218741721,14,0,0,active,277,3,6,retail,regular,0.6802819195338441,REMINDER,ALTERNATIVE_PAYMENT_METHOD,0.6408266643497621,1,660.0
cus_34,pay_1034,ord_1034,210.0,INR,upi,failed,temporary_bank_failure,temporary_bank_failure,customer,payment_authentication,534,3,2,1,0.6666666666666666,256.06823507418494,1298.0317337311528,123,0,2,past_due,765,19,5,education,new,0.191648334703826,REMINDER,RETRY,0.3517871342281273,0,0.0
cus_35,pay_1035,ord_1035,4490.0,INR,upi,failed,insufficient_funds,insufficient_funds,customer,payment_authentication,1255,7,4,3,0.5714285714285714,4164.38424109597,55707.44111975433,31,1,2,past_due,591,6,0,retail,vip,0.4164428855179182,ALTERNATIVE_PAYMENT_METHOD,NO_ACTION,0.40233640248370095,0,0.0
cus_36,pay_1036,ord_1036,3600.0,INR,card,failed,insufficient_funds,insufficient_funds,customer,payment_authentication,511,3,2,1,0.6666666666666666,3133.6106667825675,21313.334599545622,170,0,1,past_due,264,9,6,education,regular,0.6583762501858856,ALTERNATIVE_PAYMENT_METHOD,REMINDER,0.6005274026611536,1,3600.0
cus_37,pay_1037,ord_1037,610.0,INR,upi,failed,network_timeout,network_timeout,customer,payment_authentication,156,6,5,1,0.8333333333333334,677.920659856522,5552.966624025997,155,0,0,active,462,16,3,saas,new,0.7346784242940614,RETRY,RETRY,0.8289192759841938,1,610.0
cus_38,pay_1038,ord_1038,3460.0,INR,upi,failed,insufficient_funds,insufficient_funds,customer,payment_authentication,849,7,5,2,0.7142857142857143,2940.7138763000116,44104.24311640419,55,1,0,active,80,21,1,education,regular,0.7629297999170414,ALTERNATIVE_PAYMENT_METHOD,REMINDER,0.5968567526299091,0,0.0
cus_39,pay_1039,ord_1039,13170.0,INR,card,failed,network_timeout,network_timeout,customer,payment_authentication,185,12,6,6,0.5,11137.421944082203,191490.91894718644,14,2,1,none,109,1,4,education,vip,0.4386172966973184,ALTERNATIVE_PAYMENT_METHOD,REMINDER,0.6282313912109458,0,0.0
cus_40,pay_1040,ord_1040,390.0,INR,card,failed,insufficient_funds,insufficient_funds,customer,payment_authentication,139,8,6,2,0.75,315.6734928548111,3532.9673065720162,162,2,0,none,377,18,6,education,regular,0.6677726704725098,RETRY,REMINDER,0.5997481495034865,0,0.0
cus_41,pay_1041,ord_1041,980.0,INR,upi,failed,network_timeout,network_timeout,customer,payment_authentication,139,5,3,2,0.6,902.0845347216505,8667.408911790857,64,0,0,active,35,9,6,saas,regular,0.9917780228331631,RETRY,RETRY,0.9103595566676382,1,980.0
cus_42,pay_1042,ord_1042,380.0,INR,upi,failed,temporary_bank_failure,temporary_bank_failure,customer,payment_authentication,1367,8,5,3,0.625,366.14913375036537,5138.430299335384,153,0,1,none,869,12,1,health,regular,0.6361907946495958,RETRY,RETRY,0.7248619175143847,1,380.0
cus_43,pay_1043,ord_1043,4670.0,INR,upi,failed,upi_error,upi_error,customer,payment_authentication,95,10,7,3,0.7,5300.057535670784,90202.4767990321,14,0,0,active,941,4,4,saas,regular,0.8466736643972641,REMINDER,RETRY,0.8171712912848138,1,4670.0
cus_44,pay_1044,ord_1044,1640.0,INR,card,failed,expired_card,expired_card,customer,payment_authentication,592,1,1,0,1.0,1254.0201705359693,4070.142267718906,45,1,0,active,328,2,1,saas,regular,0.45391656625289967,ALTERNATIVE_PAYMENT_METHOD,ALTERNATIVE_PAYMENT_METHOD,0.5419965766632705,0,0.0
cus_45,pay_1045,ord_1045,1210.0,INR,card,failed,insufficient_funds,insufficient_funds,customer,payment_authentication,1121,7,5,2,0.7142857142857143,1156.2408496313394,16391.718905081798,73,0,0,none,361,16,4,saas,new,0.5492023935939098,REMINDER,NO_ACTION,0.5220960052380837,0,0.0
cus_46,pay_1046,ord_1046,2270.0,INR,card,failed,temporary_bank_failure,temporary_bank_failure,customer,payment_authentication,1203,7,4,3,0.5714285714285714,2484.975997776258,34377.335573066615,22,1,0,past_due,769,14,3,education,new,0.7111362079389648,NO_ACTION,RETRY,0.7356233007276162,1,2270.0
cus_47,pay_1047,ord_1047,1040.0,INR,netbanking,failed,insufficient_funds,insufficient_funds,customer,payment_authentication,85,8,7,1,0.875,1068.0497493177843,11731.457168463221,80,0,0,past_due,314,8,6,saas,regular,0.8149420594145143,CUSTOMER_NOTIFICATION,REMINDER,0.8171170879463242,1,1040.0
cus_48,pay_1048,ord_1048,1210.0,INR,netbanking,failed,insufficient_funds,insufficient_funds,customer,payment_authentication,1340,6,3,3,0.5,1419.0619636303563,11903.339216829298,166,1,1,active,785,8,0,health,new,0.06616923901654109,HUMAN_ESCALATION,NO_ACTION,0.12694231115356672,0,0.0
cus_49,pay_1049,ord_1049,2380.0,INR,card,failed,card_declined,card_declined,customer,payment_authentication,1423,11,7,4,0.6363636363636364,2940.2283375533502,53788.2142742466,32,0,0,active,84,12,2,education,regular,0.5539347063874205,REMINDER,REMINDER,0.6141738496310613,1,2380.0
cus_50,pay_1050,ord_1050,980.0,INR,upi,failed,upi_error,upi_error,customer,payment_authentication,1454,8,6,2,0.75,811.0924939744314,9616.66784201043,75,0,0,active,533,10,5,retail,regular,0.8221871482286304,REMINDER,RETRY,0.9018386358048551,1,980.0
cus_51,pay_1051,ord_1051,1130.0,INR,card,failed,card_declined,card_declined,customer,payment_authentication,981,6,6,0,1.0,1407.0616802316858,12968.07920351551,14,1,0,active,2,20,3,saas,regular,0.7323902926851877,RETRY,REMINDER,0.6704403884095274,0,0.0
cus_52,pay_1052,ord_1052,1550.0,INR,card,failed,expired_card,expired_card,customer,payment_authentication,768,4,4,0,1.0,1908.3907196653593,11240.49631192106,118,1,0,active,726,5,3,saas,regular,0.8326538084510339,ALTERNATIVE_PAYMENT_METHOD,ALTERNATIVE_PAYMENT_METHOD,0.6681482450755721,1,1550.0
cus_53,pay_1053,ord_1053,1980.0,INR,card,failed,insufficient_funds,insufficient_funds,customer,payment_authentication,257,8,7,1,0.875,1818.2452759711873,22064.70238919099,75,1,0,active,723,12,4,education,regular,0.5609698097990118,HUMAN_ESCALATION,NO_ACTION,0.3355480652069229,0,0.0
cus_54,pay_1054,ord_1054,3300.0,INR,card,failed,network_timeout,network_timeout,customer,payment_authentication,186,8,7,1,0.875,3920.3744496247864,54156.66035909778,91,1,0,past_due,460,15,2,retail,regular,0.9458146916908733,REMINDER,RETRY,0.8545465074107704,1,3300.0
cus_55,pay_1055,ord_1055,3240.0,INR,upi,failed,network_timeout,network_timeout,customer,payment_authentication,1226,11,10,1,0.9090909090909091,3269.6051764095027,35137.67013349084,92,0,1,none,886,7,1,education,regular,0.9113960282551623,REMINDER,RETRY,0.9141418922542346,1,3240.0
cus_56,pay_1056,ord_1056,400.0,INR,wallet,failed,insufficient_funds,insufficient_funds,customer,payment_authentication,1275,10,5,5,0.5,474.60098901287216,3282.4915181827632,118,0,2,past_due,664,4,2,retail,new,0.6079723168128451,RETRY,NO_ACTION,0.5104422803533409,0,0.0
cus_57,pay_1057,ord_1057,7390.0,INR,card,failed,upi_error,upi_error,customer,payment_authentication,1235,5,3,2,0.6,8489.709761731947,42978.10034862184,132,0,0,none,254,14,2,saas,regular,0.7346032651917086,REMINDER,RETRY,0.7016059165082776,1,7390.0
cus_58,pay_1058,ord_1058,1920.0,INR,upi,failed,insufficient_funds,insufficient_funds,customer,payment_authentication,927,7,4,3,0.5714285714285714,2452.68799769103,28249.34312165805,174,0,0,none,590,9,1,health,regular,0.6212058516847266,RETRY,REMINDER,0.6576028393512523,0,0.0
cus_59,pay_1059,ord_1059,1300.0,INR,upi,failed,network_timeout,network_timeout,customer,payment_authentication,846,12,8,4,0.6666666666666666,1082.4607402453275,19378.89636146913,130,0,1,none,447,23,4,retail,new,0.8335495069022583,CUSTOMER_NOTIFICATION,RETRY,0.6383026663978191,1,1300.0
cus_60,pay_1060,ord_1060,730.0,INR,wallet,failed,upi_error,upi_error,customer,payment_authentication,291,4,3,1,0.75,833.3967572345856,5800.430632444212,152,1,1,none,698,5,2,health,new,0.5932528300686929,REMINDER,RETRY,0.4973578265171568,0,0.0
cus_61,pay_1061,ord_1061,13220.0,INR,upi,failed,card_declined,card_declined,customer,payment_authentication,137,6,3,3,0.5,9364.22062240425,92548.4458008183,12,1,0,active,620,13,2,saas,regular,0.5623092416863567,NO_ACTION,REMINDER,0.6383739083067346,0,0.0
cus_62,pay_1062,ord_1062,19150.0,INR,card,failed,temporary_bank_failure,temporary_bank_failure,customer,payment_authentication,302,10,8,2,0.8,23995.842546702203,281883.68772322644,21,0,1,active,779,10,1,education,regular,1.0,HUMAN_ESCALATION,RETRY,0.9326662160633031,1,19150.0
cus_63,pay_1063,ord_1063,11690.0,INR,upi,failed,card_declined,card_declined,customer,payment_authentication,601,7,4,3,0.5714285714285714,9578.152786893852,129030.8109512156,78,1,0,none,166,8,6,retail,regular,0.4891496367230103,HUMAN_ESCALATION,NO_ACTION,0.43306366928821666,0,0.0
cus_64,pay_1064,ord_1064,2040.0,INR,card,failed,temporary_bank_failure,temporary_bank_failure,customer,payment_authentication,452,5,2,3,0.4,1885.0808945179995,12472.404065202743,25,1,2,none,22,13,0,retail,regular,0.3038500958686242,ALTERNATIVE_PAYMENT_METHOD,RETRY,0.39906828121889615,0,0.0
cus_65,pay_1065,ord_1065,2550.0,INR,wallet,failed,network_timeout,network_timeout,customer,payment_authentication,823,12,6,6,0.5,3074.9135969409667,39900.141272031455,151,0,1,active,370,18,3,health,regular,0.6395888585829117,HUMAN_ESCALATION,RETRY,0.6335332023348665,1,2550.0
cus_66,pay_1066,ord_1066,8030.0,INR,card,failed,insufficient_funds,insufficient_funds,customer,payment_authentication,1172,11,8,3,0.7272727272727273,7922.33191401842,100243.59441975452,154,2,2,none,72,7,6,saas,regular,0.5205546546475271,CUSTOMER_NOTIFICATION,NO_ACTION,0.5276060864224372,0,0.0
cus_67,pay_1067,ord_1067,1420.0,INR,upi,failed,card_declined,card_declined,customer,payment_authentication,1115,5,3,2,0.6,1559.540559075453,7079.07691510239,107,0,0,past_due,489,14,4,education,regular,0.09782027011143413,CUSTOMER_NOTIFICATION,NO_ACTION,0.35878052724772247,0,0.0
cus_68,pay_1068,ord_1068,3110.0,INR,card,failed,upi_error,upi_error,customer,payment_authentication,1242,6,4,2,0.6666666666666666,2851.449859412848,27455.209256416703,87,0,0,active,358,20,6,retail,vip,0.752305165509159,NO_ACTION,RETRY,0.8944658163169099,1,3110.0
cus_69,pay_1069,ord_1069,2270.0,INR,upi,failed,temporary_bank_failure,temporary_bank_failure,customer,payment_authentication,448,11,9,2,0.8181818181818182,2345.464809441703,39027.165514570755,153,1,0,active,644,23,1,health,regular,0.8125514857942131,REMINDER,RETRY,0.7045808895386756,0,0.0
cus_70,pay_1070,ord_1070,12320.0,INR,netbanking,failed,insufficient_funds,insufficient_funds,customer,payment_authentication,1403,12,10,2,0.8333333333333334,14873.609872583089,130862.95165458236,102,0,1,past_due,676,15,3,saas,regular,0.707405810843705,CUSTOMER_NOTIFICATION,REMINDER,0.7801956553792438,0,0.0
cus_71,pay_1071,ord_1071,7600.0,INR,upi,failed,card_declined,card_declined,customer,payment_authentication,1309,9,7,2,0.7777777777777778,9389.922925287725,88559.84094319289,171,1,0,active,981,3,6,health,regular,0.5513598789111492,CUSTOMER_NOTIFICATION,NO_ACTION,0.4931679707838606,0,0.0
cus_72,pay_1072,ord_1072,1580.0,INR,upi,failed,insufficient_funds,insufficient_funds,customer,payment_authentication,524,7,6,1,0.8571428571428571,1538.5691005019141,16451.066045348714,145,2,0,active,11,20,0,health,regular,0.6860065443530674,NO_ACTION,REMINDER,0.5597189852928296,1,1580.0
cus_73,pay_1073,ord_1073,8310.0,INR,wallet,failed,temporary_bank_failure,temporary_bank_failure,customer,payment_authentication,376,3,3,0,1.0,9407.658954432703,63564.32257111558,60,0,0,none,496,23,6,saas,regular,0.7081690358483933,HUMAN_ESCALATION,RETRY,0.9155221318219079,1,8310.0
cus_74,pay_1074,ord_1074,1800.0,INR,netbanking,failed,temporary_bank_failure,temporary_bank_failure,customer,payment_authentication,1331,6,6,0,1.0,1764.597687559313,18817.076171879875,116,0,0,past_due,798,22,0,education,vip,0.8172378055403926,RETRY,RETRY,0.6563345136021347,1,1800.0
cus_75,pay_1075,ord_1075,1050.0,INR,card,failed,insufficient_funds,insufficient_funds,customer,payment_authentication,1497,10,6,4,0.6,1326.9780689837376,22233.117858138226,23,0,1,active,257,16,4,health,regular,0.4637954644879829,REMINDER,NO_ACTION,0.48111474611149796,0,0.0
cus_76,pay_1076,ord_1076,1360.0,INR,upi,failed,card_declined,card_declined,customer,payment_authentication,698,9,5,4,0.5555555555555556,1545.6886199496796,18791.09020796919,8,0,2,active,863,2,5,health,vip,0.5806999716039228,RETRY,NO_ACTION,0.5421177321350993,0,0.0
cus_77,pay_1077,ord_1077,2100.0,INR,upi,failed,card_declined,card_declined,customer,payment_authentication,173,8,4,4,0.5,2013.41425903609,32966.047565926114,15,1,0,none,653,14,1,retail,regular,0.5767075900855337,NO_ACTION,NO_ACTION,0.38300863831924503,0,0.0
cus_78,pay_1078,ord_1078,820.0,INR,upi,failed,temporary_bank_failure,temporary_bank_failure,customer,payment_authentication,910,3,2,1,0.6666666666666666,819.072595875386,2706.417584899152,177,0,0,none,494,4,5,retail,regular,0.9142532546881383,CUSTOMER_NOTIFICATION,RETRY,0.8179230935350102,1,820.0
cus_79,pay_1079,ord_1079,1080.0,INR,card,failed,expired_card,expired_card,customer,payment_authentication,1249,7,3,4,0.42857142857142855,874.6684107873434,12387.5421339448,22,0,1,none,114,18,3,retail,regular,0.388680158887454,HUMAN_ESCALATION,ALTERNATIVE_PAYMENT_METHOD,0.40652730363413286,0,0.0
cus_80,pay_1080,ord_1080,430.0,INR,card,failed,insufficient_funds,insufficient_funds,customer,payment_authentication,703,5,4,1,0.8,543.7789241684842,2989.744703531562,37,0,0,past_due,568,1,4,retail,regular,0.639472957020683,CUSTOMER_NOTIFICATION,REMINDER,0.6929025164712826,0,0.0
cus_81,pay_1081,ord_1081,790.0,INR,wallet,failed,insufficient_funds,insufficient_funds,customer,payment_authentication,199,9,7,2,0.7777777777777778,673.8962430450096,13010.978016882815,122,2,0,none,5,3,0,education,regular,0.45925041457666393,CUSTOMER_NOTIFICATION,NO_ACTION,0.5042172390326267,0,0.0
cus_82,pay_1082,ord_1082,2290.0,INR,wallet,failed,network_timeout,network_timeout,customer,payment_authentication,1103,9,7,2,0.7777777777777778,1852.1784306947343,42156.0071439241,31,0,0,active,311,16,0,health,regular,0.7570984337811837,RETRY,RETRY,0.8136905210375265,1,2290.0
cus_83,pay_1083,ord_1083,5130.0,INR,netbanking,failed,insufficient_funds,insufficient_funds,customer,payment_authentication,1139,10,8,2,0.8,4982.616187456155,91751.61551542426,21,2,0,none,376,6,0,education,new,0.7642926532668801,ALTERNATIVE_PAYMENT_METHOD,REMINDER,0.6380738459485983,0,0.0
cus_84,pay_1084,ord_1084,4510.0,INR,wallet,failed,expired_card,expired_card,customer,payment_authentication,1312,7,5,2,0.7142857142857143,5121.99348004359,29396.850802396217,125,0,0,none,85,2,2,health,regular,0.4520173103850333,HUMAN_ESCALATION,ALTERNATIVE_PAYMENT_METHOD,0.39803878987505265,1,4510.0
cus_85,pay_1085,ord_1085,2780.0,INR,upi,failed,upi_error,upi_error,customer,payment_authentication,1293,5,4,1,0.8,3084.754013968953,25142.958874862066,171,0,1,none,69,2,2,health,regular,0.8305356053242362,HUMAN_ESCALATION,RETRY,0.8095894076301514,1,2780.0
cus_86,pay_1086,ord_1086,390.0,INR,netbanking,failed,expired_card,expired_card,customer,payment_authentication,717,6,2,4,0.3333333333333333,332.5706595793443,4551.818101363787,23,0,2,none,888,7,4,health,regular,0.2892331869511726,ALTERNATIVE_PAYMENT_METHOD,ALTERNATIVE_PAYMENT_METHOD,0.31115827818029357,0,0.0
cus_87,pay_1087,ord_1087,760.0,INR,netbanking,failed,card_declined,card_declined,customer,payment_authentication,470,5,5,0,1.0,652.8173591968542,3368.9003265185165,118,0,2,none,477,11,1,health,new,0.7175364806194758,NO_ACTION,REMINDER,0.6447214941380381,1,760.0
cus_88,pay_1088,ord_1088,1480.0,INR,upi,failed,temporary_bank_failure,temporary_bank_failure,customer,payment_authentication,249,12,11,1,0.9166666666666666,1245.2454308477252,17713.23763056199,96,1,1,none,92,17,3,retail,new,0.5177691524365904,REMINDER,RETRY,0.7062307967598493,1,1480.0
cus_89,pay_1089,ord_1089,4740.0,INR,upi,failed,temporary_bank_failure,temporary_bank_failure,customer,payment_authentication,152,7,6,1,0.8571428571428571,5033.580101826538,60079.42470196927,171,1,0,none,326,12,6,retail,regular,0.9795549345271158,REMINDER,RETRY,0.7932938700113108,1,4740.0
cus_90,pay_1090,ord_1090,1040.0,INR,card,failed,temporary_bank_failure,temporary_bank_failure,customer,payment_authentication,1240,6,5,1,0.8333333333333334,1325.2315577933568,8076.357802698333,171,1,2,active,595,10,6,retail,regular,0.6909268638180536,HUMAN_ESCALATION,RETRY,0.7177214706785313,1,1040.0
cus_91,pay_1091,ord_1091,530.0,INR,upi,failed,network_timeout,network_timeout,customer,payment_authentication,1499,4,1,3,0.25,653.8329448749502,2069.2232713351514,101,0,1,none,894,21,5,health,new,0.4955239486038854,RETRY,RETRY,0.5907451714927315,1,530.0
cus_92,pay_1092,ord_1092,7690.0,INR,card,failed,network_timeout,network_timeout,customer,payment_authentication,965,2,1,1,0.5,7710.795356062982,42823.590967098244,159,2,1,active,446,18,4,education,new,0.7148720353846978,CUSTOMER_NOTIFICATION,REMINDER,0.6002196911043512,0,0.0
cus_93,pay_1093,ord_1093,870.0,INR,card,failed,temporary_bank_failure,temporary_bank_failure,customer,payment_authentication,1456,8,6,2,0.75,806.2301634166283,15173.192640920955,36,3,0,active,178,10,4,health,regular,0.7202666427120266,CUSTOMER_NOTIFICATION,REMINDER,0.60794644007428,0,0.0
cus_94,pay_1094,ord_1094,590.0,INR,upi,failed,temporary_bank_failure,temporary_bank_failure,customer,payment_authentication,461,10,7,3,0.7,553.0893718653442,7693.987941373505,106,1,1,none,482,23,5,health,regular,0.46787647613098715,REMINDER,RETRY,0.47529478419822513,1,590.0
cus_95,pay_1095,ord_1095,2270.0,INR,upi,failed,insufficient_funds,insufficient_funds,customer,payment_authentication,1135,4,3,1,0.75,2687.0655200371693,22594.89419319862,30,0,1,past_due,693,17,5,education,regular,0.8488245163493676,ALTERNATIVE_PAYMENT_METHOD,REMINDER,0.7160746169817451,0,0.0
cus_96,pay_1096,ord_1096,1720.0,INR,card,failed,card_declined,card_declined,customer,payment_authentication,596,4,4,0,1.0,1875.4146572128545,15596.556054985382,4,0,1,active,128,8,2,health,vip,0.580913469710198,ALTERNATIVE_PAYMENT_METHOD,NO_ACTION,0.48062042123847426,0,0.0
cus_97,pay_1097,ord_1097,1100.0,INR,netbanking,failed,card_declined,card_declined,customer,payment_authentication,580,7,5,2,0.7142857142857143,797.2345670162528,12519.010841762774,138,1,0,none,631,9,2,education,new,0.18030178703177285,REMINDER,NO_ACTION,0.14231790924536103,0,0.0
cus_98,pay_1098,ord_1098,1810.0,INR,netbanking,failed,card_declined,card_declined,customer,payment_authentication,960,8,7,1,0.875,1349.150552673682,27227.2244555805,101,0,0,active,344,1,3,saas,regular,0.7264773839135523,HUMAN_ESCALATION,REMINDER,0.8904994176476536,1,1810.0
cus_99,pay_1099,ord_1099,720.0,INR,card,failed,upi_error,upi_error,customer,payment_authentication,202,4,3,1,0.75,711.9452644971465,6901.614903136328,0,0,1,active,995,19,6,education,new,0.6552773238282584,ALTERNATIVE_PAYMENT_METHOD,RETRY,0.6426366558584392,0,0.0
cus_100,pay_1100,ord_1100,1080.0,INR,card,failed,insufficient_funds,insufficient_funds,customer,payment_authentication,618,10,6,4,0.6,1100.9448977456173,19548.737903475772,145,0,0,none,438,14,4,education,new,0.5140993380061629,REMINDER,NO_ACTION,0.5132166022298018,0,0.0
cus_101,pay_1101,ord_1101,1740.0,INR,card,failed,card_declined,card_declined,customer,payment_authentication,627,3,3,0,1.0,2220.874895317026,7925.553389582766,157,0,0,active,568,2,4,education,regular,0.37225719890229303,CUSTOMER_NOTIFICATION,NO_ACTION,0.39713443929703784,0,0.0
cus_102,pay_1102,ord_1102,240.0,INR,netbanking,failed,expired_card,expired_card,customer,payment_authentication,646,9,6,3,0.6666666666666666,188.31448408184895,2282.234436163069,71,0,0,none,706,3,6,retail,regular,0.41769543817033505,CUSTOMER_NOTIFICATION,ALTERNATIVE_PAYMENT_METHOD,0.45475874791598114,0,0.0
cus_103,pay_1103,ord_1103,4700.0,INR,netbanking,failed,insufficient_funds,insufficient_funds,customer,payment_authentication,1080,5,3,2,0.6,5567.675077640405,35568.04043903134,5,0,1,none,807,2,1,saas,regular,0.7167466180655473,REMINDER,REMINDER,0.6415892240629709,0,0.0
cus_104,pay_1104,ord_1104,460.0,INR,card,failed,upi_error,upi_error,customer,payment_authentication,417,8,6,2,0.75,569.1566320202514,3902.640376034448,53,0,0,none,55,3,5,retail,regular,0.656073557519292,RETRY,RETRY,0.7805655617000568,0,0.0
cus_105,pay_1105,ord_1105,710.0,INR,netbanking,failed,temporary_bank_failure,temporary_bank_failure,customer,payment_authentication,229,6,4,2,0.6666666666666666,657.8688765424075,3618.0634780495434,108,0,0,none,351,7,4,saas,regular,0.6670028902372538,ALTERNATIVE_PAYMENT_METHOD,RETRY,0.5476026071984759,0,0.0
cus_106,pay_1106,ord_1106,4920.0,INR,card,failed,card_declined,card_declined,customer,payment_authentication,916,8,6,2,0.75,3921.6354461979304,57242.02603330495,9,1,1,none,11,18,1,health,regular,0.5070239995369573,NO_ACTION,NO_ACTION,0.512061723535747,0,0.0
cus_107,pay_1107,ord_1107,3190.0,INR,card,failed,network_timeout,network_timeout,customer,payment_authentication,26,7,6,1,0.8571428571428571,2704.4433831700776,28787.379452956742,69,1,0,none,72,23,3,retail,regular,0.7205534550048929,ALTERNATIVE_PAYMENT_METHOD,RETRY,0.8047641065878096,0,0.0
cus_108,pay_1108,ord_1108,1970.0,INR,wallet,failed,upi_error,upi_error,customer,payment_authentication,1482,5,4,1,0.8,2162.4101452680434,9738.07852655134,39,0,0,active,476,10,3,health,regular,0.7859099621609051,REMINDER,RETRY,0.8149257620717971,1,1970.0
cus_109,pay_1109,ord_1109,330.0,INR,card,failed,expired_card,expired_card,customer,payment_authentication,1356,8,7,1,0.875,244.81845886629523,5443.711038829991,110,0,0,none,404,12,4,health,new,0.6726719532400964,REMINDER,ALTERNATIVE_PAYMENT_METHOD,0.6527670300019691,1,330.0
cus_110,pay_1110,ord_1110,990.0,INR,card,failed,insufficient_funds,insufficient_funds,customer,payment_authentication,575,9,7,2,0.7777777777777778,1219.0456407730537,8512.320232920765,37,0,1,none,722,12,6,health,regular,0.8686320955041313,HUMAN_ESCALATION,REMINDER,0.7244033070778493,1,990.0
cus_111,pay_1111,ord_1111,1460.0,INR,upi,failed,network_timeout,network_timeout,customer,payment_authentication,1050,5,3,2,0.6,1684.7915958350848,13310.975152688994,140,0,0,none,672,15,1,retail,vip,0.8036752375634216,RETRY,RETRY,0.7326562287245995,1,1460.0
cus_112,pay_1112,ord_1112,1570.0,INR,upi,failed,network_timeout,network_timeout,customer,payment_authentication,778,13,10,3,0.7692307692307693,1847.371557718146,31653.628546515905,54,1,0,active,922,16,2,retail,regular,0.9953317889997176,CUSTOMER_NOTIFICATION,RETRY,0.877210984363954,1,1570.0
cus_113,pay_1113,ord_1113,5660.0,INR,wallet,failed,expired_card,expired_card,customer,payment_authentication,1041,10,5,5,0.5,6476.138144237893,122819.54619892342,20,0,1,none,254,2,4,saas,regular,0.5746736849888272,REMINDER,ALTERNATIVE_PAYMENT_METHOD,0.5809910496783479,0,0.0
cus_114,pay_1114,ord_1114,13280.0,INR,wallet,failed,network_timeout,network_timeout,customer,payment_authentication,329,9,8,1,0.8888888888888888,10321.48082891391,136782.7589224855,48,0,1,none,547,13,0,saas,regular,0.8933988172274607,RETRY,RETRY,0.914619656554862,1,13280.0
cus_115,pay_1115,ord_1115,3340.0,INR,card,failed,insufficient_funds,insufficient_funds,customer,payment_authentication,1420,7,5,2,0.7142857142857143,3802.707762567577,26884.405289677423,170,0,1,active,138,9,0,retail,new,0.9255149118344868,RETRY,REMINDER,0.7398248766915072,0,0.0
cus_116,pay_1116,ord_1116,1060.0,INR,card,failed,card_declined,card_declined,customer,payment_authentication,1322,8,6,2,0.75,1123.0848314640557,14456.526421222748,143,1,0,none,425,19,2,retail,regular,0.2615831821550253,ALTERNATIVE_PAYMENT_METHOD,NO_ACTION,0.27535843065223553,0,0.0
cus_117,pay_1117,ord_1117,6090.0,INR,netbanking,failed,network_timeout,network_timeout,customer,payment_authentication,781,10,7,3,0.7,4449.228350307822,95509.76831282012,107,0,1,none,104,22,5,retail,regular,0.810421685618174,RETRY,RETRY,0.8651947879678681,1,6090.0
cus_118,pay_1118,ord_1118,1000.0,INR,card,failed,insufficient_funds,insufficient_funds,customer,payment_authentication,1316,7,3,4,0.42857142857142855,870.7824907154644,14042.812118964626,37,1,1,none,914,8,2,education,regular,0.24391580803429364,NO_ACTION,NO_ACTION,0.30889904432858684,0,0.0
cus_119,pay_1119,ord_1119,130.0,INR,netbanking,failed,expired_card,expired_card,customer,payment_authentication,477,3,3,0,1.0,124.00182289498673,480.99247588146807,68,0,1,none,528,13,4,health,new,0.48335206720773366,CUSTOMER_NOTIFICATION,ALTERNATIVE_PAYMENT_METHOD,0.45386551709941025,0,0.0
cus_120,pay_1120,ord_1120,520.0,INR,upi,failed,upi_error,upi_error,customer,payment_authentication,1178,8,6,2,0.75,533.387279196608,5104.958422100139,83,1,0,none,72,6,5,saas,vip,0.5033624058571271,ALTERNATIVE_PAYMENT_METHOD,RETRY,0.611770536245139,1,520.0
cus_121,pay_1121,ord_1121,170.0,INR,card,failed,network_timeout,network_timeout,customer,payment_authentication,1364,13,9,4,0.6923076923076923,137.4138181891275,1681.4799018495648,176,2,2,none,334,1,4,retail,regular,0.5634636318773336,NO_ACTION,NO_ACTION,0.5451529917932169,0,0.0
cus_122,pay_1122,ord_1122,1230.0,INR,netbanking,failed,network_timeout,network_timeout,customer,payment_authentication,1044,8,6,2,0.75,1250.092699080678,18133.295771900877,58,0,1,past_due,770,3,4,saas,new,0.6003569337727596,HUMAN_ESCALATION,RETRY,0.5839655604835868,1,1230.0
cus_123,pay_1123,ord_1123,1510.0,INR,card,failed,insufficient_funds,insufficient_funds,customer,payment_authentication,1478,5,3,2,0.6,1924.5853173778748,10175.34522299612,146,0,1,active,763,20,4,education,new,0.6217703717989993,REMINDER,REMINDER,0.5626544778190549,0,0.0
cus_124,pay_1124,ord_1124,370.0,INR,upi,failed,upi_error,upi_error,customer,payment_authentication,321,8,5,3,0.625,337.7264727945075,3353.0300435129348,51,1,0,active,746,7,3,saas,vip,0.40941655631540486,HUMAN_ESCALATION,RETRY,0.5843926014259648,0,0.0
cus_125,pay_1125,ord_1125,770.0,INR,upi,failed,temporary_bank_failure,temporary_bank_failure,customer,payment_authentication,31,7,7,0,1.0,608.9821481868798,9156.2952162894,29,1,0,none,638,2,6,health,regular,0.6668520432708223,NO_ACTION,RETRY,0.8666979165258473,1,770.0
cus_126,pay_1126,ord_1126,430.0,INR,upi,failed,expired_card,expired_card,customer,payment_authentication,790,10,6,4,0.6,421.92943678458727,4858.727779149819,138,2,1,none,984,5,2,education,regular,0.19972277512392048,RETRY,ALTERNATIVE_PAYMENT_METHOD,0.24350212814788166,0,0.0
cus_127,pay_1127,ord_1127,1590.0,INR,upi,failed,expired_card,expired_card,customer,payment_authentication,496,8,5,3,0.625,1542.8543757526772,11072.719825414933,15,0,1,active,937,14,0,health,regular,0.7286039977127822,ALTERNATIVE_PAYMENT_METHOD,ALTERNATIVE_PAYMENT_METHOD,0.7425482124599739,0,0.0
cus_128,pay_1128,ord_1128,770.0,INR,upi,failed,network_timeout,network_timeout,customer,payment_authentication,959,5,3,2,0.6,962.743244617891,4652.947091934949,138,0,0,past_due,401,10,6,education,new,0.6502016977653039,NO_ACTION,RETRY,0.761915701816245,1,770.0
cus_129,pay_1129,ord_1129,4960.0,INR,wallet,failed,upi_error,upi_error,customer,payment_authentication,544,8,6,2,0.75,4847.972744990994,80558.99514001478,166,1,1,active,980,3,3,health,regular,0.6272919025578674,CUSTOMER_NOTIFICATION,RETRY,0.7641322077623304,1,4960.0
cus_130,pay_1130,ord_1130,2140.0,INR,wallet,failed,network_timeout,network_timeout,customer,payment_authentication,1303,6,3,3,0.5,1810.4313534067892,22080.146326071397,26,1,0,none,684,11,6,retail,regular,0.8490310078199064,NO_ACTION,RETRY,0.805791869582403,1,2140.0
cus_131,pay_1131,ord_1131,9000.0,INR,upi,failed,card_declined,card_declined,customer,payment_authentication,167,7,4,3,0.5714285714285714,7512.202998688343,94500.89598008119,105,2,1,none,0,20,4,health,regular,0.6973915489718703,ALTERNATIVE_PAYMENT_METHOD,REMINDER,0.7285807319219183,0,0.0
cus_132,pay_1132,ord_1132,1150.0,INR,card,failed,insufficient_funds,insufficient_funds,customer,payment_authentication,1445,7,6,1,0.8571428571428571,828.8404567790169,12317.281160805233,29,0,0,active,745,11,4,retail,regular,0.706816162376758,RETRY,REMINDER,0.6259518371039449,1,1150.0
cus_133,pay_1133,ord_1133,15430.0,INR,upi,failed,expired_card,expired_card,customer,payment_authentication,333,8,6,2,0.75,17664.790945040942,277191.814729055,83,0,0,none,235,23,4,retail,new,0.4981743127842181,NO_ACTION,ALTERNATIVE_PAYMENT_METHOD,0.6357672247660477,1,15430.0
cus_134,pay_1134,ord_1134,1810.0,INR,wallet,failed,expired_card,expired_card,customer,payment_authentication,490,5,3,2,0.6,1557.8481685024465,8046.588829572029,83,1,0,none,859,8,2,retail,new,0.5029944725695711,ALTERNATIVE_PAYMENT_METHOD,ALTERNATIVE_PAYMENT_METHOD,0.5138139251257468,0,0.0
cus_135,pay_1135,ord_1135,1070.0,INR,card,failed,temporary_bank_failure,temporary_bank_failure,customer,payment_authentication,37,7,3,4,0.42857142857142855,1254.8631208228492,7786.007592333904,13,1,0,active,241,6,5,health,new,0.5190911252631285,CUSTOMER_NOTIFICATION,RETRY,0.35184358894525836,1,1070.0
cus_136,pay_1136,ord_1136,20110.0,INR,upi,failed,expired_card,expired_card,customer,payment_authentication,1018,3,2,1,0.6666666666666666,20717.19907311355,146815.79621240782,33,0,1,active,479,14,2,health,new,0.4586677802368878,ALTERNATIVE_PAYMENT_METHOD,ALTERNATIVE_PAYMENT_METHOD,0.4884033490933006,1,20110.0
cus_137,pay_1137,ord_1137,290.0,INR,upi,failed,network_timeout,network_timeout,customer,payment_authentication,1044,8,4,4,0.5,326.8264970326615,3641.685331093119,97,0,0,past_due,879,20,6,education,regular,0.7702635771044721,CUSTOMER_NOTIFICATION,RETRY,0.828606211201798,1,290.0
cus_138,pay_1138,ord_1138,1040.0,INR,card,failed,card_declined,card_declined,customer,payment_authentication,1394,4,3,1,0.75,854.7848995035536,10366.618792866984,151,0,0,past_due,784,19,4,retail,new,0.7884571700505041,NO_ACTION,REMINDER,0.6972489346594329,0,0.0
cus_139,pay_1139,ord_1139,340.0,INR,upi,failed,network_timeout,network_timeout,customer,payment_authentication,161,6,5,1,0.8333333333333334,269.61983331664095,3782.057973675539,48,0,0,none,132,21,3,retail,regular,0.7842276909017174,ALTERNATIVE_PAYMENT_METHOD,RETRY,0.6623685487805071,0,0.0
cus_140,pay_1140,ord_1140,290.0,INR,card,failed,insufficient_funds,insufficient_funds,customer,payment_authentication,724,8,5,3,0.625,275.75851689463707,4281.581640678978,151,0,0,active,975,1,1,education,regular,0.8344476784114215,NO_ACTION,REMINDER,0.8979673962442749,1,290.0
cus_141,pay_1141,ord_1141,230.0,INR,netbanking,failed,expired_card,expired_card,customer,payment_authentication,1331,9,9,0,1.0,210.23605153120678,3343.502453769535,34,0,0,active,417,18,5,education,regular,0.3855829441403174,HUMAN_ESCALATION,ALTERNATIVE_PAYMENT_METHOD,0.44175939830052724,0,0.0
cus_142,pay_1142,ord_1142,3350.0,INR,netbanking,failed,temporary_bank_failure,temporary_bank_failure,customer,payment_authentication,46,0,0,0,0.0,3362.3540220671152,2420.5639990913173,4,0,1,active,530,0,3,retail,regular,0.6668774230526384,RETRY,RETRY,0.5803437988418555,0,0.0
cus_143,pay_1143,ord_1143,480.0,INR,netbanking,failed,insufficient_funds,insufficient_funds,customer,payment_authentication,876,8,7,1,0.875,551.5095942528999,8123.384186252324,70,0,0,none,53,18,3,health,regular,0.553168117937593,NO_ACTION,NO_ACTION,0.5231651604139372,0,0.0
cus_144,pay_1144,ord_1144,1400.0,INR,upi,failed,expired_card,expired_card,customer,payment_authentication,345,6,4,2,0.6666666666666666,1743.4333469724145,13523.061958334016,0,2,1,none,28,6,1,saas,regular,0.7002960392215577,CUSTOMER_NOTIFICATION,ALTERNATIVE_PAYMENT_METHOD,0.6680388928643296,1,1400.0
cus_145,pay_1145,ord_1145,4410.0,INR,card,failed,insufficient_funds,insufficient_funds,customer,payment_authentication,534,12,10,2,0.8333333333333334,4659.544685121817,40805.72018246845,6,1,0,none,478,16,5,saas,regular,0.5378743151073276,REMINDER,NO_ACTION,0.5142068298267087,0,0.0
cus_146,pay_1146,ord_1146,2870.0,INR,upi,failed,temporary_bank_failure,temporary_bank_failure,customer,payment_authentication,1133,6,5,1,0.8333333333333334,2397.9332732382977,19544.79225901948,54,2,0,past_due,356,9,0,saas,regular,0.6101010356981605,CUSTOMER_NOTIFICATION,REMINDER,0.6151638343070112,0,0.0
cus_147,pay_1147,ord_1147,2740.0,INR,netbanking,failed,card_declined,card_declined,customer,payment_authentication,1213,4,4,0,1.0,2403.658646101532,15830.26663553859,107,0,0,active,38,1,3,health,vip,0.5337753288278697,RETRY,NO_ACTION,0.43351603731511157,0,0.0
cus_148,pay_1148,ord_1148,6090.0,INR,upi,failed,insufficient_funds,insufficient_funds,customer,payment_authentication,9,5,4,1,0.8,7572.255044275318,39172.47101799479,173,2,0,active,87,16,5,saas,regular,0.921048342314833,NO_ACTION,REMINDER,0.7821930634560291,1,6090.0
cus_149,pay_1149,ord_1149,9040.0,INR,netbanking,failed,insufficient_funds,insufficient_funds,customer,payment_authentication,976,3,3,0,1.0,7465.072306511578,26617.064076366256,111,1,0,active,724,8,3,education,regular,0.4408222810668706,NO_ACTION,NO_ACTION,0.5438000635785981,0,0.0
cus_150,pay_1150,ord_1150,520.0,INR,card,failed,temporary_bank_failure,temporary_bank_failure,customer,payment_authentication,591,7,6,1,0.8571428571428571,393.61700387249005,4427.520074327384,121,1,0,none,588,3,1,health,new,0.854073974601903,NO_ACTION,RETRY,0.7653617356049234,1,520.0
cus_151,pay_1151,ord_1151,2930.0,INR,netbanking,failed,expired_card,expired_card,customer,payment_authentication,1129,9,4,5,0.4444444444444444,3670.4005868530126,54650.30242089284,125,0,1,none,518,7,6,retail,regular,0.5683818304961764,HUMAN_ESCALATION,ALTERNATIVE_PAYMENT_METHOD,0.5727730008517787,1,2930.0
cus_152,pay_1152,ord_1152,1380.0,INR,card,failed,insufficient_funds,insufficient_funds,customer,payment_authentication,1262,8,5,3,0.625,988.0784397942609,18201.367434033145,94,0,0,past_due,567,4,0,health,regular,0.3741427337875964,NO_ACTION,NO_ACTION,0.5027374662758285,0,0.0
cus_153,pay_1153,ord_1153,1560.0,INR,card,failed,expired_card,expired_card,customer,payment_authentication,1316,4,2,2,0.5,1792.9771298585997,8775.447121664158,4,1,1,active,998,5,4,retail,regular,0.04849464031162576,RETRY,ALTERNATIVE_PAYMENT_METHOD,0.1409255764723472,0,0.0
cus_154,pay_1154,ord_1154,400.0,INR,upi,failed,card_declined,card_declined,customer,payment_authentication,154,10,9,1,0.9,314.9454301434829,3583.9931391980704,61,2,0,past_due,461,10,0,retail,regular,0.34501084541278676,NO_ACTION,NO_ACTION,0.3859581298973603,0,0.0
cus_155,pay_1155,ord_1155,1060.0,INR,card,failed,temporary_bank_failure,temporary_bank_failure,customer,payment_authentication,1211,6,5,1,0.8333333333333334,1165.8123934315652,12440.988028628028,31,2,1,none,986,11,4,retail,regular,0.7047669902732658,REMINDER,REMINDER,0.5989521342065467,0,0.0
cus_156,pay_1156,ord_1156,1180.0,INR,card,failed,upi_error,upi_error,customer,payment_authentication,1446,6,3,3,0.5,957.9976854318281,13495.709927597674,100,0,0,active,299,7,6,retail,new,0.6539826403076903,NO_ACTION,RETRY,0.7574027726408844,0,0.0
cus_157,pay_1157,ord_1157,7560.0,INR,card,failed,temporary_bank_failure,temporary_bank_failure,customer,payment_authentication,1168,5,3,2,0.6,9361.469377223868,31891.63538992472,139,0,0,none,784,6,3,retail,new,0.7522800910861486,HUMAN_ESCALATION,RETRY,0.9323482805461847,1,7560.0
cus_158,pay_1158,ord_1158,570.0,INR,upi,failed,expired_card,expired_card,customer,payment_authentication,566,4,2,2,0.5,416.0544595148732,5675.586291263653,76,2,0,active,628,19,0,saas,regular,0.36779927426661974,HUMAN_ESCALATION,ALTERNATIVE_PAYMENT_METHOD,0.39427983414719847,0,0.0
cus_159,pay_1159,ord_1159,170.0,INR,netbanking,failed,temporary_bank_failure,temporary_bank_failure,customer,payment_authentication,1095,9,7,2,0.7777777777777778,150.05851038206785,1777.099545863535,103,0,2,none,292,12,0,saas,vip,0.7855908364202583,NO_ACTION,RETRY,0.8333322188947645,1,170.0
cus_160,pay_1160,ord_1160,1800.0,INR,card,failed,expired_card,expired_card,customer,payment_authentication,102,6,4,2,0.6666666666666666,2105.678721370617,13118.129440805951,114,0,1,none,117,5,1,retail,regular,0.6514912213589674,RETRY,ALTERNATIVE_PAYMENT_METHOD,0.5444278432757343,1,1800.0
cus_161,pay_1161,ord_1161,510.0,INR,upi,failed,insufficient_funds,insufficient_funds,customer,payment_authentication,566,2,2,0,1.0,530.5989008346054,1669.7552881711263,1,0,0,none,112,11,2,saas,new,0.4569129574131754,RETRY,NO_ACTION,0.43122120352522636,0,0.0
cus_162,pay_1162,ord_1162,1570.0,INR,netbanking,failed,network_timeout,network_timeout,customer,payment_authentication,1236,13,11,2,0.8461538461538461,1496.4055743585234,42866.103981908585,134,2,0,none,654,23,6,retail,vip,0.7233535301603655,RETRY,REMINDER,0.6521071001074454,0,0.0
cus_163,pay_1163,ord_1163,3500.0,INR,card,failed,insufficient_funds,insufficient_funds,customer,payment_authentication,978,7,4,3,0.5714285714285714,3364.628986866011,50216.30158029584,131,0,1,past_due,156,0,0,retail,regular,0.45771448266226855,RETRY,NO_ACTION,0.49705424035320145,0,0.0
cus_164,pay_1164,ord_1164,1640.0,INR,card,failed,card_declined,card_declined,customer,payment_authentication,398,6,5,1,0.8333333333333334,1642.2805007084035,17546.895569687666,173,0,1,none,620,22,3,education,regular,0.5336859977416941,RETRY,REMINDER,0.655455773629708,0,0.0
cus_165,pay_1165,ord_1165,1170.0,INR,netbanking,failed,temporary_bank_failure,temporary_bank_failure,customer,payment_authentication,848,7,5,2,0.7142857142857143,1517.401693950757,12566.203178825102,74,0,0,active,690,3,5,saas,regular,0.8461740729227303,RETRY,RETRY,0.7149574257975537,1,1170.0
cus_166,pay_1166,ord_1166,1550.0,INR,netbanking,failed,temporary_bank_failure,temporary_bank_failure,customer,payment_authentication,3,8,7,1,0.875,1711.4943737784706,15695.571017377322,174,0,0,past_due,738,6,4,education,new,0.5465861173971925,CUSTOMER_NOTIFICATION,RETRY,0.6055690197387116,1,1550.0
cus_167,pay_1167,ord_1167,4220.0,INR,upi,failed,insufficient_funds,insufficient_funds,customer,payment_authentication,1445,7,5,2,0.7142857142857143,4187.236428210424,38337.36340014551,47,0,0,active,134,14,5,saas,vip,0.8756537476673205,NO_ACTION,REMINDER,0.8109134120767758,0,0.0
cus_168,pay_1168,ord_1168,570.0,INR,netbanking,failed,expired_card,expired_card,customer,payment_authentication,826,7,4,3,0.5714285714285714,509.0726499771523,5122.528898605617,73,1,0,none,122,5,4,saas,new,0.3577496364980509,RETRY,ALTERNATIVE_PAYMENT_METHOD,0.3945530719290021,0,0.0
cus_169,pay_1169,ord_1169,3750.0,INR,card,failed,expired_card,expired_card,customer,payment_authentication,751,4,3,1,0.75,3758.5575855269417,34150.867472178834,135,2,0,none,283,23,0,health,regular,0.4697689054143867,NO_ACTION,ALTERNATIVE_PAYMENT_METHOD,0.4040093656599562,0,0.0
cus_170,pay_1170,ord_1170,660.0,INR,card,failed,upi_error,upi_error,customer,payment_authentication,500,9,4,5,0.4444444444444444,827.3558947518968,10465.67104069062,89,1,0,active,486,17,6,health,regular,0.4478709697739516,REMINDER,RETRY,0.4176675444512366,1,660.0
cus_171,pay_1171,ord_1171,3300.0,INR,upi,failed,card_declined,card_declined,customer,payment_authentication,333,10,8,2,0.8,2743.56483267396,44607.13633224133,64,0,0,active,92,13,3,education,regular,0.6302319587184454,CUSTOMER_NOTIFICATION,REMINDER,0.617417454340211,1,3300.0
cus_172,pay_1172,ord_1172,390.0,INR,card,failed,upi_error,upi_error,customer,payment_authentication,493,8,4,4,0.5,353.8421528562462,6990.568417956455,103,0,1,past_due,490,9,3,saas,regular,0.6066858603155447,ALTERNATIVE_PAYMENT_METHOD,RETRY,0.5653581968450326,1,390.0
cus_173,pay_1173,ord_1173,3110.0,INR,netbanking,failed,insufficient_funds,insufficient_funds,customer,payment_authentication,687,8,5,3,0.625,2298.282387809448,26051.08197330651,81,0,0,active,51,22,6,health,regular,0.3904876032505557,ALTERNATIVE_PAYMENT_METHOD,NO_ACTION,0.4145946940407304,0,0.0
cus_174,pay_1174,ord_1174,1630.0,INR,upi,failed,network_timeout,network_timeout,customer,payment_authentication,639,4,2,2,0.5,1756.387670001106,6517.398460290347,16,1,0,none,140,8,5,health,regular,0.4517079878540142,ALTERNATIVE_PAYMENT_METHOD,RETRY,0.622193455189378,1,1630.0
cus_175,pay_1175,ord_1175,1990.0,INR,netbanking,failed,expired_card,expired_card,customer,payment_authentication,622,7,4,3,0.5714285714285714,2308.8183294397604,18763.06685846739,154,1,2,active,389,23,0,education,regular,0.42289581144653515,CUSTOMER_NOTIFICATION,ALTERNATIVE_PAYMENT_METHOD,0.39400583577695514,0,0.0
cus_176,pay_1176,ord_1176,4720.0,INR,upi,failed,card_declined,card_declined,customer,payment_authentication,762,4,3,1,0.75,5093.897714053666,46642.98161994431,137,2,0,active,573,23,2,retail,regular,0.7052948575259299,REMINDER,REMINDER,0.5907493068090105,1,4720.0
cus_177,pay_1177,ord_1177,800.0,INR,card,failed,upi_error,upi_error,customer,payment_authentication,703,4,3,1,0.75,949.6811309808032,2924.8981136331313,26,1,0,none,414,16,2,retail,vip,0.598304205482255,CUSTOMER_NOTIFICATION,RETRY,0.6027385528806152,0,0.0
cus_178,pay_1178,ord_1178,1760.0,INR,card,failed,card_declined,card_declined,customer,payment_authentication,465,7,4,3,0.5714285714285714,2045.9104575393778,11338.642523833745,38,0,0,past_due,707,16,6,saas,regular,0.5391820602430285,HUMAN_ESCALATION,REMINDER,0.570538350845657,0,0.0
cus_179,pay_1179,ord_1179,2450.0,INR,card,failed,network_timeout,network_timeout,customer,payment_authentication,871,9,5,4,0.5555555555555556,3144.524878520567,28025.176046323533,101,0,0,none,192,14,0,health,new,0.7938684270390164,NO_ACTION,RETRY,0.76775694648915,1,2450.0
cus_180,pay_1180,ord_1180,1340.0,INR,netbanking,failed,network_timeout,network_timeout,customer,payment_authentication,370,8,6,2,0.75,1301.7618236747453,23922.85641305124,81,0,0,active,96,22,3,health,regular,0.937350441991532,CUSTOMER_NOTIFICATION,RETRY,0.8394267446764448,1,1340.0
cus_181,pay_1181,ord_1181,3700.0,INR,card,failed,temporary_bank_failure,temporary_bank_failure,customer,payment_authentication,1422,6,4,2,0.6666666666666666,2776.636112086383,29693.93057752902,18,3,0,active,920,13,3,education,vip,0.3516885697695005,HUMAN_ESCALATION,NO_ACTION,0.37979401184764944,0,0.0
cus_182,pay_1182,ord_1182,2510.0,INR,card,failed,card_declined,card_declined,customer,payment_authentication,1001,8,6,2,0.75,2563.3073306003166,35726.128877039555,64,0,0,none,435,22,1,education,new,0.6292334114327545,RETRY,REMINDER,0.7786909112888355,1,2510.0
cus_183,pay_1183,ord_1183,1010.0,INR,card,failed,expired_card,expired_card,customer,payment_authentication,422,7,6,1,0.8571428571428571,1174.2333168812022,14731.772564744848,176,0,1,none,607,4,3,education,regular,0.4944909404249441,HUMAN_ESCALATION,ALTERNATIVE_PAYMENT_METHOD,0.47869632609276996,0,0.0
cus_184,pay_1184,ord_1184,6380.0,INR,card,failed,upi_error,upi_error,customer,payment_authentication,1039,9,9,0,1.0,6023.814291466782,100276.09519993086,50,1,1,none,717,10,1,retail,new,0.8738294576925246,CUSTOMER_NOTIFICATION,RETRY,0.8373711161633935,1,6380.0
cus_185,pay_1185,ord_1185,3170.0,INR,netbanking,failed,network_timeout,network_timeout,customer,payment_authentication,1453,10,7,3,0.7,3073.440027931291,28480.551270311844,56,2,0,active,291,3,2,saas,regular,0.4517600665793882,NO_ACTION,NO_ACTION,0.43434869887268807,0,0.0
cus_186,pay_1186,ord_1186,780.0,INR,card,failed,temporary_bank_failure,temporary_bank_failure,customer,payment_authentication,1147,10,7,3,0.7,891.0834629914168,7662.751635490201,147,0,1,active,64,0,5,retail,regular,0.6932591013765762,HUMAN_ESCALATION,RETRY,0.7427196949074487,0,0.0
cus_187,pay_1187,ord_1187,770.0,INR,wallet,failed,temporary_bank_failure,temporary_bank_failure,customer,payment_authentication,1169,7,5,2,0.7142857142857143,546.7802558338375,6384.859494415968,163,1,1,none,834,7,5,saas,regular,0.8176556079232482,RETRY,RETRY,0.784210348855368,1,770.0
cus_188,pay_1188,ord_1188,1450.0,INR,card,failed,temporary_bank_failure,temporary_bank_failure,customer,payment_authentication,327,5,4,1,0.8,1586.834762421517,15092.440840472313,33,0,0,none,683,22,0,health,new,0.8302727766183611,HUMAN_ESCALATION,RETRY,0.8533554249761672,1,1450.0
cus_189,pay_1189,ord_1189,2830.0,INR,upi,failed,expired_card,expired_card,customer,payment_authentication,275,6,5,1,0.8333333333333334,3181.8423859439595,34518.05710875515,66,0,0,none,552,7,2,saas,regular,0.770959894658366,HUMAN_ESCALATION,ALTERNATIVE_PAYMENT_METHOD,0.8146736295704254,0,0.0
cus_190,pay_1190,ord_1190,200.0,INR,upi,failed,temporary_bank_failure,temporary_bank_failure,customer,payment_authentication,842,2,2,0,1.0,256.4803856058443,552.795457998176,152,2,0,none,866,19,0,health,regular,0.5316589822426159,CUSTOMER_NOTIFICATION,REMINDER,0.560234524194985,1,200.0
cus_191,pay_1191,ord_1191,810.0,INR,card,failed,network_timeout,network_timeout,customer,payment_authentication,421,2,2,0,1.0,921.7549245615842,2898.5991109085967,152,0,1,none,445,6,0,saas,regular,0.9017994519393036,NO_ACTION,RETRY,0.8844959545664122,1,810.0
cus_192,pay_1192,ord_1192,1010.0,INR,netbanking,failed,expired_card,expired_card,customer,payment_authentication,181,6,5,1,0.8333333333333334,786.3176972206985,6233.963090574405,72,1,1,active,49,16,0,education,regular,0.43812928345328533,CUSTOMER_NOTIFICATION,ALTERNATIVE_PAYMENT_METHOD,0.4100484120703589,0,0.0
cus_193,pay_1193,ord_1193,430.0,INR,wallet,failed,network_timeout,network_timeout,customer,payment_authentication,1364,6,4,2,0.6666666666666666,429.56217615081005,3958.20369888341,137,2,1,none,751,4,5,health,regular,0.4112512549636388,REMINDER,NO_ACTION,0.4626194956657046,0,0.0
cus_194,pay_1194,ord_1194,650.0,INR,netbanking,failed,insufficient_funds,insufficient_funds,customer,payment_authentication,518,6,4,2,0.6666666666666666,613.3187348779655,5339.778420014841,55,0,1,active,804,11,3,retail,regular,0.5984864771618407,RETRY,REMINDER,0.5785817586369321,1,650.0
cus_195,pay_1195,ord_1195,2070.0,INR,card,failed,expired_card,expired_card,customer,payment_authentication,1202,6,3,3,0.5,1946.9569511348145,28831.20564126275,41,0,0,active,366,18,1,health,new,0.7310815645359136,ALTERNATIVE_PAYMENT_METHOD,ALTERNATIVE_PAYMENT_METHOD,0.6928974003812055,1,2070.0
cus_196,pay_1196,ord_1196,1110.0,INR,card,failed,temporary_bank_failure,temporary_bank_failure,customer,payment_authentication,1097,11,10,1,0.9090909090909091,1299.8702888418438,16054.896653492095,170,0,0,active,199,21,3,saas,regular,0.8275272088246723,REMINDER,RETRY,0.7717858881099326,1,1110.0
cus_197,pay_1197,ord_1197,1200.0,INR,upi,failed,network_timeout,network_timeout,customer,payment_authentication,215,4,2,2,0.5,1258.394874092973,4590.235209520601,116,0,0,none,802,8,5,saas,new,0.8187730869365961,ALTERNATIVE_PAYMENT_METHOD,RETRY,0.7705860380410678,1,1200.0
cus_198,pay_1198,ord_1198,460.0,INR,card,failed,temporary_bank_failure,temporary_bank_failure,customer,payment_authentication,282,3,2,1,0.6666666666666666,523.721351676627,2533.00753081702,140,0,0,past_due,56,13,1,health,regular,0.8762812479621647,ALTERNATIVE_PAYMENT_METHOD,RETRY,0.7460127728690458,1,460.0
cus_199,pay_1199,ord_1199,1460.0,INR,upi,failed,temporary_bank_failure,temporary_bank_failure,customer,payment_authentication,877,8,6,2,0.75,1675.3180480660842,24694.488373580418,42,0,2,active,4,13,3,saas,vip,0.9045554137926941,NO_ACTION,RETRY,0.8359368600943511,1,1460.0
cus_200,pay_1200,ord_1200,400.0,INR,upi,failed,temporary_bank_failure,temporary_bank_failure,customer,payment_authentication,936,13,8,5,0.6153846153846154,445.2009832243353,6609.875329694761,3,1,0,none,834,10,0,education,regular,0.7036344953459869,ALTERNATIVE_PAYMENT_METHOD,RETRY,0.5032172257853872,1,400.0
cus_201,pay_1201,ord_1201,7780.0,INR,upi,failed,network_timeout,network_timeout,customer,payment_authentication,416,6,2,4,0.3333333333333333,8983.27227138223,96069.94196000088,3,0,1,past_due,246,9,1,retail,regular,0.7874343162634122,CUSTOMER_NOTIFICATION,RETRY,0.6842813728013113,1,7780.0
cus_202,pay_1202,ord_1202,10340.0,INR,netbanking,failed,temporary_bank_failure,temporary_bank_failure,customer,payment_authentication,230,6,5,1,0.8333333333333334,8593.949534095995,89877.97378115512,125,0,0,past_due,787,22,1,saas,new,0.9456175268049523,HUMAN_ESCALATION,RETRY,0.8456459343750058,1,10340.0
cus_203,pay_1203,ord_1203,1130.0,INR,upi,failed,card_declined,card_declined,customer,payment_authentication,944,7,5,2,0.7142857142857143,857.9268448551419,13007.38917597759,54,1,1,none,530,10,0,retail,new,0.43854329205595566,CUSTOMER_NOTIFICATION,REMINDER,0.5611738571712955,0,0.0
cus_204,pay_1204,ord_1204,590.0,INR,card,failed,network_timeout,network_timeout,customer,payment_authentication,354,6,5,1,0.8333333333333334,470.08555310089776,5588.078498500385,93,0,1,none,932,17,5,education,regular,0.7579673897594064,HUMAN_ESCALATION,RETRY,0.6823363553670593,0,0.0
cus_205,pay_1205,ord_1205,4250.0,INR,card,failed,network_timeout,network_timeout,customer,payment_authentication,261,8,7,1,0.875,5037.315858334567,70242.82062543016,127,2,0,active,836,10,5,education,regular,0.610237953839112,CUSTOMER_NOTIFICATION,NO_ACTION,0.5251318375911318,0,0.0
cus_206,pay_1206,ord_1206,3270.0,INR,upi,failed,temporary_bank_failure,temporary_bank_failure,customer,payment_authentication,568,2,2,0,1.0,4164.796095308879,14111.318431255017,138,1,1,none,483,12,3,health,regular,0.46623263313931596,HUMAN_ESCALATION,RETRY,0.47065379467779833,0,0.0
cus_207,pay_1207,ord_1207,11790.0,INR,upi,failed,temporary_bank_failure,temporary_bank_failure,customer,payment_authentication,528,8,8,0,1.0,14880.12020676435,126566.98691417453,32,0,1,none,743,13,1,saas,new,0.7233044160691358,ALTERNATIVE_PAYMENT_METHOD,RETRY,0.9280779410758265,1,11790.0
cus_208,pay_1208,ord_1208,15380.0,INR,card,failed,insufficient_funds,insufficient_funds,customer,payment_authentication,603,7,4,3,0.5714285714285714,10884.454231431275,208810.42747117448,103,0,1,none,163,4,0,retail,new,0.5584334050461714,REMINDER,REMINDER,0.7913558848434453,0,0.0
cus_209,pay_1209,ord_1209,240.0,INR,upi,failed,temporary_bank_failure,temporary_bank_failure,customer,payment_authentication,583,11,9,2,0.8181818181818182,311.2902961374198,2204.46923784157,113,2,0,active,934,5,6,retail,regular,0.23914167925377444,REMINDER,NO_ACTION,0.267096564867099,0,0.0
cus_210,pay_1210,ord_1210,5760.0,INR,netbanking,failed,card_declined,card_declined,customer,payment_authentication,849,7,5,2,0.7142857142857143,7095.847645400505,48581.30351216437,102,0,1,active,917,16,3,saas,regular,0.6195294625591452,RETRY,REMINDER,0.6733256049722152,0,0.0
cus_211,pay_1211,ord_1211,1450.0,INR,netbanking,failed,insufficient_funds,insufficient_funds,customer,payment_authentication,807,7,4,3,0.5714285714285714,1187.9990279139477,12439.402779446193,137,1,1,active,260,23,3,health,regular,0.24252409016611537,RETRY,NO_ACTION,0.3916647678486112,0,0.0
cus_212,pay_1212,ord_1212,3130.0,INR,upi,failed,insufficient_funds,insufficient_funds,customer,payment_authentication,56,4,2,2,0.5,3237.800512441672,22529.91936146162,64,0,0,active,521,16,3,retail,regular,0.7716472025750468,RETRY,REMINDER,0.7329338298396423,1,3130.0
cus_213,pay_1213,ord_1213,3940.0,INR,card,failed,temporary_bank_failure,temporary_bank_failure,customer,payment_authentication,359,6,5,1,0.8333333333333334,5085.621082379909,49214.410523237544,55,0,1,past_due,922,14,5,retail,regular,0.7069341642212329,REMINDER,RETRY,0.8202825050039594,1,3940.0
cus_214,pay_1214,ord_1214,3770.0,INR,card,failed,expired_card,expired_card,customer,payment_authentication,757,4,4,0,1.0,3704.3867742096522,26766.26773433233,57,0,1,active,326,23,3,education,regular,0.628019197307871,ALTERNATIVE_PAYMENT_METHOD,ALTERNATIVE_PAYMENT_METHOD,0.7945984668381728,1,3770.0
cus_215,pay_1215,ord_1215,4920.0,INR,upi,failed,temporary_bank_failure,temporary_bank_failure,customer,payment_authentication,1091,7,5,2,0.7142857142857143,6258.560433617899,51003.86838326934,18,0,0,active,114,16,3,health,regular,0.9759703836373265,NO_ACTION,RETRY,0.769636825287922,0,0.0
cus_216,pay_1216,ord_1216,1030.0,INR,card,failed,card_declined,card_declined,customer,payment_authentication,46,4,4,0,1.0,1057.0757767550924,4042.251980526335,7,1,0,none,980,21,5,saas,regular,0.5067291862747926,ALTERNATIVE_PAYMENT_METHOD,NO_ACTION,0.4562626039943313,0,0.0
cus_217,pay_1217,ord_1217,700.0,INR,upi,failed,temporary_bank_failure,temporary_bank_failure,customer,payment_authentication,1214,8,6,2,0.75,634.632557036636,12354.727091817935,107,1,0,active,199,8,6,education,vip,0.7548315055362635,HUMAN_ESCALATION,RETRY,0.7974189514557074,1,700.0
cus_218,pay_1218,ord_1218,5920.0,INR,upi,failed,upi_error,upi_error,customer,payment_authentication,142,4,3,1,0.75,4714.199925739465,32092.457089724776,179,0,1,none,157,19,4,saas,new,0.7549545717463106,CUSTOMER_NOTIFICATION,RETRY,0.8962104282932984,1,5920.0
cus_219,pay_1219,ord_1219,760.0,INR,card,failed,card_declined,card_declined,customer,payment_authentication,960,9,6,3,0.6666666666666666,579.4585367690114,6601.106531695004,23,1,1,active,466,20,1,retail,new,0.18438622108614822,REMINDER,NO_ACTION,0.27295090561958235,0,0.0
cus_220,pay_1220,ord_1220,11630.0,INR,card,failed,temporary_bank_failure,temporary_bank_failure,customer,payment_authentication,328,7,6,1,0.8571428571428571,13072.252686578408,165865.1161870179,45,2,1,past_due,462,19,1,health,regular,0.7970361672868908,ALTERNATIVE_PAYMENT_METHOD,REMINDER,0.8592887192168012,0,0.0
cus_221,pay_1221,ord_1221,840.0,INR,card,failed,temporary_bank_failure,temporary_bank_failure,customer,payment_authentication,1354,6,5,1,0.8333333333333334,753.0992019251914,10921.797962409071,0,0,0,past_due,210,8,2,education,regular,0.6275306448088971,REMINDER,RETRY,0.681894148586337,1,840.0
cus_222,pay_1222,ord_1222,1240.0,INR,netbanking,failed,insufficient_funds,insufficient_funds,customer,payment_authentication,1039,10,6,4,0.6,1171.3529751291333,14842.644810931872,43,1,2,active,881,17,5,health,regular,0.13039636407008845,CUSTOMER_NOTIFICATION,NO_ACTION,0.16266207637399982,0,0.0
cus_223,pay_1223,ord_1223,1490.0,INR,upi,failed,temporary_bank_failure,temporary_bank_failure,customer,payment_authentication,1185,8,4,4,0.5,1880.8644850146127,18950.380258233003,23,1,0,active,31,20,6,education,regular,0.5220036888250317,CUSTOMER_NOTIFICATION,RETRY,0.6401042374132981,1,1490.0
cus_224,pay_1224,ord_1224,390.0,INR,card,failed,temporary_bank_failure,temporary_bank_failure,customer,payment_authentication,1217,9,6,3,0.6666666666666666,319.7641278980918,6702.111668019934,179,0,1,none,920,14,3,retail,new,0.7143798302005919,RETRY,RETRY,0.8017280458124524,1,390.0
cus_225,pay_1225,ord_1225,390.0,INR,netbanking,failed,network_timeout,network_timeout,customer,payment_authentication,66,11,8,3,0.7272727272727273,360.3463454674567,3408.0346844623878,47,0,1,none,639,5,1,health,regular,0.3470605740463161,CUSTOMER_NOTIFICATION,RETRY,0.5181672918606697,1,390.0
cus_226,pay_1226,ord_1226,4500.0,INR,upi,failed,card_declined,card_declined,customer,payment_authentication,1270,6,4,2,0.6666666666666666,5605.825873113527,62464.48024348224,167,1,0,active,262,4,4,education,new,0.05899059320873434,CUSTOMER_NOTIFICATION,NO_ACTION,0.2569825999881641,0,0.0
cus_227,pay_1227,ord_1227,320.0,INR,upi,failed,temporary_bank_failure,temporary_bank_failure,customer,payment_authentication,127,9,8,1,0.8888888888888888,404.59425259911666,3587.641136735927,121,2,0,none,407,20,4,saas,new,0.3828607075365984,RETRY,NO_ACTION,0.5364165233925767,0,0.0
cus_228,pay_1228,ord_1228,22460.0,INR,wallet,failed,expired_card,expired_card,customer,payment_authentication,814,8,4,4,0.5,26539.878360329505,267572.27994817455,55,1,2,active,80,4,0,health,regular,0.39617611483696674,HUMAN_ESCALATION,ALTERNATIVE_PAYMENT_METHOD,0.457154319225468,1,22460.0
cus_229,pay_1229,ord_1229,1650.0,INR,card,failed,insufficient_funds,insufficient_funds,customer,payment_authentication,990,6,5,1,0.8333333333333334,1534.3137922695016,8844.280450794588,59,0,0,active,922,22,6,education,regular,0.7794925474116942,RETRY,REMINDER,0.8102892749222309,1,1650.0
cus_230,pay_1230,ord_1230,650.0,INR,card,failed,upi_error,upi_error,customer,payment_authentication,1350,6,4,2,0.6666666666666666,503.92876486211696,3462.640397381856,16,0,1,none,705,14,6,health,regular,0.7730627586557707,ALTERNATIVE_PAYMENT_METHOD,RETRY,0.7265310844333634,1,650.0
cus_231,pay_1231,ord_1231,2750.0,INR,upi,failed,temporary_bank_failure,temporary_bank_failure,customer,payment_authentication,1083,9,8,1,0.8888888888888888,3227.525935908478,23241.621252575478,165,1,0,active,983,4,6,education,regular,0.8823833180806258,CUSTOMER_NOTIFICATION,RETRY,0.840859888408409,1,2750.0
cus_232,pay_1232,ord_1232,150.0,INR,card,failed,network_timeout,network_timeout,customer,payment_authentication,1068,4,2,2,0.5,180.51342371861585,838.092820857983,144,1,1,none,43,5,3,saas,regular,0.6309109581811412,CUSTOMER_NOTIFICATION,RETRY,0.568533367657606,1,150.0
cus_233,pay_1233,ord_1233,1300.0,INR,upi,failed,network_timeout,network_timeout,customer,payment_authentication,1451,8,5,3,0.625,1467.5785050363538,22206.489599258515,133,1,0,active,925,0,5,retail,regular,0.8280352161033185,CUSTOMER_NOTIFICATION,RETRY,0.85853179420321,1,1300.0
cus_234,pay_1234,ord_1234,1470.0,INR,card,failed,temporary_bank_failure,temporary_bank_failure,customer,payment_authentication,25,5,3,2,0.6,1326.579170041604,12083.973713134379,3,0,1,active,833,14,0,health,regular,0.6840513519599729,CUSTOMER_NOTIFICATION,RETRY,0.618514063807738,1,1470.0
cus_235,pay_1235,ord_1235,510.0,INR,card,failed,temporary_bank_failure,temporary_bank_failure,customer,payment_authentication,5,8,6,2,0.75,556.6423607445366,5156.717425124907,177,1,0,active,516,19,0,education,regular,0.44828810195348523,CUSTOMER_NOTIFICATION,RETRY,0.6626191804249529,0,0.0
cus_236,pay_1236,ord_1236,960.0,INR,card,failed,insufficient_funds,insufficient_funds,customer,payment_authentication,286,2,1,1,0.5,1076.5086345847228,3705.0764307629083,44,1,0,active,617,17,0,saas,regular,0.24114579991813656,ALTERNATIVE_PAYMENT_METHOD,NO_ACTION,0.1807698594287166,0,0.0
cus_237,pay_1237,ord_1237,8320.0,INR,upi,failed,network_timeout,network_timeout,customer,payment_authentication,356,8,6,2,0.75,10254.05297846766,78216.84518465595,119,0,1,none,308,14,3,saas,regular,0.8906938305610022,REMINDER,RETRY,0.8946741583143513,1,8320.0
cus_238,pay_1238,ord_1238,2170.0,INR,card,failed,expired_card,expired_card,customer,payment_authentication,750,10,6,4,0.6,1700.1784733522838,36072.941900131766,103,1,1,active,508,14,3,retail,regular,0.7763139676264137,HUMAN_ESCALATION,ALTERNATIVE_PAYMENT_METHOD,0.6801442829624696,1,2170.0
cus_239,pay_1239,ord_1239,2700.0,INR,card,failed,card_declined,card_declined,customer,payment_authentication,1247,7,5,2,0.7142857142857143,2317.396432812019,29361.4339410837,3,0,1,none,955,5,4,retail,vip,0.4920796989188287,ALTERNATIVE_PAYMENT_METHOD,REMINDER,0.7600771551426823,1,2700.0
cus_240,pay_1240,ord_1240,820.0,INR,netbanking,failed,network_timeout,network_timeout,customer,payment_authentication,589,5,4,1,0.8,772.6196898737625,5865.19035698453,71,2,0,none,813,19,1,education,regular,0.6719267076775284,HUMAN_ESCALATION,REMINDER,0.5807178166609442,1,820.0
cus_241,pay_1241,ord_1241,480.0,INR,card,failed,network_timeout,network_timeout,customer,payment_authentication,1337,6,4,2,0.6666666666666666,569.7552811714179,5348.990018660453,26,0,0,past_due,373,12,2,retail,new,0.3535094517723185,CUSTOMER_NOTIFICATION,RETRY,0.516134122731249,0,0.0
cus_242,pay_1242,ord_1242,1420.0,INR,card,failed,expired_card,expired_card,customer,payment_authentication,961,8,7,1,0.875,1755.4334646133286,15453.437478037562,30,1,1,past_due,550,20,2,retail,regular,0.6717391028887241,CUSTOMER_NOTIFICATION,ALTERNATIVE_PAYMENT_METHOD,0.5598211036367867,1,1420.0
cus_243,pay_1243,ord_1243,150.0,INR,card,failed,expired_card,expired_card,customer,payment_authentication,697,6,4,2,0.6666666666666666,130.0572417129208,1835.9344268516063,48,0,1,active,378,23,4,retail,regular,0.32837481685996656,REMINDER,ALTERNATIVE_PAYMENT_METHOD,0.41268215832968597,0,0.0
cus_244,pay_1244,ord_1244,600.0,INR,card,failed,card_declined,card_declined,customer,payment_authentication,1189,10,9,1,0.9,601.491824491627,9754.406043146968,0,0,1,past_due,348,21,2,saas,regular,0.8235305975641353,CUSTOMER_NOTIFICATION,REMINDER,0.7819866290432699,1,600.0
cus_245,pay_1245,ord_1245,520.0,INR,card,failed,insufficient_funds,insufficient_funds,customer,payment_authentication,726,4,2,2,0.5,553.6062601926023,2503.256070392379,126,1,0,past_due,635,22,6,education,regular,0.29678472408456397,RETRY,NO_ACTION,0.30540317946963613,0,0.0
cus_246,pay_1246,ord_1246,240.0,INR,upi,failed,network_timeout,network_timeout,customer,payment_authentication,65,13,10,3,0.7692307692307693,191.82735451594448,3064.813683189177,133,1,1,active,417,18,1,saas,regular,0.6989786123326329,CUSTOMER_NOTIFICATION,RETRY,0.5974940025315182,1,240.0
cus_247,pay_1247,ord_1247,3460.0,INR,card,failed,temporary_bank_failure,temporary_bank_failure,customer,payment_authentication,1280,7,4,3,0.5714285714285714,4066.9714579518613,28586.330892812555,116,1,1,active,634,7,4,health,regular,0.9117144796418973,ALTERNATIVE_PAYMENT_METHOD,RETRY,0.8965947512686923,1,3460.0
cus_248,pay_1248,ord_1248,1590.0,INR,netbanking,failed,temporary_bank_failure,temporary_bank_failure,customer,payment_authentication,200,14,12,2,0.8571428571428571,1562.2400308752026,45165.04077101913,82,0,0,active,970,6,1,health,regular,1.0,ALTERNATIVE_PAYMENT_METHOD,RETRY,0.8998061331259355,1,1590.0
cus_249,pay_1249,ord_1249,970.0,INR,wallet,failed,network_timeout,network_timeout,customer,payment_authentication,690,8,6,2,0.75,1199.7033127060085,15455.914320271755,36,1,0,past_due,104,16,3,saas,regular,0.7611957860676833,HUMAN_ESCALATION,RETRY,0.8332004033883834,1,970.0
cus_250,pay_1250,ord_1250,3540.0,INR,card,failed,insufficient_funds,insufficient_funds,customer,payment_authentication,234,3,3,0,1.0,3642.6855710202435,27808.56860686853,110,2,0,none,403,5,4,education,regular,0.35461979688951795,HUMAN_ESCALATION,NO_ACTION,0.4581114796606027,0,0.0
cus_251,pay_1251,ord_1251,350.0,INR,card,failed,temporary_bank_failure,temporary_bank_failure,customer,payment_authentication,1181,6,3,3,0.5,419.9431931828723,4085.6687444149197,125,1,2,active,191,12,5,retail,regular,0.33776474653835376,REMINDER,RETRY,0.40312115456678627,0,0.0
cus_252,pay_1252,ord_1252,470.0,INR,card,failed,temporary_bank_failure,temporary_bank_failure,customer,payment_authentication,956,4,4,0,1.0,342.8431983672244,4438.618030828503,38,0,1,none,66,16,6,education,new,0.9634254646854807,CUSTOMER_NOTIFICATION,RETRY,0.9000924654271907,1,470.0
cus_253,pay_1253,ord_1253,5530.0,INR,upi,failed,expired_card,expired_card,customer,payment_authentication,1423,4,3,1,0.75,5327.1381949286315,32128.179844989114,50,0,0,past_due,0,6,2,retail,regular,0.902952083021981,ALTERNATIVE_PAYMENT_METHOD,ALTERNATIVE_PAYMENT_METHOD,0.8354747355959654,1,5530.0
cus_254,pay_1254,ord_1254,17700.0,INR,card,failed,network_timeout,network_timeout,customer,payment_authentication,1299,5,5,0,1.0,16841.270037038845,159921.78176270548,154,1,1,none,372,2,5,retail,regular,0.5736043771227557,CUSTOMER_NOTIFICATION,RETRY,0.7023147545817977,1,17700.0
cus_255,pay_1255,ord_1255,3580.0,INR,netbanking,failed,temporary_bank_failure,temporary_bank_failure,customer,payment_authentication,393,8,5,3,0.625,2922.578007725204,38952.530793097736,120,1,1,active,98,3,4,health,regular,0.5481503825341543,REMINDER,RETRY,0.6329551876869718,1,3580.0
cus_256,pay_1256,ord_1256,2900.0,INR,netbanking,failed,temporary_bank_failure,temporary_bank_failure,customer,payment_authentication,379,11,9,2,0.8181818181818182,3007.2493532949898,63486.59590769092,88,1,2,active,719,16,5,saas,regular,0.6887676117061238,ALTERNATIVE_PAYMENT_METHOD,RETRY,0.6599266799025386,0,0.0
cus_257,pay_1257,ord_1257,1010.0,INR,netbanking,failed,expired_card,expired_card,customer,payment_authentication,412,7,5,2,0.7142857142857143,1161.8045550088316,16128.212477339282,55,0,1,none,342,3,3,education,new,0.8135883456476052,HUMAN_ESCALATION,ALTERNATIVE_PAYMENT_METHOD,0.6890497382225597,0,0.0
cus_258,pay_1258,ord_1258,1030.0,INR,upi,failed,upi_error,upi_error,customer,payment_authentication,231,7,6,1,0.8571428571428571,1025.8695295479347,13754.01138711995,39,1,0,none,218,18,1,education,regular,0.7825155645612678,REMINDER,RETRY,0.8527471036286873,1,1030.0
cus_259,pay_1259,ord_1259,2270.0,INR,wallet,failed,insufficient_funds,insufficient_funds,customer,payment_authentication,1407,7,6,1,0.8571428571428571,2722.122911956972,31162.50276297738,37,0,1,none,948,0,4,health,vip,0.49635393141433837,NO_ACTION,REMINDER,0.6390073334120399,1,2270.0
cus_260,pay_1260,ord_1260,7140.0,INR,card,failed,upi_error,upi_error,customer,payment_authentication,124,7,6,1,0.8571428571428571,6253.124688891158,105399.39092035318,159,1,2,none,626,18,2,retail,regular,0.8624707048537403,NO_ACTION,RETRY,0.7621543052761871,0,0.0
cus_261,pay_1261,ord_1261,2770.0,INR,upi,failed,network_timeout,network_timeout,customer,payment_authentication,637,4,3,1,0.75,2434.8618337236517,11411.409000772468,89,0,1,active,799,15,3,education,regular,0.3267952668632693,CUSTOMER_NOTIFICATION,RETRY,0.5016170315472589,0,0.0
cus_262,pay_1262,ord_1262,4710.0,INR,card,failed,insufficient_funds,insufficient_funds,customer,payment_authentication,423,9,9,0,1.0,3768.459039504147,62470.3558048829,101,2,0,none,769,6,1,health,regular,0.4763395772179564,HUMAN_ESCALATION,NO_ACTION,0.4223450598131062,0,0.0
cus_263,pay_1263,ord_1263,720.0,INR,wallet,failed,network_timeout,network_timeout,customer,payment_authentication,24,3,0,3,0.0,842.7466108957508,4758.46893844075,176,1,1,active,227,6,2,education,regular,0.423029746779245,ALTERNATIVE_PAYMENT_METHOD,RETRY,0.6398873520074365,0,0.0
cus_264,pay_1264,ord_1264,3350.0,INR,upi,failed,card_declined,card_declined,customer,payment_authentication,1246,7,5,2,0.7142857142857143,2642.4721344692666,39839.55238282105,125,0,0,past_due,628,12,4,retail,vip,0.7109627076049814,NO_ACTION,REMINDER,0.7230008272670532,1,3350.0
cus_265,pay_1265,ord_1265,920.0,INR,netbanking,failed,expired_card,expired_card,customer,payment_authentication,754,10,7,3,0.7,726.6713707702716,14192.53040514681,116,1,1,none,116,14,0,health,new,0.6153127208765093,CUSTOMER_NOTIFICATION,ALTERNATIVE_PAYMENT_METHOD,0.6506352721235262,1,920.0
cus_266,pay_1266,ord_1266,2080.0,INR,card,failed,insufficient_funds,insufficient_funds,customer,payment_authentication,1316,6,5,1,0.8333333333333334,1464.7709139779759,17494.713962214206,40,1,1,active,532,20,2,health,regular,0.4262019305402251,CUSTOMER_NOTIFICATION,NO_ACTION,0.5044479190148622,0,0.0
cus_267,pay_1267,ord_1267,3350.0,INR,wallet,failed,network_timeout,network_timeout,customer,payment_authentication,925,8,7,1,0.875,3125.419095873097,29745.54245087804,63,0,0,active,998,18,4,saas,regular,0.9542029844589842,NO_ACTION,RETRY,0.8102513274407137,1,3350.0
cus_268,pay_1268,ord_1268,1060.0,INR,upi,failed,network_timeout,network_timeout,customer,payment_authentication,744,8,4,4,0.5,1019.8707006236247,18117.665563414757,11,0,0,past_due,210,12,3,saas,regular,0.7213884697472455,HUMAN_ESCALATION,RETRY,0.7297218381018656,1,1060.0
cus_269,pay_1269,ord_1269,650.0,INR,upi,failed,network_timeout,network_timeout,customer,payment_authentication,367,3,2,1,0.6666666666666666,630.9349916292342,4301.351916229751,93,0,0,past_due,720,0,6,health,regular,0.7536508145347924,HUMAN_ESCALATION,RETRY,0.7704737959675082,1,650.0
cus_270,pay_1270,ord_1270,2600.0,INR,wallet,failed,upi_error,upi_error,customer,payment_authentication,887,11,7,4,0.6363636363636364,3015.2250338763693,46724.95946454192,49,0,2,none,52,22,6,health,vip,0.8785155105484621,NO_ACTION,RETRY,0.9041971526463362,1,2600.0
cus_271,pay_1271,ord_1271,1580.0,INR,card,failed,expired_card,expired_card,customer,payment_authentication,1091,9,6,3,0.6666666666666666,1499.1322106384923,12813.517270140965,78,3,1,none,523,10,2,retail,new,0.13324188991238228,RETRY,ALTERNATIVE_PAYMENT_METHOD,0.21004193605340946,0,0.0
cus_272,pay_1272,ord_1272,2070.0,INR,card,failed,network_timeout,network_timeout,customer,payment_authentication,42,7,6,1,0.8571428571428571,1454.2925906139833,13996.071732568578,76,0,0,none,125,20,6,retail,regular,0.9822952234036386,REMINDER,RETRY,0.7995299576774934,1,2070.0
cus_273,pay_1273,ord_1273,3490.0,INR,upi,failed,network_timeout,network_timeout,customer,payment_authentication,350,6,3,3,0.5,3719.181340296452,30831.94389822262,5,1,1,none,978,6,4,health,new,0.4965767880779734,ALTERNATIVE_PAYMENT_METHOD,RETRY,0.5342639150865157,1,3490.0
cus_274,pay_1274,ord_1274,6680.0,INR,card,failed,temporary_bank_failure,temporary_bank_failure,customer,payment_authentication,543,4,3,1,0.75,5362.2870917293685,28839.0790737239,90,0,1,active,446,8,2,saas,regular,0.7246317752894778,RETRY,RETRY,0.5391547198011702,1,6680.0
cus_275,pay_1275,ord_1275,3510.0,INR,card,failed,temporary_bank_failure,temporary_bank_failure,customer,payment_authentication,180,7,4,3,0.5714285714285714,2509.7247998911093,25092.086001632837,121,0,1,active,954,14,5,saas,new,0.7684256874350194,REMINDER,RETRY,0.8509824275854915,1,3510.0
cus_276,pay_1276,ord_1276,3080.0,INR,card,failed,insufficient_funds,insufficient_funds,customer,payment_authentication,127,10,6,4,0.6,3592.586770239981,27297.597484204995,144,2,1,active,902,17,0,education,regular,0.6694643070587915,CUSTOMER_NOTIFICATION,REMINDER,0.6676429754280941,1,3080.0
cus_277,pay_1277,ord_1277,1100.0,INR,card,failed,network_timeout,network_timeout,customer,payment_authentication,374,4,3,1,0.75,932.2508537882738,5952.492046476793,36,2,1,active,115,3,4,saas,regular,0.6488708559925642,RETRY,REMINDER,0.6966904364189477,0,0.0
cus_278,pay_1278,ord_1278,1280.0,INR,netbanking,failed,insufficient_funds,insufficient_funds,customer,payment_authentication,511,8,6,2,0.75,1476.0626473352067,8230.408747392847,71,0,0,none,505,19,6,saas,regular,0.5595065849220665,NO_ACTION,REMINDER,0.6398558584952212,0,0.0
cus_279,pay_1279,ord_1279,2850.0,INR,upi,failed,card_declined,card_declined,customer,payment_authentication,801,7,3,4,0.42857142857142855,3092.348767341212,37664.44871871739,96,0,0,active,636,13,6,saas,new,0.7841521923547836,HUMAN_ESCALATION,REMINDER,0.8030517274194204,0,0.0
cus_280,pay_1280,ord_1280,1260.0,INR,card,failed,temporary_bank_failure,temporary_bank_failure,customer,payment_authentication,1220,9,9,0,1.0,1549.7831293838408,18637.226327866156,149,0,1,none,430,19,0,health,regular,1.0,ALTERNATIVE_PAYMENT_METHOD,RETRY,0.8843421045621348,1,1260.0
cus_281,pay_1281,ord_1281,2840.0,INR,upi,failed,insufficient_funds,insufficient_funds,customer,payment_authentication,1283,13,10,3,0.7692307692307693,2598.3026591429875,54071.67475946283,12,1,0,none,689,14,6,saas,new,0.8350003570953749,HUMAN_ESCALATION,REMINDER,0.7062389303084281,1,2840.0
cus_282,pay_1282,ord_1282,800.0,INR,upi,failed,card_declined,card_declined,customer,payment_authentication,572,7,5,2,0.7142857142857143,872.037089373451,12690.892835321603,88,0,0,past_due,445,13,2,health,regular,0.632883100695294,REMINDER,REMINDER,0.6304323575683188,0,0.0
cus_283,pay_1283,ord_1283,12450.0,INR,upi,failed,temporary_bank_failure,temporary_bank_failure,customer,payment_authentication,794,7,6,1,0.8571428571428571,12959.633144389434,132115.0082870081,142,0,0,none,863,15,6,saas,vip,0.7499861874166904,ALTERNATIVE_PAYMENT_METHOD,RETRY,0.8866567421467797,1,12450.0
cus_284,pay_1284,ord_1284,2190.0,INR,wallet,failed,network_timeout,network_timeout,customer,payment_authentication,22,6,5,1,0.8333333333333334,2561.5844195872423,28062.358237289758,7,0,0,active,630,12,3,health,regular,0.8452666502929185,HUMAN_ESCALATION,RETRY,0.8130697100237989,1,2190.0
cus_285,pay_1285,ord_1285,2050.0,INR,wallet,failed,temporary_bank_failure,temporary_bank_failure,customer,payment_authentication,1273,6,4,2,0.6666666666666666,1840.0824594626702,13577.717724883554,3,1,0,active,498,2,2,retail,regular,0.7335230014864814,ALTERNATIVE_PAYMENT_METHOD,RETRY,0.7864211130552459,1,2050.0
cus_286,pay_1286,ord_1286,1120.0,INR,card,failed,upi_error,upi_error,customer,payment_authentication,352,9,5,4,0.5555555555555556,1186.8569613749657,11695.58336676159,15,2,2,none,855,8,3,retail,new,0.2673682228176782,CUSTOMER_NOTIFICATION,NO_ACTION,0.36387736272915655,0,0.0
cus_287,pay_1287,ord_1287,12250.0,INR,card,failed,temporary_bank_failure,temporary_bank_failure,customer,payment_authentication,97,5,4,1,0.8,12550.420117918446,82840.9447531653,57,0,0,active,679,23,0,saas,new,0.9414484321186474,ALTERNATIVE_PAYMENT_METHOD,RETRY,0.8775815652662715,1,12250.0
cus_288,pay_1288,ord_1288,520.0,INR,upi,failed,upi_error,upi_error,customer,payment_authentication,904,9,4,5,0.4444444444444444,377.5982178491645,10334.705695447494,21,2,1,past_due,270,6,4,retail,regular,0.22838219218251202,NO_ACTION,NO_ACTION,0.3564521624599271,0,0.0
cus_289,pay_1289,ord_1289,900.0,INR,upi,failed,card_declined,card_declined,customer,payment_authentication,559,6,6,0,1.0,648.362816872125,11843.33066927683,68,0,1,none,354,10,2,saas,new,0.777291725144186,NO_ACTION,REMINDER,0.7669051212164818,0,0.0
cus_290,pay_1290,ord_1290,4250.0,INR,upi,failed,temporary_bank_failure,temporary_bank_failure,customer,payment_authentication,617,10,8,2,0.8,5277.658210923576,59988.4803799396,53,0,1,none,92,5,2,saas,new,1.0,ALTERNATIVE_PAYMENT_METHOD,RETRY,0.9606874616332739,1,4250.0
cus_291,pay_1291,ord_1291,2300.0,INR,upi,failed,temporary_bank_failure,temporary_bank_failure,customer,payment_authentication,653,10,9,1,0.9,2494.2517915648764,45484.15313451697,139,0,0,none,401,11,3,retail,regular,0.9657788099677783,REMINDER,RETRY,0.8998846568854091,1,2300.0
cus_292,pay_1292,ord_1292,1020.0,INR,upi,failed,temporary_bank_failure,temporary_bank_failure,customer,payment_authentication,942,10,8,2,0.8,1089.2344601286022,11255.486131222153,67,0,1,active,566,18,2,retail,new,0.7640059953018834,REMINDER,RETRY,0.8922685410182734,1,1020.0
cus_293,pay_1293,ord_1293,1050.0,INR,card,failed,card_declined,card_declined,customer,payment_authentication,1202,8,5,3,0.625,1203.153617223496,13895.205901970055,175,1,1,none,563,17,0,education,regular,0.7873664325733243,REMINDER,REMINDER,0.6201764173890588,0,0.0
cus_294,pay_1294,ord_1294,1350.0,INR,card,failed,network_timeout,network_timeout,customer,payment_authentication,858,3,3,0,1.0,957.6812171921285,4916.247043872727,28,1,1,none,791,2,5,health,regular,0.42515500052153754,CUSTOMER_NOTIFICATION,RETRY,0.3984904099085759,0,0.0
cus_295,pay_1295,ord_1295,2000.0,INR,card,failed,insufficient_funds,insufficient_funds,customer,payment_authentication,916,10,7,3,0.7,1678.491836929486,31850.92811121387,34,0,0,none,214,22,5,saas,regular,0.6181143319415845,NO_ACTION,REMINDER,0.6208023495803874,1,2000.0
cus_296,pay_1296,ord_1296,8550.0,INR,card,failed,insufficient_funds,insufficient_funds,customer,payment_authentication,1213,7,5,2,0.7142857142857143,9320.142226228505,67643.1600291021,144,0,1,none,395,15,6,retail,regular,0.6004149495867713,NO_ACTION,REMINDER,0.7357028417935485,1,8550.0
cus_297,pay_1297,ord_1297,3310.0,INR,card,failed,card_declined,card_declined,customer,payment_authentication,1177,7,5,2,0.7142857142857143,3743.7172093690833,38700.035298882496,25,0,1,active,792,16,6,education,vip,0.24142534119751302,CUSTOMER_NOTIFICATION,NO_ACTION,0.3265776459594478,0,0.0
cus_298,pay_1298,ord_1298,5030.0,INR,upi,failed,expired_card,expired_card,customer,payment_authentication,259,6,4,2,0.6666666666666666,5421.184191814976,44268.70024870755,67,0,0,none,730,18,0,retail,vip,0.5605209088092109,CUSTOMER_NOTIFICATION,ALTERNATIVE_PAYMENT_METHOD,0.5991098404612409,0,0.0
cus_299,pay_1299,ord_1299,1170.0,INR,card,failed,card_declined,card_declined,customer,payment_authentication,508,10,7,3,0.7,1107.5325854428818,18357.767968898555,111,1,1,none,497,16,4,education,regular,0.49721956244897986,RETRY,NO_ACTION,0.5029620644377747,0,0.0
cus_300,pay_1300,ord_1300,3030.0,INR,card,failed,expired_card,expired_card,customer,payment_authentication,741,14,6,8,0.42857142857142855,3191.563775763807,41339.134827472546,160,0,0,past_due,788,20,1,retail,new,0.3895592042783688,ALTERNATIVE_PAYMENT_METHOD,ALTERNATIVE_PAYMENT_METHOD,0.3581395021695568,0,0.0
cus_301,pay_1301,ord_1301,380.0,INR,upi,failed,card_declined,card_declined,customer,payment_authentication,1401,4,2,2,0.5,425.57518869306784,2581.024676733642,39,0,0,none,851,16,4,retail,new,0.2823612428460207,HUMAN_ESCALATION,NO_ACTION,0.32067288875667627,0,0.0
cus_302,pay_1302,ord_1302,2170.0,INR,netbanking,failed,upi_error,upi_error,customer,payment_authentication,910,7,3,4,0.42857142857142855,2048.1266959778973,19291.80947220232,49,1,0,active,426,23,6,education,vip,0.9333046476048069,CUSTOMER_NOTIFICATION,RETRY,0.7914976501024915,0,0.0
cus_303,pay_1303,ord_1303,2030.0,INR,card,failed,insufficient_funds,insufficient_funds,customer,payment_authentication,1220,7,3,4,0.42857142857142855,2107.9459776079075,14406.889004849752,4,1,0,none,786,16,2,saas,regular,0.02136365602626411,CUSTOMER_NOTIFICATION,NO_ACTION,0.06224470604065002,0,0.0
cus_304,pay_1304,ord_1304,11170.0,INR,netbanking,failed,temporary_bank_failure,temporary_bank_failure,customer,payment_authentication,1192,7,4,3,0.5714285714285714,8348.35778489934,120681.78478180368,73,0,0,none,224,20,3,saas,new,0.8480561550767681,CUSTOMER_NOTIFICATION,RETRY,0.8317178419266352,1,11170.0
cus_305,pay_1305,ord_1305,8580.0,INR,wallet,failed,temporary_bank_failure,temporary_bank_failure,customer,payment_authentication,1373,7,7,0,1.0,6878.862663812162,60400.3124727413,41,1,2,active,562,12,6,education,regular,1.0,HUMAN_ESCALATION,RETRY,0.9069926515375519,1,8580.0
cus_306,pay_1306,ord_1306,1400.0,INR,upi,failed,expired_card,expired_card,customer,payment_authentication,777,2,1,1,0.5,1628.962310495535,5273.083757365672,52,0,0,none,249,7,4,education,vip,0.43278825298566953,CUSTOMER_NOTIFICATION,ALTERNATIVE_PAYMENT_METHOD,0.49072379020309564,0,0.0
cus_307,pay_1307,ord_1307,800.0,INR,upi,failed,insufficient_funds,insufficient_funds,customer,payment_authentication,394,8,6,2,0.75,742.402272336608,8064.622036602106,42,1,0,active,687,12,3,health,vip,0.5747980677308633,CUSTOMER_NOTIFICATION,REMINDER,0.7145110399496797,0,0.0
cus_308,pay_1308,ord_1308,820.0,INR,card,failed,upi_error,upi_error,customer,payment_authentication,617,9,8,1,0.8888888888888888,956.7940065783187,11528.541025340874,179,0,1,none,366,3,6,education,new,0.7259286871529421,RETRY,RETRY,0.7704014987751954,1,820.0
cus_309,pay_1309,ord_1309,1350.0,INR,wallet,failed,card_declined,card_declined,customer,payment_authentication,10,7,5,2,0.7142857142857143,1491.171027976899,14352.578401933468,99,1,1,active,848,11,1,retail,regular,0.4552080238977875,NO_ACTION,NO_ACTION,0.36697087340747775,1,1350.0
cus_310,pay_1310,ord_1310,6650.0,INR,card,failed,expired_card,expired_card,customer,payment_authentication,1025,4,4,0,1.0,6101.805247376235,29092.10506028366,90,0,1,active,912,17,3,retail,regular,0.7361958134512211,CUSTOMER_NOTIFICATION,ALTERNATIVE_PAYMENT_METHOD,0.732360983739155,1,6650.0
cus_311,pay_1311,ord_1311,2740.0,INR,wallet,failed,network_timeout,network_timeout,customer,payment_authentication,923,7,5,2,0.7142857142857143,3185.280572772537,23294.786888636343,81,0,1,active,338,18,6,education,regular,0.8144352867249667,HUMAN_ESCALATION,RETRY,0.7498225077097153,1,2740.0
cus_312,pay_1312,ord_1312,3040.0,INR,upi,failed,insufficient_funds,insufficient_funds,customer,payment_authentication,248,6,3,3,0.5,2358.4774419174137,30297.67780153882,105,0,1,active,34,9,4,saas,regular,0.34029621335973836,CUSTOMER_NOTIFICATION,NO_ACTION,0.4745601693842409,0,0.0
cus_313,pay_1313,ord_1313,4070.0,INR,card,failed,network_timeout,network_timeout,customer,payment_authentication,739,5,4,1,0.8,3241.1578870512153,43567.61331796497,60,0,1,past_due,728,11,5,saas,regular,0.6480935199291656,HUMAN_ESCALATION,RETRY,0.8124728532907148,1,4070.0
cus_314,pay_1314,ord_1314,670.0,INR,card,failed,temporary_bank_failure,temporary_bank_failure,customer,payment_authentication,1074,10,5,5,0.5,633.4796248903376,5726.367222670843,27,3,0,none,913,13,1,health,regular,0.3276098650345621,ALTERNATIVE_PAYMENT_METHOD,NO_ACTION,0.27255292913600904,0,0.0
cus_315,pay_1315,ord_1315,890.0,INR,upi,failed,card_declined,card_declined,customer,payment_authentication,1168,7,4,3,0.5714285714285714,973.1969027755649,5825.052897948588,52,0,1,active,923,3,2,health,regular,0.42337868362932946,NO_ACTION,NO_ACTION,0.39131796826502474,0,0.0
cus_316,pay_1316,ord_1316,3040.0,INR,upi,failed,upi_error,upi_error,customer,payment_authentication,1164,5,3,2,0.6,2671.1225507313357,31664.710920687034,57,0,1,active,231,15,3,health,regular,0.5276148242912404,RETRY,RETRY,0.6220460214472205,0,0.0
cus_317,pay_1317,ord_1317,830.0,INR,card,failed,network_timeout,network_timeout,customer,payment_authentication,147,4,4,0,1.0,741.9652069675653,4738.379164120763,48,0,0,past_due,31,11,3,education,regular,0.7388445484307198,REMINDER,RETRY,0.8563424722500292,1,830.0
cus_318,pay_1318,ord_1318,390.0,INR,upi,failed,network_timeout,network_timeout,customer,payment_authentication,561,11,6,5,0.5454545454545454,474.6420311147639,4838.72840893082,26,0,0,none,76,17,4,health,regular,0.5271169495367085,REMINDER,RETRY,0.5464796959187369,0,0.0
cus_319,pay_1319,ord_1319,610.0,INR,netbanking,failed,insufficient_funds,insufficient_funds,customer,payment_authentication,893,4,4,0,1.0,756.3583534998645,3045.479900747118,155,0,0,none,499,15,4,retail,new,0.4537639972903882,RETRY,NO_ACTION,0.4611375665367041,0,0.0
cus_320,pay_1320,ord_1320,5190.0,INR,upi,failed,network_timeout,network_timeout,customer,payment_authentication,158,2,1,1,0.5,6474.640658798001,30547.09410670467,77,0,0,none,271,4,1,saas,regular,0.46747004696441746,ALTERNATIVE_PAYMENT_METHOD,RETRY,0.5922692453567192,0,0.0
cus_321,pay_1321,ord_1321,1240.0,INR,upi,failed,expired_card,expired_card,customer,payment_authentication,299,7,7,0,1.0,884.3524703544596,13530.573741023562,82,1,0,active,144,13,6,education,regular,0.634808771871786,RETRY,ALTERNATIVE_PAYMENT_METHOD,0.6446006236952465,0,0.0
cus_322,pay_1322,ord_1322,2270.0,INR,card,failed,card_declined,card_declined,customer,payment_authentication,1414,11,9,2,0.8181818181818182,2676.4338581752327,24765.590262662965,160,1,1,active,199,8,5,saas,vip,0.526311639447282,ALTERNATIVE_PAYMENT_METHOD,REMINDER,0.6741896344935916,0,0.0
cus_323,pay_1323,ord_1323,640.0,INR,netbanking,failed,temporary_bank_failure,temporary_bank_failure,customer,payment_authentication,772,6,5,1,0.8333333333333334,740.536866095299,5500.587892292999,153,0,1,active,385,14,3,health,regular,0.7885961670503887,REMINDER,RETRY,0.8550922144063828,1,640.0
cus_324,pay_1324,ord_1324,2640.0,INR,card,failed,temporary_bank_failure,temporary_bank_failure,customer,payment_authentication,867,5,3,2,0.6,2256.904349330552,16455.212175114986,44,1,0,none,53,15,0,education,new,0.5629691312346657,ALTERNATIVE_PAYMENT_METHOD,RETRY,0.6972066058779546,1,2640.0
cus_325,pay_1325,ord_1325,1380.0,INR,netbanking,failed,expired_card,expired_card,customer,payment_authentication,238,11,6,5,0.5454545454545454,1153.6505229354436,15223.63254899294,179,0,0,active,828,9,2,education,new,0.6246072478739159,ALTERNATIVE_PAYMENT_METHOD,ALTERNATIVE_PAYMENT_METHOD,0.6382660718830336,0,0.0
cus_326,pay_1326,ord_1326,2820.0,INR,card,failed,temporary_bank_failure,temporary_bank_failure,customer,payment_authentication,951,10,7,3,0.7,2032.9768612169162,61176.35883691296,75,1,0,none,955,14,2,education,vip,0.6716798602156654,HUMAN_ESCALATION,RETRY,0.7384219413932951,1,2820.0
cus_327,pay_1327,ord_1327,1120.0,INR,upi,failed,network_timeout,network_timeout,customer,payment_authentication,1368,7,4,3,0.5714285714285714,1336.4302350280066,11456.51602005168,89,0,1,past_due,199,4,4,retail,regular,0.9192993695553682,RETRY,RETRY,0.7870582897650088,1,1120.0
cus_328,pay_1328,ord_1328,2990.0,INR,card,failed,network_timeout,network_timeout,customer,payment_authentication,1439,5,4,1,0.8,3182.9068488741227,28679.247345711334,168,0,0,none,575,9,2,education,new,0.8854808821867898,REMINDER,RETRY,0.8577128035058382,1,2990.0
cus_329,pay_1329,ord_1329,1070.0,INR,card,failed,upi_error,upi_error,customer,payment_authentication,275,8,3,5,0.375,759.17071338703,17990.11056235568,167,0,2,active,35,17,6,retail,regular,0.44491200234199085,HUMAN_ESCALATION,RETRY,0.5788708521731846,1,1070.0
cus_330,pay_1330,ord_1330,1670.0,INR,netbanking,failed,temporary_bank_failure,temporary_bank_failure,customer,payment_authentication,333,5,4,1,0.8,1394.7099216768668,9692.442077044367,169,0,0,none,84,12,4,saas,new,0.7402790535644211,RETRY,RETRY,0.6518873361843213,1,1670.0
cus_331,pay_1331,ord_1331,1380.0,INR,upi,failed,upi_error,upi_error,customer,payment_authentication,863,7,3,4,0.42857142857142855,1653.8800762597498,9565.314540439489,31,1,1,active,284,0,0,saas,new,0.7506443968223329,NO_ACTION,RETRY,0.7731390923379159,1,1380.0
cus_332,pay_1332,ord_1332,1860.0,INR,upi,failed,temporary_bank_failure,temporary_bank_failure,customer,payment_authentication,1330,8,5,3,0.625,1973.9670010898565,17381.72348923572,14,0,0,none,847,10,1,saas,regular,0.8489570947349284,NO_ACTION,RETRY,0.7760900113765609,1,1860.0
cus_333,pay_1333,ord_1333,2390.0,INR,wallet,failed,expired_card,expired_card,customer,payment_authentication,9,11,8,3,0.7272727272727273,2900.192511695386,46643.27053489089,55,1,1,none,779,6,4,health,regular,0.5890247356876509,ALTERNATIVE_PAYMENT_METHOD,ALTERNATIVE_PAYMENT_METHOD,0.7211243822386597,1,2390.0
cus_334,pay_1334,ord_1334,1100.0,INR,wallet,failed,network_timeout,network_timeout,customer,payment_authentication,338,9,7,2,0.7777777777777778,866.8256120517492,13162.397408169467,51,0,0,active,710,21,1,retail,regular,0.7095599418661406,HUMAN_ESCALATION,RETRY,0.6522128028531406,0,0.0
cus_335,pay_1335,ord_1335,1600.0,INR,netbanking,failed,temporary_bank_failure,temporary_bank_failure,customer,payment_authentication,235,9,6,3,0.6666666666666666,2034.4907029139285,21373.04275810306,118,1,1,none,107,22,0,education,new,0.8423401086382089,CUSTOMER_NOTIFICATION,RETRY,0.6401012585926653,0,0.0
cus_336,pay_1336,ord_1336,2180.0,INR,card,failed,temporary_bank_failure,temporary_bank_failure,customer,payment_authentication,1184,10,5,5,0.5,1797.3224726291467,17417.462208380224,28,0,2,none,216,1,3,saas,regular,0.575543465944081,CUSTOMER_NOTIFICATION,RETRY,0.5198859831878927,1,2180.0
cus_337,pay_1337,ord_1337,3000.0,INR,upi,failed,temporary_bank_failure,temporary_bank_failure,customer,payment_authentication,749,4,3,1,0.75,2646.332560044085,10582.902633458369,42,0,2,past_due,586,8,1,retail,regular,0.7816768910048658,NO_ACTION,RETRY,0.8437011653906252,1,3000.0
cus_338,pay_1338,ord_1338,1680.0,INR,netbanking,failed,expired_card,expired_card,customer,payment_authentication,1072,4,2,2,0.5,2109.4928939070433,10325.282492907882,143,1,1,active,369,14,0,retail,new,0.43690240850655143,NO_ACTION,ALTERNATIVE_PAYMENT_METHOD,0.3246354335853838,0,0.0
cus_339,pay_1339,ord_1339,740.0,INR,card,failed,network_timeout,network_timeout,customer,payment_authentication,62,10,4,6,0.4,656.9306963280321,7289.136867408958,106,0,0,none,742,8,4,health,new,0.5083271911844619,RETRY,RETRY,0.5794239879290436,1,740.0
cus_340,pay_1340,ord_1340,1970.0,INR,card,failed,temporary_bank_failure,temporary_bank_failure,customer,payment_authentication,199,8,6,2,0.75,2082.521623752095,30645.068392277866,143,1,0,past_due,552,17,5,health,regular,0.9543338374806005,REMINDER,RETRY,0.9087193301870291,1,1970.0
cus_341,pay_1341,ord_1341,3530.0,INR,netbanking,failed,temporary_bank_failure,temporary_bank_failure,customer,payment_authentication,814,16,11,5,0.6875,3199.794558345764,116219.60468361688,161,0,2,active,570,2,4,education,regular,1.0,ALTERNATIVE_PAYMENT_METHOD,RETRY,0.8830733259657109,1,3530.0
cus_342,pay_1342,ord_1342,480.0,INR,upi,failed,expired_card,expired_card,customer,payment_authentication,630,5,3,2,0.6,549.0293565913945,5481.819181374479,168,0,1,none,575,20,0,retail,regular,0.5763136929699244,ALTERNATIVE_PAYMENT_METHOD,ALTERNATIVE_PAYMENT_METHOD,0.6368172262821182,1,480.0
cus_343,pay_1343,ord_1343,480.0,INR,upi,failed,temporary_bank_failure,temporary_bank_failure,customer,payment_authentication,277,9,8,1,0.8888888888888888,425.67940369510126,6265.018273673457,175,0,0,none,934,6,5,saas,regular,0.6962763926471809,NO_ACTION,RETRY,0.6476930640687099,1,480.0
cus_344,pay_1344,ord_1344,930.0,INR,wallet,failed,network_timeout,network_timeout,customer,payment_authentication,392,6,3,3,0.5,897.2374236788963,6984.658954696966,121,1,0,active,555,5,0,health,regular,0.5072394879248202,HUMAN_ESCALATION,RETRY,0.3092877050202034,0,0.0
cus_345,pay_1345,ord_1345,1490.0,INR,upi,failed,upi_error,upi_error,customer,payment_authentication,1090,6,5,1,0.8333333333333334,1117.8955064801062,13860.962769260854,96,0,0,past_due,757,8,3,education,new,0.9834591614031771,RETRY,RETRY,0.8876228118284305,1,1490.0
cus_346,pay_1346,ord_1346,200.0,INR,upi,failed,network_timeout,network_timeout,customer,payment_authentication,21,7,4,3,0.5714285714285714,250.51302732059258,1336.3860183144668,115,1,0,none,485,22,6,retail,regular,0.3062997935564485,CUSTOMER_NOTIFICATION,RETRY,0.2375143627278957,1,200.0
cus_347,pay_1347,ord_1347,3210.0,INR,card,failed,network_timeout,network_timeout,customer,payment_authentication,1302,5,4,1,0.8,3992.014465477771,37116.13909647346,132,0,0,none,88,6,5,health,new,0.5746934758129612,NO_ACTION,RETRY,0.7736942165520002,1,3210.0
cus_348,pay_1348,ord_1348,1510.0,INR,upi,failed,expired_card,expired_card,customer,payment_authentication,240,8,5,3,0.625,1785.6033011603645,21372.890665030664,157,0,1,none,541,6,6,education,new,0.36855076814110177,REMINDER,ALTERNATIVE_PAYMENT_METHOD,0.46738310090029017,1,1510.0
cus_349,pay_1349,ord_1349,170.0,INR,card,failed,network_timeout,network_timeout,customer,payment_authentication,1138,5,4,1,0.8,208.05562770132656,1093.9631126603917,108,0,0,active,855,5,3,health,regular,0.6904250428213148,ALTERNATIVE_PAYMENT_METHOD,RETRY,0.6062768658217056,1,170.0
cus_350,pay_1350,ord_1350,590.0,INR,netbanking,failed,temporary_bank_failure,temporary_bank_failure,customer,payment_authentication,944,6,4,2,0.6666666666666666,626.3701857915985,6967.426020503958,104,1,0,active,760,3,2,retail,regular,0.5571990917226016,CUSTOMER_NOTIFICATION,RETRY,0.5907217957592018,0,0.0
cus_351,pay_1351,ord_1351,1340.0,INR,netbanking,failed,temporary_bank_failure,temporary_bank_failure,customer,payment_authentication,96,8,7,1,0.875,1006.7124724926638,12283.168456673415,75,0,0,past_due,547,22,1,retail,regular,0.6362461961866758,CUSTOMER_NOTIFICATION,RETRY,0.6882285676442524,0,0.0
cus_352,pay_1352,ord_1352,310.0,INR,card,failed,card_declined,card_declined,customer,payment_authentication,1146,2,1,1,0.5,230.1299757964908,1559.5105473996252,146,1,0,none,956,15,6,retail,regular,0.3143250515525296,HUMAN_ESCALATION,NO_ACTION,0.19920994918059923,0,0.0
cus_353,pay_1353,ord_1353,4770.0,INR,card,failed,temporary_bank_failure,temporary_bank_failure,customer,payment_authentication,745,9,7,2,0.7777777777777778,5588.761815194803,58306.989223024524,64,1,1,active,967,13,3,health,regular,0.8573104247239328,HUMAN_ESCALATION,RETRY,0.7936979386467955,1,4770.0
cus_354,pay_1354,ord_1354,2180.0,INR,netbanking,failed,network_timeout,network_timeout,customer,payment_authentication,452,5,3,2,0.6,2202.3448685955605,23846.200470058873,61,1,0,past_due,942,3,4,health,new,0.7254727970465008,REMINDER,RETRY,0.8102128910025722,1,2180.0
cus_355,pay_1355,ord_1355,3560.0,INR,card,failed,card_declined,card_declined,customer,payment_authentication,167,9,5,4,0.5555555555555556,3083.6811877257046,70727.4846135699,110,1,2,none,985,1,1,retail,regular,0.3335796897335989,NO_ACTION,NO_ACTION,0.25997080200555306,0,0.0
cus_356,pay_1356,ord_1356,650.0,INR,upi,failed,upi_error,upi_error,customer,payment_authentication,173,7,5,2,0.7142857142857143,469.6119576430413,5804.58832452719,113,3,0,active,332,7,2,education,regular,0.3971689175895851,ALTERNATIVE_PAYMENT_METHOD,NO_ACTION,0.4959264726195815,0,0.0
cus_357,pay_1357,ord_1357,2730.0,INR,upi,failed,insufficient_funds,insufficient_funds,customer,payment_authentication,614,11,9,2,0.8181818181818182,3522.86438000685,46405.39278388364,62,0,1,active,163,22,3,retail,vip,0.6021446759703711,RETRY,REMINDER,0.7638247792374011,1,2730.0
cus_358,pay_1358,ord_1358,930.0,INR,upi,failed,expired_card,expired_card,customer,payment_authentication,442,8,7,1,0.875,704.9561584289431,8447.935760511407,2,0,0,past_due,442,12,5,retail,regular,0.7412367514175932,RETRY,ALTERNATIVE_PAYMENT_METHOD,0.712381109520119,1,930.0
cus_359,pay_1359,ord_1359,1490.0,INR,card,failed,network_timeout,network_timeout,customer,payment_authentication,1259,10,7,3,0.7,1368.6527787280913,28526.34989309242,134,0,1,active,248,19,3,education,new,0.6443305301101289,ALTERNATIVE_PAYMENT_METHOD,RETRY,0.7712804147859925,1,1490.0
cus_360,pay_1360,ord_1360,2570.0,INR,upi,failed,temporary_bank_failure,temporary_bank_failure,customer,payment_authentication,814,7,6,1,0.8571428571428571,2847.8689378050262,27540.8055219202,16,1,1,active,160,7,1,health,regular,0.5571994782857077,ALTERNATIVE_PAYMENT_METHOD,RETRY,0.6858651539557924,1,2570.0
cus_361,pay_1361,ord_1361,1690.0,INR,card,failed,expired_card,expired_card,customer,payment_authentication,62,7,6,1,0.8571428571428571,1814.8210459064194,26755.188138379894,22,0,0,none,653,2,1,saas,vip,0.676632347817422,REMINDER,ALTERNATIVE_PAYMENT_METHOD,0.7819405798625189,1,1690.0
cus_362,pay_1362,ord_1362,4060.0,INR,upi,failed,card_declined,card_declined,customer,payment_authentication,1315,7,6,1,0.8571428571428571,3149.857196686813,60184.21110007958,19,0,1,none,110,5,4,retail,new,0.7714094173694963,ALTERNATIVE_PAYMENT_METHOD,REMINDER,0.7584420751851062,1,4060.0
cus_363,pay_1363,ord_1363,2080.0,INR,card,failed,upi_error,upi_error,customer,payment_authentication,378,5,4,1,0.8,2230.324747004743,13160.161172689848,129,1,1,none,55,5,3,retail,regular,0.506816610864936,ALTERNATIVE_PAYMENT_METHOD,RETRY,0.4318720365779616,1,2080.0
cus_364,pay_1364,ord_1364,1140.0,INR,upi,failed,network_timeout,network_timeout,customer,payment_authentication,910,6,4,2,0.6666666666666666,1028.0984499856202,6825.680542851298,135,0,0,past_due,184,14,1,education,regular,0.6833076854948158,REMINDER,RETRY,0.7163937737161168,1,1140.0
cus_365,pay_1365,ord_1365,4200.0,INR,upi,failed,temporary_bank_failure,temporary_bank_failure,customer,payment_authentication,1240,5,4,1,0.8,3369.925167489986,37946.417785292266,91,0,1,active,400,4,4,education,regular,0.7070370379456734,RETRY,RETRY,0.8313549890711123,1,4200.0
cus_366,pay_1366,ord_1366,5190.0,INR,card,failed,expired_card,expired_card,customer,payment_authentication,1002,8,6,2,0.75,5554.559403883027,52009.959120809785,16,0,1,active,659,23,4,health,new,0.3905824132392008,RETRY,ALTERNATIVE_PAYMENT_METHOD,0.5071909016901688,0,0.0
cus_367,pay_1367,ord_1367,1970.0,INR,card,failed,card_declined,card_declined,customer,payment_authentication,609,3,2,1,0.6666666666666666,2443.3296415212862,8114.923973114312,14,0,1,past_due,988,16,3,saas,new,0.37543156091746466,REMINDER,NO_ACTION,0.5348300196720885,0,0.0
cus_368,pay_1368,ord_1368,6880.0,INR,card,failed,temporary_bank_failure,temporary_bank_failure,customer,payment_authentication,12,6,5,1,0.8333333333333334,7918.288237364103,67840.83389123344,101,0,0,active,624,9,6,education,new,0.9516177758902241,CUSTOMER_NOTIFICATION,RETRY,0.8840365330636228,1,6880.0
cus_369,pay_1369,ord_1369,1430.0,INR,card,failed,insufficient_funds,insufficient_funds,customer,payment_authentication,353,8,4,4,0.5,1140.3990158993524,18013.663283703936,151,1,1,past_due,525,14,1,retail,regular,0.22039227945348563,CUSTOMER_NOTIFICATION,NO_ACTION,0.3148290236735314,0,0.0
cus_370,pay_1370,ord_1370,1590.0,INR,card,failed,insufficient_funds,insufficient_funds,customer,payment_authentication,854,5,4,1,0.8,1279.108419030621,13345.331319625653,127,1,2,none,295,17,2,saas,vip,0.5954713399637678,RETRY,REMINDER,0.5770948501387241,1,1590.0
cus_371,pay_1371,ord_1371,1820.0,INR,wallet,failed,temporary_bank_failure,temporary_bank_failure,customer,payment_authentication,1424,4,2,2,0.5,1786.5104224274132,9850.842212357815,98,0,1,none,331,18,6,health,regular,0.37376072132787475,HUMAN_ESCALATION,RETRY,0.5587197594332975,0,0.0
cus_372,pay_1372,ord_1372,1590.0,INR,upi,failed,expired_card,expired_card,customer,payment_authentication,54,9,6,3,0.6666666666666666,1133.1581729753684,14341.45777510377,90,2,0,active,618,0,0,saas,regular,0.344964541963206,HUMAN_ESCALATION,ALTERNATIVE_PAYMENT_METHOD,0.22229498245262913,1,1590.0
cus_373,pay_1373,ord_1373,1330.0,INR,netbanking,failed,temporary_bank_failure,temporary_bank_failure,customer,payment_authentication,234,6,5,1,0.8333333333333334,947.5544772550272,8739.866920533084,132,0,0,active,185,12,5,health,new,0.8474767207856414,NO_ACTION,RETRY,0.8531914375653518,1,1330.0
cus_374,pay_1374,ord_1374,880.0,INR,wallet,failed,card_declined,card_declined,customer,payment_authentication,537,3,2,1,0.6666666666666666,749.0101530403908,5759.377012598439,38,0,0,active,78,9,1,retail,regular,0.5710500776012978,ALTERNATIVE_PAYMENT_METHOD,REMINDER,0.7324456455717596,1,880.0
cus_375,pay_1375,ord_1375,670.0,INR,card,failed,temporary_bank_failure,temporary_bank_failure,customer,payment_authentication,1183,6,5,1,0.8333333333333334,511.89378027257476,6136.681721303809,22,1,0,none,750,7,1,saas,vip,0.46352034982044654,REMINDER,RETRY,0.5285496073214826,1,670.0
cus_376,pay_1376,ord_1376,2020.0,INR,upi,failed,network_timeout,network_timeout,customer,payment_authentication,1425,10,4,6,0.4,2076.6222301088455,29112.16956431254,63,0,0,none,983,15,1,retail,regular,0.8360303547620432,ALTERNATIVE_PAYMENT_METHOD,RETRY,0.8223504646023029,1,2020.0
cus_377,pay_1377,ord_1377,5990.0,INR,netbanking,failed,temporary_bank_failure,temporary_bank_failure,customer,payment_authentication,267,11,8,3,0.7272727272727273,4349.12230982792,141587.19671363238,27,0,0,active,930,5,3,health,regular,0.7491368283868536,NO_ACTION,RETRY,0.8422726619083818,1,5990.0
cus_378,pay_1378,ord_1378,4080.0,INR,upi,failed,network_timeout,network_timeout,customer,payment_authentication,871,4,4,0,1.0,3452.161254329097,38623.961627735254,48,0,2,active,673,6,1,health,vip,0.6360467438865955,CUSTOMER_NOTIFICATION,RETRY,0.6043339205759615,1,4080.0
cus_379,pay_1379,ord_1379,2670.0,INR,upi,failed,temporary_bank_failure,temporary_bank_failure,customer,payment_authentication,1444,8,6,2,0.75,1962.2419588948965,18850.10639827558,158,1,1,active,924,15,2,retail,regular,0.6257283893174963,REMINDER,RETRY,0.5025405665802619,0,0.0
cus_380,pay_1380,ord_1380,6310.0,INR,upi,failed,expired_card,expired_card,customer,payment_authentication,1497,7,4,3,0.5714285714285714,6425.330863819933,87682.16583170304,86,1,0,none,757,1,1,retail,regular,0.7185201192467836,REMINDER,ALTERNATIVE_PAYMENT_METHOD,0.6317718623418075,1,6310.0
cus_381,pay_1381,ord_1381,1840.0,INR,card,failed,insufficient_funds,insufficient_funds,customer,payment_authentication,1179,8,8,0,1.0,1677.2885554911568,16929.214209474725,84,2,0,active,65,8,6,saas,new,0.2665023797490146,NO_ACTION,NO_ACTION,0.2736843427097763,0,0.0
cus_382,pay_1382,ord_1382,670.0,INR,upi,failed,temporary_bank_failure,temporary_bank_failure,customer,payment_authentication,1168,7,6,1,0.8571428571428571,502.37772995132656,8784.98130315958,134,0,1,none,390,18,4,education,new,0.8680236971714502,REMINDER,RETRY,0.7299175414007587,1,670.0
cus_383,pay_1383,ord_1383,1270.0,INR,wallet,failed,expired_card,expired_card,customer,payment_authentication,415,7,3,4,0.42857142857142855,1159.0269576151445,9401.540750384738,53,0,0,active,75,9,5,health,regular,0.4926273857591988,HUMAN_ESCALATION,ALTERNATIVE_PAYMENT_METHOD,0.47789610730205956,1,1270.0
cus_384,pay_1384,ord_1384,1700.0,INR,wallet,failed,network_timeout,network_timeout,customer,payment_authentication,464,12,9,3,0.75,1190.661707109576,19646.53848110994,127,1,0,none,259,7,0,saas,regular,0.7582857753071026,ALTERNATIVE_PAYMENT_METHOD,RETRY,0.7757678326614749,1,1700.0
cus_385,pay_1385,ord_1385,1080.0,INR,card,failed,upi_error,upi_error,customer,payment_authentication,1475,4,4,0,1.0,1290.8940566177273,10373.200284057813,93,2,2,none,990,5,4,saas,new,0.6997251567328618,ALTERNATIVE_PAYMENT_METHOD,REMINDER,0.7145670438304568,0,0.0
cus_386,pay_1386,ord_1386,3330.0,INR,upi,failed,insufficient_funds,insufficient_funds,customer,payment_authentication,934,7,7,0,1.0,3057.727653934849,37983.21535592657,103,2,1,none,825,11,5,health,regular,0.7792813110325741,RETRY,REMINDER,0.7753770832193819,1,3330.0
cus_387,pay_1387,ord_1387,4610.0,INR,card,failed,temporary_bank_failure,temporary_bank_failure,customer,payment_authentication,172,7,5,2,0.7142857142857143,5068.870032888513,42579.20653507063,66,0,1,past_due,953,18,1,education,regular,0.7537409037825079,NO_ACTION,RETRY,0.7151604006791129,0,0.0
cus_388,pay_1388,ord_1388,320.0,INR,wallet,failed,network_timeout,network_timeout,customer,payment_authentication,104,6,4,2,0.6666666666666666,360.08258648418655,4162.938027670179,167,0,1,none,480,2,6,retail,regular,0.6482174685878294,REMINDER,RETRY,0.7426070842965173,1,320.0
cus_389,pay_1389,ord_1389,1560.0,INR,card,failed,card_declined,card_declined,customer,payment_authentication,1289,6,4,2,0.6666666666666666,1611.4014156295684,11758.440022098204,175,0,1,active,219,14,1,education,regular,0.7659414545731753,RETRY,REMINDER,0.657577717738782,1,1560.0
cus_390,pay_1390,ord_1390,100.0,INR,wallet,failed,temporary_bank_failure,temporary_bank_failure,customer,payment_authentication,195,6,2,4,0.3333333333333333,105.3305738640666,548.1427983975007,22,0,1,active,378,18,6,education,regular,0.8021480423158245,HUMAN_ESCALATION,RETRY,0.6773787846209542,0,0.0
cus_391,pay_1391,ord_1391,1650.0,INR,netbanking,failed,network_timeout,network_timeout,customer,payment_authentication,1049,11,10,1,0.9090909090909091,1579.3335473417887,24022.202521757503,35,0,1,past_due,197,5,6,education,new,1.0,HUMAN_ESCALATION,RETRY,0.9110496833227318,1,1650.0
cus_392,pay_1392,ord_1392,1630.0,INR,card,failed,expired_card,expired_card,customer,payment_authentication,483,6,5,1,0.8333333333333334,1539.4838156917326,18478.12127368533,134,1,0,none,965,16,1,saas,vip,0.319014408706387,NO_ACTION,ALTERNATIVE_PAYMENT_METHOD,0.49558211847634215,1,1630.0
cus_393,pay_1393,ord_1393,10680.0,INR,card,failed,card_declined,card_declined,customer,payment_authentication,261,11,9,2,0.8181818181818182,9436.532977670811,200013.39575803187,95,0,0,past_due,589,10,3,health,new,0.8168821619776844,HUMAN_ESCALATION,REMINDER,0.8183700496266795,0,0.0
cus_394,pay_1394,ord_1394,7910.0,INR,netbanking,failed,insufficient_funds,insufficient_funds,customer,payment_authentication,172,4,3,1,0.75,5875.09325937918,52040.76975640546,138,0,1,active,48,0,1,health,regular,0.4494112268853212,RETRY,NO_ACTION,0.534442102788934,0,0.0
cus_395,pay_1395,ord_1395,4590.0,INR,card,failed,insufficient_funds,insufficient_funds,customer,payment_authentication,820,6,6,0,1.0,4175.427805239855,43800.154811986504,59,1,0,past_due,317,16,0,health,regular,0.7088482919385021,RETRY,REMINDER,0.6488288163263836,0,0.0
cus_396,pay_1396,ord_1396,690.0,INR,upi,failed,temporary_bank_failure,temporary_bank_failure,customer,payment_authentication,1205,10,8,2,0.8,674.4814860746368,10537.264013598942,116,0,1,past_due,497,17,3,saas,regular,0.9585754033771257,RETRY,RETRY,0.8410438941399117,1,690.0
cus_397,pay_1397,ord_1397,650.0,INR,wallet,failed,network_timeout,network_timeout,customer,payment_authentication,18,7,4,3,0.5714285714285714,507.15593851277123,6171.749295666657,29,1,1,active,718,16,3,retail,vip,0.7544243850478293,REMINDER,RETRY,0.7550581225770385,1,650.0
cus_398,pay_1398,ord_1398,600.0,INR,upi,failed,temporary_bank_failure,temporary_bank_failure,customer,payment_authentication,1056,4,4,0,1.0,746.8956475215189,2423.560953090382,173,0,2,active,896,1,1,retail,regular,0.8220895287441473,HUMAN_ESCALATION,RETRY,0.8571929134917735,1,600.0
cus_399,pay_1399,ord_1399,8320.0,INR,card,failed,network_timeout,network_timeout,customer,payment_authentication,860,7,3,4,0.42857142857142855,5865.828313332976,60247.21155228841,122,1,0,active,205,10,4,education,new,0.6206904099198707,ALTERNATIVE_PAYMENT_METHOD,RETRY,0.6731350695018364,1,8320.0
cus_400,pay_1400,ord_1400,730.0,INR,upi,failed,network_timeout,network_timeout,customer,payment_authentication,1191,3,1,2,0.3333333333333333,609.017460864449,4793.339404733391,116,0,0,none,705,4,6,retail,regular,0.5908453012352171,REMINDER,RETRY,0.6140913482191837,1,730.0
cus_401,pay_1401,ord_1401,1230.0,INR,card,failed,network_timeout,network_timeout,customer,payment_authentication,873,9,7,2,0.7777777777777778,1362.6992356709843,21562.7714938515,24,0,0,active,806,15,2,retail,regular,0.8899961769052886,REMINDER,RETRY,0.856229019129144,1,1230.0
cus_402,pay_1402,ord_1402,740.0,INR,wallet,failed,temporary_bank_failure,temporary_bank_failure,customer,payment_authentication,189,4,2,2,0.5,883.6206129939123,4492.423134710038,160,1,0,active,780,10,5,health,regular,0.8862834734946913,CUSTOMER_NOTIFICATION,RETRY,0.8531591039899346,1,740.0
cus_403,pay_1403,ord_1403,510.0,INR,card,failed,insufficient_funds,insufficient_funds,customer,payment_authentication,613,4,2,2,0.5,501.9660276540383,2876.5373907607873,49,1,0,past_due,282,14,2,education,new,0.6532791971843849,NO_ACTION,NO_ACTION,0.5073427856185321,0,0.0
cus_404,pay_1404,ord_1404,2520.0,INR,card,failed,expired_card,expired_card,customer,payment_authentication,1480,13,10,3,0.7692307692307693,2653.9771321581247,52566.97545438593,22,0,0,active,338,21,3,health,regular,0.7151235854516307,REMINDER,ALTERNATIVE_PAYMENT_METHOD,0.7346650132209949,1,2520.0
cus_405,pay_1405,ord_1405,2110.0,INR,card,failed,card_declined,card_declined,customer,payment_authentication,1236,5,4,1,0.8,1822.6204152700714,9220.325561305228,87,1,1,past_due,139,2,1,education,regular,0.39988557943045183,RETRY,NO_ACTION,0.31185902425938083,0,0.0
cus_406,pay_1406,ord_1406,200.0,INR,wallet,failed,upi_error,upi_error,customer,payment_authentication,527,5,5,0,1.0,254.52023157754797,1728.4613506843807,174,0,0,active,581,5,6,education,vip,0.6049613217428071,REMINDER,RETRY,0.6967273570638519,1,200.0
cus_407,pay_1407,ord_1407,490.0,INR,card,failed,insufficient_funds,insufficient_funds,customer,payment_authentication,1396,4,3,1,0.75,532.3842898952124,3208.8827347789597,76,0,1,none,342,13,3,retail,regular,0.3889789704882255,CUSTOMER_NOTIFICATION,NO_ACTION,0.5182533479000003,1,490.0
cus_408,pay_1408,ord_1408,2330.0,INR,netbanking,failed,network_timeout,network_timeout,customer,payment_authentication,12,9,5,4,0.5555555555555556,1814.7895457515956,29696.029368337735,1,1,0,active,413,22,6,retail,regular,0.8876646935553695,HUMAN_ESCALATION,RETRY,0.7893797970476288,1,2330.0
cus_409,pay_1409,ord_1409,1680.0,INR,upi,failed,temporary_bank_failure,temporary_bank_failure,customer,payment_authentication,801,4,3,1,0.75,1918.3198033778835,5895.75764364831,163,0,0,active,19,1,6,retail,regular,0.6765946934026839,CUSTOMER_NOTIFICATION,RETRY,0.6373007190789861,0,0.0
cus_410,pay_1410,ord_1410,1210.0,INR,netbanking,failed,insufficient_funds,insufficient_funds,customer,payment_authentication,1161,11,8,3,0.7272727272727273,939.7626010045373,27961.555721638488,117,0,2,none,944,20,1,health,regular,0.6798579386025492,NO_ACTION,REMINDER,0.7338758794384321,0,0.0
cus_411,pay_1411,ord_1411,3310.0,INR,wallet,failed,temporary_bank_failure,temporary_bank_failure,customer,payment_authentication,1011,3,2,1,0.6666666666666666,3118.071470012663,12252.341057018568,117,0,1,active,644,19,3,education,new,0.6829056323618647,CUSTOMER_NOTIFICATION,RETRY,0.7760780670262795,1,3310.0
cus_412,pay_1412,ord_1412,430.0,INR,netbanking,failed,network_timeout,network_timeout,customer,payment_authentication,269,5,1,4,0.2,427.73393679081755,2184.98516313003,100,0,0,active,238,4,0,retail,regular,0.5594885301864595,REMINDER,RETRY,0.6080745503107576,1,430.0
cus_413,pay_1413,ord_1413,1000.0,INR,wallet,failed,temporary_bank_failure,temporary_bank_failure,customer,payment_authentication,219,13,12,1,0.9230769230769231,1133.4475764418464,16822.18249420657,12,3,0,none,67,19,5,health,regular,0.5713141858747751,RETRY,REMINDER,0.5505083837527683,0,0.0
cus_414,pay_1414,ord_1414,3040.0,INR,card,failed,insufficient_funds,insufficient_funds,customer,payment_authentication,1115,7,6,1,0.8571428571428571,3945.30146376307,41645.619332294285,125,0,0,none,390,14,2,health,regular,0.6309990365596543,RETRY,REMINDER,0.6161957477086997,1,3040.0
cus_415,pay_1415,ord_1415,940.0,INR,netbanking,failed,network_timeout,network_timeout,customer,payment_authentication,1497,5,5,0,1.0,867.5191075379348,9556.979356707106,25,0,1,none,147,1,0,saas,regular,0.5838620796004059,ALTERNATIVE_PAYMENT_METHOD,RETRY,0.7293399375593291,1,940.0
cus_416,pay_1416,ord_1416,2470.0,INR,upi,failed,expired_card,expired_card,customer,payment_authentication,1146,9,4,5,0.4444444444444444,2730.4417914685723,33724.20044851779,37,0,1,active,188,1,1,retail,regular,0.5184877217747499,CUSTOMER_NOTIFICATION,ALTERNATIVE_PAYMENT_METHOD,0.6462832820209194,1,2470.0
cus_417,pay_1417,ord_1417,570.0,INR,upi,failed,temporary_bank_failure,temporary_bank_failure,customer,payment_authentication,1287,4,3,1,0.75,628.9590636463769,4029.7592786069304,105,1,1,past_due,793,7,5,education,new,0.6691281824096871,NO_ACTION,RETRY,0.6560853758307096,1,570.0
cus_418,pay_1418,ord_1418,790.0,INR,netbanking,failed,temporary_bank_failure,temporary_bank_failure,customer,payment_authentication,1365,5,5,0,1.0,640.3057079611192,6123.000043658979,93,0,0,active,53,12,0,health,vip,0.7591609369441961,RETRY,RETRY,0.70123643871396,0,0.0
cus_419,pay_1419,ord_1419,300.0,INR,wallet,failed,expired_card,expired_card,customer,payment_authentication,1423,6,4,2,0.6666666666666666,325.7127477036651,1539.0548826909876,40,3,0,none,505,18,3,health,regular,0.18039299255129704,REMINDER,ALTERNATIVE_PAYMENT_METHOD,0.2597736231815691,0,0.0
cus_420,pay_1420,ord_1420,230.0,INR,upi,failed,insufficient_funds,insufficient_funds,customer,payment_authentication,1185,5,4,1,0.8,282.35971931029013,1464.4800528586766,11,1,0,none,772,2,6,saas,regular,0.7451875950951825,REMINDER,REMINDER,0.8877040534871115,1,230.0
cus_421,pay_1421,ord_1421,1120.0,INR,upi,failed,temporary_bank_failure,temporary_bank_failure,customer,payment_authentication,1167,6,6,0,1.0,1157.4534950073376,9452.147488904646,35,0,2,active,592,15,2,retail,vip,0.8192080206673835,RETRY,RETRY,0.8162984507562826,0,0.0
cus_422,pay_1422,ord_1422,2840.0,INR,upi,failed,card_declined,card_declined,customer,payment_authentication,1184,8,4,4,0.5,2805.539348340981,36315.32852565669,7,0,2,none,131,16,1,saas,vip,0.5776655864075025,RETRY,REMINDER,0.7984541123567276,1,2840.0
cus_423,pay_1423,ord_1423,1610.0,INR,card,failed,temporary_bank_failure,temporary_bank_failure,customer,payment_authentication,485,3,2,1,0.6666666666666666,1752.5329742940794,10025.34596353374,177,1,0,none,281,9,4,saas,regular,0.2361583935882575,NO_ACTION,RETRY,0.2751998977390165,0,0.0
cus_424,pay_1424,ord_1424,5770.0,INR,card,failed,card_declined,card_declined,customer,payment_authentication,811,9,9,0,1.0,6832.309200444447,114472.66141954843,14,1,0,none,172,6,4,retail,vip,0.7184027127564888,RETRY,REMINDER,0.6590403078338726,1,5770.0
cus_425,pay_1425,ord_1425,1220.0,INR,card,failed,insufficient_funds,insufficient_funds,customer,payment_authentication,333,7,3,4,0.42857142857142855,1018.9023515789509,13269.506313834758,127,1,1,none,972,6,2,health,regular,0.5305954200754677,NO_ACTION,REMINDER,0.5552562904666795,1,1220.0
cus_426,pay_1426,ord_1426,220.0,INR,card,failed,temporary_bank_failure,temporary_bank_failure,customer,payment_authentication,796,9,8,1,0.8888888888888888,175.52965731744067,3461.650317171981,67,2,0,none,677,10,5,retail,new,0.45922088082693424,HUMAN_ESCALATION,REMINDER,0.6160078712607263,0,0.0
cus_427,pay_1427,ord_1427,2550.0,INR,card,failed,temporary_bank_failure,temporary_bank_failure,customer,payment_authentication,767,5,5,0,1.0,2781.3905156318706,29817.201575872965,54,2,2,none,987,7,5,saas,regular,0.7869008496797851,CUSTOMER_NOTIFICATION,REMINDER,0.6363003446539965,1,2550.0
cus_428,pay_1428,ord_1428,610.0,INR,netbanking,failed,temporary_bank_failure,temporary_bank_failure,customer,payment_authentication,103,10,8,2,0.8,439.657623479026,7127.996995772038,0,1,1,active,136,13,4,saas,new,0.6990277497916624,RETRY,RETRY,0.698460831770803,0,0.0
cus_429,pay_1429,ord_1429,2050.0,INR,upi,failed,temporary_bank_failure,temporary_bank_failure,customer,payment_authentication,124,8,7,1,0.875,2450.0850404659627,23797.780017488225,5,0,1,none,365,2,5,education,regular,0.9238042916292937,NO_ACTION,RETRY,0.9029776888611759,1,2050.0
cus_430,pay_1430,ord_1430,180.0,INR,wallet,failed,insufficient_funds,insufficient_funds,customer,payment_authentication,1426,7,5,2,0.7142857142857143,158.62396923013276,2357.6715170724183,179,0,1,none,354,16,2,education,new,0.9173901414786401,HUMAN_ESCALATION,REMINDER,0.8295853436078859,1,180.0
cus_431,pay_1431,ord_1431,1370.0,INR,upi,failed,upi_error,upi_error,customer,payment_authentication,828,4,3,1,0.75,1050.2253807795278,9827.81596215873,143,0,0,past_due,787,23,1,retail,regular,0.856889964147137,NO_ACTION,RETRY,0.8750492340266255,1,1370.0
cus_432,pay_1432,ord_1432,3650.0,INR,card,failed,network_timeout,network_timeout,customer,payment_authentication,50,11,9,2,0.8181818181818182,4229.634053362714,81517.02122306036,50,0,0,past_due,72,5,6,retail,regular,0.7736084067848079,REMINDER,RETRY,0.8011570986024333,1,3650.0
cus_433,pay_1433,ord_1433,3230.0,INR,card,failed,insufficient_funds,insufficient_funds,customer,payment_authentication,555,8,3,5,0.375,2692.96489848379,41741.72082639998,103,3,1,active,802,16,3,health,new,0.3414536671626444,REMINDER,NO_ACTION,0.21875503227224077,0,0.0
cus_434,pay_1434,ord_1434,1410.0,INR,card,failed,card_declined,card_declined,customer,payment_authentication,1337,6,5,1,0.8333333333333334,1326.6068493445366,18743.805251218346,161,0,0,none,467,17,0,saas,regular,0.550067126483764,ALTERNATIVE_PAYMENT_METHOD,REMINDER,0.6319002212785334,0,0.0
cus_435,pay_1435,ord_1435,1720.0,INR,wallet,failed,expired_card,expired_card,customer,payment_authentication,1092,5,4,1,0.8,1631.111310091697,9217.065226401763,56,0,0,none,913,13,0,health,regular,0.5801250479305601,REMINDER,ALTERNATIVE_PAYMENT_METHOD,0.48865683379482483,0,0.0
cus_436,pay_1436,ord_1436,1100.0,INR,card,failed,network_timeout,network_timeout,customer,payment_authentication,1235,3,3,0,1.0,1311.3529738060906,7676.177305095525,173,0,1,none,329,7,6,health,vip,0.702743659944674,RETRY,RETRY,0.8157948155005027,1,1100.0
cus_437,pay_1437,ord_1437,1340.0,INR,upi,failed,temporary_bank_failure,temporary_bank_failure,customer,payment_authentication,938,8,5,3,0.625,1150.596597856831,11785.637410824122,94,1,0,active,861,23,0,health,new,0.5491887938925794,CUSTOMER_NOTIFICATION,RETRY,0.6220420336742134,0,0.0
cus_438,pay_1438,ord_1438,3380.0,INR,wallet,failed,insufficient_funds,insufficient_funds,customer,payment_authentication,1050,9,8,1,0.8888888888888888,3650.1276919937086,25818.349870447862,81,0,1,none,894,15,6,education,regular,0.5403761155971339,RETRY,NO_ACTION,0.5112500076875346,0,0.0
cus_439,pay_1439,ord_1439,850.0,INR,wallet,failed,insufficient_funds,insufficient_funds,customer,payment_authentication,370,9,8,1,0.8888888888888888,1104.3079119883316,7183.740825073405,161,0,1,active,439,8,2,education,regular,0.9035301666350648,HUMAN_ESCALATION,REMINDER,0.7606969207673044,1,850.0
cus_440,pay_1440,ord_1440,940.0,INR,card,failed,temporary_bank_failure,temporary_bank_failure,customer,payment_authentication,1263,7,4,3,0.5714285714285714,996.0355384565536,10940.971299602325,82,1,0,past_due,897,6,6,health,regular,0.716804155935084,RETRY,RETRY,0.7020627043432629,1,940.0
cus_441,pay_1441,ord_1441,370.0,INR,card,failed,insufficient_funds,insufficient_funds,customer,payment_authentication,1100,5,5,0,1.0,290.29619710288364,2393.3619385380616,11,0,0,none,360,20,3,saas,new,0.4106394288914966,HUMAN_ESCALATION,REMINDER,0.5506538602833329,0,0.0
cus_442,pay_1442,ord_1442,3450.0,INR,card,failed,network_timeout,network_timeout,customer,payment_authentication,359,3,1,2,0.3333333333333333,3001.3568866912856,12242.615197478564,26,0,0,active,660,17,5,health,regular,0.7526970726890669,HUMAN_ESCALATION,RETRY,0.681590102841497,1,3450.0
cus_443,pay_1443,ord_1443,1310.0,INR,card,failed,upi_error,upi_error,customer,payment_authentication,467,5,3,2,0.6,1337.6051811357336,11930.045748093708,131,0,0,none,935,21,5,saas,new,0.5273423836751501,ALTERNATIVE_PAYMENT_METHOD,RETRY,0.6067713643099844,1,1310.0
cus_444,pay_1444,ord_1444,510.0,INR,card,failed,temporary_bank_failure,temporary_bank_failure,customer,payment_authentication,1150,8,5,3,0.625,455.624049958626,6124.6441351290305,113,1,0,active,177,17,3,saas,regular,0.616101689800471,HUMAN_ESCALATION,RETRY,0.5527968873856525,0,0.0
cus_445,pay_1445,ord_1445,4110.0,INR,upi,failed,expired_card,expired_card,customer,payment_authentication,373,15,13,2,0.8666666666666667,4150.826406551861,78563.26809414156,155,1,1,active,408,2,6,saas,regular,0.7627010098123164,RETRY,ALTERNATIVE_PAYMENT_METHOD,0.7339524128091227,1,4110.0
cus_446,pay_1446,ord_1446,1630.0,INR,wallet,failed,insufficient_funds,insufficient_funds,customer,payment_authentication,1003,9,4,5,0.4444444444444444,1672.271679846676,22761.70061806009,35,3,2,none,53,18,5,saas,new,0.15630214951830007,NO_ACTION,NO_ACTION,0.30642209613064925,0,0.0
cus_447,pay_1447,ord_1447,820.0,INR,upi,failed,expired_card,expired_card,customer,payment_authentication,628,5,4,1,0.8,935.8816376750734,8953.613642848166,93,2,0,active,520,23,2,education,regular,0.37677738816902284,RETRY,ALTERNATIVE_PAYMENT_METHOD,0.34075220665879014,1,820.0
cus_448,pay_1448,ord_1448,4180.0,INR,upi,failed,expired_card,expired_card,customer,payment_authentication,431,6,6,0,1.0,4488.353029341416,48047.78482836109,67,0,1,active,275,0,2,saas,new,0.6628834841304747,HUMAN_ESCALATION,ALTERNATIVE_PAYMENT_METHOD,0.7863654325059709,1,4180.0
cus_449,pay_1449,ord_1449,1220.0,INR,card,failed,temporary_bank_failure,temporary_bank_failure,customer,payment_authentication,237,5,3,2,0.6,1364.8943087048744,9836.181705136858,172,0,0,none,96,17,0,education,regular,0.8624331930069213,NO_ACTION,RETRY,0.7272224281212203,1,1220.0
cus_450,pay_1450,ord_1450,360.0,INR,netbanking,failed,network_timeout,network_timeout,customer,payment_authentication,1082,9,8,1,0.8888888888888888,299.15421986568873,6369.702572335231,143,1,0,active,903,18,1,saas,new,0.4231909937142431,CUSTOMER_NOTIFICATION,RETRY,0.5804547882840507,1,360.0
cus_451,pay_1451,ord_1451,4460.0,INR,upi,failed,upi_error,upi_error,customer,payment_authentication,488,11,9,2,0.8181818181818182,4254.514077073548,97477.01046808097,41,1,2,active,294,8,4,saas,regular,0.7569523964624846,CUSTOMER_NOTIFICATION,RETRY,0.7728957873885612,0,0.0
cus_452,pay_1452,ord_1452,740.0,INR,netbanking,failed,card_declined,card_declined,customer,payment_authentication,834,3,2,1,0.6666666666666666,884.3576560649657,3519.943815735109,133,1,0,active,730,20,4,retail,regular,0.4134721029653469,REMINDER,NO_ACTION,0.5080870992173693,0,0.0
cus_453,pay_1453,ord_1453,35090.0,INR,wallet,failed,card_declined,card_declined,customer,payment_authentication,390,11,10,1,0.9090909090909091,40400.27453843774,376749.56418842793,129,1,2,none,162,9,1,health,regular,0.8933630876693461,RETRY,REMINDER,0.7522786523149682,1,35090.0
cus_454,pay_1454,ord_1454,1100.0,INR,card,failed,expired_card,expired_card,customer,payment_authentication,221,13,11,2,0.8461538461538461,890.1457783482559,13083.18851893673,70,1,0,none,266,10,3,saas,regular,0.13937028656375083,CUSTOMER_NOTIFICATION,ALTERNATIVE_PAYMENT_METHOD,0.29424103216658565,0,0.0
cus_455,pay_1455,ord_1455,230.0,INR,card,failed,insufficient_funds,insufficient_funds,customer,payment_authentication,33,5,4,1,0.8,169.82729553270724,2112.1063159673654,76,0,1,none,82,1,4,retail,regular,0.8346948027530267,HUMAN_ESCALATION,REMINDER,0.6016434353851314,1,230.0
cus_456,pay_1456,ord_1456,9900.0,INR,card,failed,temporary_bank_failure,temporary_bank_failure,customer,payment_authentication,1409,7,5,2,0.7142857142857143,10809.8182745389,151840.93121446695,42,0,2,past_due,708,9,1,saas,regular,0.8085239976054442,ALTERNATIVE_PAYMENT_METHOD,RETRY,0.8446506833411395,1,9900.0
cus_457,pay_1457,ord_1457,1620.0,INR,upi,failed,card_declined,card_declined,customer,payment_authentication,452,8,6,2,0.75,1565.6433483464975,10936.60735055883,68,1,1,active,370,18,3,saas,new,0.17816364144872388,CUSTOMER_NOTIFICATION,NO_ACTION,0.2345937226157347,0,0.0
cus_458,pay_1458,ord_1458,2210.0,INR,wallet,failed,temporary_bank_failure,temporary_bank_failure,customer,payment_authentication,864,10,6,4,0.6,2091.2883831808763,32731.778509117554,18,0,1,past_due,901,13,5,education,regular,0.7472404767057356,ALTERNATIVE_PAYMENT_METHOD,RETRY,0.6699796877076153,1,2210.0
cus_459,pay_1459,ord_1459,2510.0,INR,card,failed,network_timeout,network_timeout,customer,payment_authentication,700,7,6,1,0.8571428571428571,1794.6782637876292,19126.642110521305,114,0,0,none,515,7,1,health,regular,0.8601891464919026,ALTERNATIVE_PAYMENT_METHOD,RETRY,0.863614662754822,1,2510.0
cus_460,pay_1460,ord_1460,440.0,INR,netbanking,failed,insufficient_funds,insufficient_funds,customer,payment_authentication,555,8,6,2,0.75,408.75698127210586,5508.23012995851,90,1,1,none,190,17,5,education,new,0.6139373069351566,REMINDER,REMINDER,0.6989439018003273,1,440.0
cus_461,pay_1461,ord_1461,200.0,INR,upi,failed,insufficient_funds,insufficient_funds,customer,payment_authentication,1244,9,7,2,0.7777777777777778,161.4442505934125,3627.320458875273,109,0,0,none,779,8,2,education,regular,0.25012606792359166,NO_ACTION,NO_ACTION,0.32653186233082043,0,0.0
cus_462,pay_1462,ord_1462,12080.0,INR,card,failed,insufficient_funds,insufficient_funds,customer,payment_authentication,1366,7,6,1,0.8571428571428571,8704.985743265192,166512.60737638565,173,1,0,active,867,9,0,retail,regular,0.7401397909022447,HUMAN_ESCALATION,REMINDER,0.7898550592164435,1,12080.0
cus_463,pay_1463,ord_1463,360.0,INR,card,failed,upi_error,upi_error,customer,payment_authentication,271,4,4,0,1.0,338.16178723598904,3532.8181231521994,66,0,0,none,607,12,2,saas,new,0.49282404200198104,REMINDER,RETRY,0.5621271396179639,0,0.0
cus_464,pay_1464,ord_1464,8810.0,INR,upi,failed,temporary_bank_failure,temporary_bank_failure,customer,payment_authentication,47,6,4,2,0.6666666666666666,10526.977237441875,82014.2183186141,22,0,1,none,694,2,2,education,regular,0.998150909206995,CUSTOMER_NOTIFICATION,RETRY,0.9171172770056769,1,8810.0
cus_465,pay_1465,ord_1465,2900.0,INR,upi,failed,temporary_bank_failure,temporary_bank_failure,customer,payment_authentication,491,9,8,1,0.8888888888888888,3580.9851811147273,45310.11693944155,67,1,1,active,824,12,1,health,regular,0.7678497983464193,HUMAN_ESCALATION,RETRY,0.759248714851308,1,2900.0
cus_466,pay_1466,ord_1466,2040.0,INR,upi,failed,temporary_bank_failure,temporary_bank_failure,customer,payment_authentication,155,12,8,4,0.6666666666666666,1719.5361949006642,49541.092298714975,63,0,0,active,109,17,5,education,vip,0.7656836572803685,RETRY,RETRY,0.7194089879744753,1,2040.0
cus_467,pay_1467,ord_1467,1070.0,INR,card,failed,card_declined,card_declined,customer,payment_authentication,45,9,9,0,1.0,925.532713554337,17193.860150394226,86,0,1,none,232,4,4,saas,regular,0.7181254046198275,REMINDER,REMINDER,0.7599935226370077,1,1070.0
cus_468,pay_1468,ord_1468,17230.0,INR,upi,failed,upi_error,upi_error,customer,payment_authentication,1207,4,4,0,1.0,13080.00141642139,168290.25597497937,151,0,0,none,779,13,3,health,new,0.8817192691168136,ALTERNATIVE_PAYMENT_METHOD,RETRY,0.8172861047856781,1,17230.0
cus_469,pay_1469,ord_1469,860.0,INR,card,failed,temporary_bank_failure,temporary_bank_failure,customer,payment_authentication,113,8,7,1,0.875,1071.1980851050641,7888.715841103602,178,0,1,none,795,0,2,saas,regular,0.7814407252729094,CUSTOMER_NOTIFICATION,RETRY,0.8508279572007965,1,860.0
cus_470,pay_1470,ord_1470,880.0,INR,wallet,failed,upi_error,upi_error,customer,payment_authentication,106,6,5,1,0.8333333333333334,650.4329017481126,5392.847517923877,113,0,1,none,187,19,0,education,regular,0.6770145350660575,REMINDER,RETRY,0.7691206513718042,1,880.0
cus_471,pay_1471,ord_1471,3360.0,INR,card,failed,insufficient_funds,insufficient_funds,customer,payment_authentication,534,9,6,3,0.6666666666666666,4241.548529815687,30033.801436451937,143,0,0,none,51,17,5,health,regular,0.07273061034144751,NO_ACTION,NO_ACTION,0.12366214898036433,0,0.0
cus_472,pay_1472,ord_1472,870.0,INR,card,failed,card_declined,card_declined,customer,payment_authentication,852,11,7,4,0.6363636363636364,943.835273461981,18876.919461677462,51,1,1,none,541,17,2,health,regular,0.5073270917413768,REMINDER,NO_ACTION,0.364867927862413,0,0.0
cus_473,pay_1473,ord_1473,620.0,INR,upi,failed,temporary_bank_failure,temporary_bank_failure,customer,payment_authentication,750,4,1,3,0.25,726.5774041987729,2382.9383195948135,65,2,1,none,277,10,4,education,new,0.33858424419048805,CUSTOMER_NOTIFICATION,NO_ACTION,0.39617866106998423,0,0.0
cus_474,pay_1474,ord_1474,1620.0,INR,upi,failed,expired_card,expired_card,customer,payment_authentication,1118,3,3,0,1.0,1347.8249929289873,11358.752725813885,157,1,1,active,164,14,2,health,regular,0.7019783115451174,REMINDER,ALTERNATIVE_PAYMENT_METHOD,0.7550613355417096,1,1620.0
cus_475,pay_1475,ord_1475,3410.0,INR,upi,failed,card_declined,card_declined,customer,payment_authentication,1122,9,8,1,0.8888888888888888,3629.9773175046075,44443.79229795575,65,0,2,active,443,17,1,retail,new,0.7787488165565448,CUSTOMER_NOTIFICATION,REMINDER,0.7569025832838427,1,3410.0
cus_476,pay_1476,ord_1476,11230.0,INR,upi,failed,expired_card,expired_card,customer,payment_authentication,25,9,5,4,0.5555555555555556,8594.073650024,179522.90868729024,66,0,0,none,266,8,4,saas,regular,0.7812992224736809,HUMAN_ESCALATION,ALTERNATIVE_PAYMENT_METHOD,0.7943613223591065,1,11230.0
cus_477,pay_1477,ord_1477,13770.0,INR,wallet,failed,temporary_bank_failure,temporary_bank_failure,customer,payment_authentication,1145,7,4,3,0.5714285714285714,15080.898242974794,183880.95216231115,161,1,0,none,957,9,2,saas,regular,0.5126862597917438,CUSTOMER_NOTIFICATION,RETRY,0.6214282655083058,1,13770.0
cus_478,pay_1478,ord_1478,290.0,INR,upi,failed,network_timeout,network_timeout,customer,payment_authentication,65,8,8,0,1.0,307.46269825589,3266.9818607712677,144,1,1,active,813,7,2,health,regular,0.7015402463339783,ALTERNATIVE_PAYMENT_METHOD,RETRY,0.8196728728698635,1,290.0
cus_479,pay_1479,ord_1479,4860.0,INR,upi,failed,upi_error,upi_error,customer,payment_authentication,1371,11,10,1,0.9090909090909091,5804.473512885462,51899.490428497775,140,0,0,none,90,8,6,saas,regular,0.980563453279182,HUMAN_ESCALATION,RETRY,0.9056649193861168,1,4860.0
cus_480,pay_1480,ord_1480,640.0,INR,upi,failed,expired_card,expired_card,customer,payment_authentication,459,8,6,2,0.75,695.646774005055,8651.945241245938,130,0,0,active,962,16,1,health,new,0.22933573289213513,CUSTOMER_NOTIFICATION,ALTERNATIVE_PAYMENT_METHOD,0.3481809155882366,0,0.0
cus_481,pay_1481,ord_1481,670.0,INR,card,failed,card_declined,card_declined,customer,payment_authentication,1361,4,3,1,0.75,859.5541665909275,6510.664056836033,117,1,0,none,262,21,2,retail,regular,0.7527563979114154,HUMAN_ESCALATION,REMINDER,0.6643239511982698,1,670.0
cus_482,pay_1482,ord_1482,1000.0,INR,upi,failed,network_timeout,network_timeout,customer,payment_authentication,1498,8,6,2,0.75,994.1990966597385,6598.899622548821,99,0,1,active,163,5,2,health,regular,0.7559261116791433,CUSTOMER_NOTIFICATION,RETRY,0.8026330225004251,1,1000.0
cus_483,pay_1483,ord_1483,940.0,INR,card,failed,temporary_bank_failure,temporary_bank_failure,customer,payment_authentication,153,13,11,2,0.8461538461538461,969.2767153295018,13094.869925315881,128,0,1,none,152,6,0,health,regular,0.5471463506847777,HUMAN_ESCALATION,RETRY,0.7794592164165968,1,940.0
cus_484,pay_1484,ord_1484,590.0,INR,upi,failed,network_timeout,network_timeout,customer,payment_authentication,572,15,8,7,0.5333333333333333,439.85171411162145,17338.717112842798,6,1,1,past_due,379,1,2,saas,regular,0.6656614505724888,CUSTOMER_NOTIFICATION,RETRY,0.6009620678762398,1,590.0
cus_485,pay_1485,ord_1485,170.0,INR,card,failed,insufficient_funds,insufficient_funds,customer,payment_authentication,168,4,3,1,0.75,130.04116870603374,672.0970688192283,10,0,1,none,425,9,4,education,new,0.44435522857499693,HUMAN_ESCALATION,NO_ACTION,0.36420083967237993,0,0.0
cus_486,pay_1486,ord_1486,7290.0,INR,wallet,failed,network_timeout,network_timeout,customer,payment_authentication,1452,4,2,2,0.5,5861.8953319431685,25995.14561563005,156,2,1,none,903,19,2,saas,regular,0.7068927306719657,RETRY,REMINDER,0.6486804735658253,1,7290.0
cus_487,pay_1487,ord_1487,4220.0,INR,upi,failed,temporary_bank_failure,temporary_bank_failure,customer,payment_authentication,745,12,10,2,0.8333333333333334,3253.7763969858715,101005.19571860194,16,1,1,active,328,8,2,retail,new,0.7795673014584962,ALTERNATIVE_PAYMENT_METHOD,RETRY,0.8261861848209219,1,4220.0
cus_488,pay_1488,ord_1488,1690.0,INR,netbanking,failed,insufficient_funds,insufficient_funds,customer,payment_authentication,1256,5,3,2,0.6,1322.229763578012,17223.304927000638,116,0,0,active,684,0,4,health,regular,0.6329462995945666,RETRY,REMINDER,0.668495408488877,1,1690.0
cus_489,pay_1489,ord_1489,650.0,INR,upi,failed,expired_card,expired_card,customer,payment_authentication,884,12,7,5,0.5833333333333334,556.5838052721917,8703.869472374861,56,0,2,past_due,92,4,3,health,regular,0.5130802391263312,REMINDER,ALTERNATIVE_PAYMENT_METHOD,0.5585789417742293,1,650.0
cus_490,pay_1490,ord_1490,5910.0,INR,card,failed,expired_card,expired_card,customer,payment_authentication,1271,7,7,0,1.0,5124.3768321066345,92498.46788383277,134,0,1,past_due,821,5,4,saas,new,0.7221287674869638,REMINDER,ALTERNATIVE_PAYMENT_METHOD,0.7942263005104448,1,5910.0
cus_491,pay_1491,ord_1491,1610.0,INR,netbanking,failed,network_timeout,network_timeout,customer,payment_authentication,897,9,6,3,0.6666666666666666,1798.9186173805958,26181.02378296009,85,1,1,none,481,4,1,health,regular,0.6922730127194899,ALTERNATIVE_PAYMENT_METHOD,RETRY,0.664211268032579,1,1610.0
cus_492,pay_1492,ord_1492,970.0,INR,upi,failed,upi_error,upi_error,customer,payment_authentication,73,7,6,1,0.8571428571428571,962.1040853363718,6633.495103739383,54,1,1,past_due,579,19,3,saas,regular,0.8158474861657944,ALTERNATIVE_PAYMENT_METHOD,RETRY,0.836373494311141,1,970.0
cus_493,pay_1493,ord_1493,330.0,INR,netbanking,failed,temporary_bank_failure,temporary_bank_failure,customer,payment_authentication,729,3,2,1,0.6666666666666666,414.5556756402579,1714.2571547242314,127,0,1,active,485,22,0,retail,new,0.7349590319847403,CUSTOMER_NOTIFICATION,RETRY,0.7814049661833448,1,330.0
cus_494,pay_1494,ord_1494,2940.0,INR,upi,failed,insufficient_funds,insufficient_funds,customer,payment_authentication,982,7,4,3,0.5714285714285714,2662.9396427822467,42914.19308637114,176,2,0,none,741,10,3,education,regular,0.35688283349689987,CUSTOMER_NOTIFICATION,NO_ACTION,0.4280768203650715,0,0.0
cus_495,pay_1495,ord_1495,1230.0,INR,upi,failed,insufficient_funds,insufficient_funds,customer,payment_authentication,1471,9,6,3,0.6666666666666666,907.7986117209091,19287.140750902145,140,0,2,active,630,2,4,saas,regular,0.6024342750827263,HUMAN_ESCALATION,REMINDER,0.5876665795304935,1,1230.0
cus_496,pay_1496,ord_1496,2230.0,INR,netbanking,failed,expired_card,expired_card,customer,payment_authentication,1249,10,6,4,0.6,2690.5239395099975,35851.702631181826,41,0,0,none,364,23,1,saas,new,0.4585965023947996,HUMAN_ESCALATION,ALTERNATIVE_PAYMENT_METHOD,0.33182856598527727,1,2230.0
cus_497,pay_1497,ord_1497,2030.0,INR,upi,failed,expired_card,expired_card,customer,payment_authentication,763,8,7,1,0.875,2447.376390403239,22693.16290075515,159,1,1,none,840,17,3,saas,new,0.29527471755926565,CUSTOMER_NOTIFICATION,ALTERNATIVE_PAYMENT_METHOD,0.28337546134799046,0,0.0
cus_498,pay_1498,ord_1498,3240.0,INR,card,failed,network_timeout,network_timeout,customer,payment_authentication,1209,7,4,3,0.5714285714285714,2974.232558243817,26502.096001929047,179,0,1,none,108,19,4,saas,new,0.5783766103554021,RETRY,RETRY,0.7138821678821183,0,0.0
cus_499,pay_1499,ord_1499,2140.0,INR,upi,failed,network_timeout,network_timeout,customer,payment_authentication,1403,9,6,3,0.6666666666666666,1588.4022807412014,32050.30993018292,48,2,0,active,973,2,2,education,regular,0.7857821716351919,ALTERNATIVE_PAYMENT_METHOD,REMINDER,0.788230938642574,1,2140.0
cus_500,pay_1500,ord_1500,1270.0,INR,upi,failed,temporary_bank_failure,temporary_bank_failure,customer,payment_authentication,1314,3,3,0,1.0,1560.2270930337759,4571.956354048286,116,1,0,past_due,622,3,6,education,regular,0.7008510613082962,CUSTOMER_NOTIFICATION,RETRY,0.6527237449527211,1,1270.0
cus_501,pay_1501,ord_1501,2990.0,INR,wallet,failed,expired_card,expired_card,customer,payment_authentication,1482,8,4,4,0.5,3767.7674413824548,47170.20884400463,134,1,0,none,103,3,6,retail,vip,0.447312137583858,CUSTOMER_NOTIFICATION,ALTERNATIVE_PAYMENT_METHOD,0.3763319203409226,0,0.0
cus_502,pay_1502,ord_1502,4450.0,INR,card,failed,card_declined,card_declined,customer,payment_authentication,539,4,4,0,1.0,5777.438889804751,21636.96893068036,112,3,1,past_due,499,23,1,health,new,0.33441522254941414,NO_ACTION,NO_ACTION,0.2828229526455664,0,0.0
cus_503,pay_1503,ord_1503,8070.0,INR,upi,failed,expired_card,expired_card,customer,payment_authentication,666,7,7,0,1.0,7542.460035594933,55310.69132450884,179,1,1,none,338,17,1,health,regular,0.4801312355061307,RETRY,ALTERNATIVE_PAYMENT_METHOD,0.46675094367481995,1,8070.0
cus_504,pay_1504,ord_1504,560.0,INR,netbanking,failed,temporary_bank_failure,temporary_bank_failure,customer,payment_authentication,22,11,6,5,0.5454545454545454,434.71614338014285,5333.247357860697,45,0,0,active,51,20,2,retail,regular,0.8348275520105883,NO_ACTION,RETRY,0.5637346734351426,0,0.0
cus_505,pay_1505,ord_1505,5230.0,INR,upi,failed,insufficient_funds,insufficient_funds,customer,payment_authentication,201,7,7,0,1.0,4846.501350376111,73612.60794798491,37,0,0,past_due,972,15,4,retail,new,0.6762713163661457,CUSTOMER_NOTIFICATION,REMINDER,0.7953247106013369,1,5230.0
cus_506,pay_1506,ord_1506,350.0,INR,upi,failed,insufficient_funds,insufficient_funds,customer,payment_authentication,1225,9,8,1,0.8888888888888888,367.9691237697315,4578.4856409661315,159,1,0,none,875,8,4,retail,regular,0.5998970469849019,ALTERNATIVE_PAYMENT_METHOD,NO_ACTION,0.45091906382016816,0,0.0
cus_507,pay_1507,ord_1507,4740.0,INR,upi,failed,temporary_bank_failure,temporary_bank_failure,customer,payment_authentication,489,6,6,0,1.0,3441.059500580644,40421.88199544379,12,1,0,active,567,8,5,education,regular,0.8058201659631988,CUSTOMER_NOTIFICATION,RETRY,0.7504656115873911,1,4740.0
cus_508,pay_1508,ord_1508,950.0,INR,card,failed,network_timeout,network_timeout,customer,payment_authentication,658,9,5,4,0.5555555555555556,821.3024508318562,13086.682363091822,5,1,1,none,123,2,2,health,regular,0.774864459498351,HUMAN_ESCALATION,RETRY,0.5454738756375512,1,950.0
cus_509,pay_1509,ord_1509,3990.0,INR,upi,failed,insufficient_funds,insufficient_funds,customer,payment_authentication,538,7,7,0,1.0,5048.017844458012,46715.08917905592,161,1,1,active,396,5,3,saas,regular,0.5514434994944954,CUSTOMER_NOTIFICATION,REMINDER,0.6963109260506825,0,0.0
cus_510,pay_1510,ord_1510,7650.0,INR,card,failed,card_declined,card_declined,customer,payment_authentication,1390,4,3,1,0.75,5557.8122136852035,70568.90687942643,152,1,0,past_due,717,15,3,retail,regular,0.805583975495604,ALTERNATIVE_PAYMENT_METHOD,REMINDER,0.6519024708492861,1,7650.0
cus_511,pay_1511,ord_1511,2160.0,INR,card,failed,expired_card,expired_card,customer,payment_authentication,1332,4,4,0,1.0,1707.6290410683662,12386.91583772511,24,2,1,none,434,10,5,retail,regular,0.3974433271294632,NO_ACTION,ALTERNATIVE_PAYMENT_METHOD,0.2336377011347416,0,0.0
cus_512,pay_1512,ord_1512,1720.0,INR,upi,failed,network_timeout,network_timeout,customer,payment_authentication,1109,4,3,1,0.75,1803.6166791109822,8111.794279703717,148,0,2,active,542,13,3,retail,regular,0.6587670325351745,REMINDER,RETRY,0.6744884786102378,1,1720.0
cus_513,pay_1513,ord_1513,1640.0,INR,upi,failed,temporary_bank_failure,temporary_bank_failure,customer,payment_authentication,1442,7,6,1,0.8571428571428571,2090.4104059071415,24006.59114883715,129,0,1,active,842,20,3,education,new,0.7335960612758644,CUSTOMER_NOTIFICATION,RETRY,0.8186245461406723,1,1640.0
cus_514,pay_1514,ord_1514,1130.0,INR,netbanking,failed,temporary_bank_failure,temporary_bank_failure,customer,payment_authentication,820,8,4,4,0.5,1428.535423163448,13472.723745219842,163,2,0,active,181,3,0,saas,regular,0.8052816428436038,CUSTOMER_NOTIFICATION,REMINDER,0.5929802492887946,1,1130.0
cus_515,pay_1515,ord_1515,5570.0,INR,card,failed,insufficient_funds,insufficient_funds,customer,payment_authentication,255,3,2,1,0.6666666666666666,4759.632607514084,32380.717029414434,69,1,1,active,863,17,2,health,regular,0.4660402203196163,CUSTOMER_NOTIFICATION,NO_ACTION,0.5484567223935988,0,0.0
cus_516,pay_1516,ord_1516,1620.0,INR,card,failed,insufficient_funds,insufficient_funds,customer,payment_authentication,952,8,4,4,0.5,1730.5742379635667,13203.727517971462,58,2,0,past_due,979,23,3,retail,regular,0.5604064408919442,ALTERNATIVE_PAYMENT_METHOD,NO_ACTION,0.45573788208970506,0,0.0
cus_517,pay_1517,ord_1517,210.0,INR,wallet,failed,insufficient_funds,insufficient_funds,customer,payment_authentication,31,4,2,2,0.5,268.5912841612437,1911.8199899885415,63,1,0,past_due,295,21,6,retail,regular,0.33264499931411967,HUMAN_ESCALATION,NO_ACTION,0.1831242330742482,0,0.0
cus_518,pay_1518,ord_1518,4380.0,INR,card,failed,network_timeout,network_timeout,customer,payment_authentication,630,8,6,2,0.75,4720.797827084131,75681.7708069194,118,0,0,none,929,4,0,retail,regular,0.8510889583118729,HUMAN_ESCALATION,RETRY,0.867151951073406,1,4380.0
cus_519,pay_1519,ord_1519,4150.0,INR,card,failed,temporary_bank_failure,temporary_bank_failure,customer,payment_authentication,1246,11,9,2,0.8181818181818182,3456.702885961822,63836.19314305152,169,1,1,past_due,308,6,2,health,regular,0.9135786430305339,NO_ACTION,RETRY,0.9303157920673903,1,4150.0
cus_520,pay_1520,ord_1520,1890.0,INR,card,failed,temporary_bank_failure,temporary_bank_failure,customer,payment_authentication,271,6,4,2,0.6666666666666666,2109.590998960097,9607.542920813987,169,0,1,none,700,14,4,saas,regular,0.9371568464264618,NO_ACTION,RETRY,0.7606234280218087,1,1890.0
cus_521,pay_1521,ord_1521,820.0,INR,upi,failed,insufficient_funds,insufficient_funds,customer,payment_authentication,838,6,5,1,0.8333333333333334,825.528014381642,4219.891013342443,63,0,1,none,699,11,3,education,new,0.5928940105630217,HUMAN_ESCALATION,REMINDER,0.6236227924176715,1,820.0
cus_522,pay_1522,ord_1522,570.0,INR,netbanking,failed,network_timeout,network_timeout,customer,payment_authentication,1166,8,5,3,0.625,567.8723171210249,5607.044609935622,12,1,0,active,936,15,2,education,new,0.6541409547587339,RETRY,RETRY,0.709896991378675,1,570.0
cus_523,pay_1523,ord_1523,820.0,INR,netbanking,failed,network_timeout,network_timeout,customer,payment_authentication,1127,10,9,1,0.9,814.2812099816653,12081.149582708544,73,3,0,none,67,16,4,health,new,0.2047283797997474,REMINDER,NO_ACTION,0.47460738088721494,0,0.0
cus_524,pay_1524,ord_1524,2210.0,INR,upi,failed,network_timeout,network_timeout,customer,payment_authentication,888,7,4,3,0.5714285714285714,1696.211588435679,22323.6770246638,80,1,0,past_due,595,3,0,education,vip,0.6342902195443865,NO_ACTION,RETRY,0.5221338726032035,1,2210.0
cus_525,pay_1525,ord_1525,290.0,INR,card,failed,expired_card,expired_card,customer,payment_authentication,498,6,5,1,0.8333333333333334,340.3617539348842,2922.262220052508,2,1,2,none,845,20,4,education,new,0.46608317986969805,ALTERNATIVE_PAYMENT_METHOD,ALTERNATIVE_PAYMENT_METHOD,0.5034285230423566,1,290.0
cus_526,pay_1526,ord_1526,2760.0,INR,card,failed,network_timeout,network_timeout,customer,payment_authentication,363,4,3,1,0.75,2506.558624215373,14277.505415490732,175,0,0,none,91,2,6,retail,regular,0.6381569863850398,RETRY,RETRY,0.5598722807896026,1,2760.0
cus_527,pay_1527,ord_1527,1940.0,INR,upi,failed,card_declined,card_declined,customer,payment_authentication,238,10,4,6,0.4,1573.0517471780213,20756.67900972687,33,0,0,active,6,14,3,saas,new,0.5626009378576471,RETRY,REMINDER,0.5773158583570023,1,1940.0
cus_528,pay_1528,ord_1528,6550.0,INR,card,failed,temporary_bank_failure,temporary_bank_failure,customer,payment_authentication,1105,10,8,2,0.8,6317.573250407061,141676.77596029235,104,0,2,active,64,22,5,saas,regular,1.0,RETRY,RETRY,0.8965853275412495,1,6550.0
cus_529,pay_1529,ord_1529,3650.0,INR,card,failed,expired_card,expired_card,customer,payment_authentication,397,7,6,1,0.8571428571428571,3963.268509990007,31091.219397048768,65,1,0,none,461,1,4,saas,regular,0.4799564920888233,RETRY,ALTERNATIVE_PAYMENT_METHOD,0.34244183347432433,0,0.0
cus_530,pay_1530,ord_1530,880.0,INR,card,failed,network_timeout,network_timeout,customer,payment_authentication,975,5,4,1,0.8,908.217207027962,10192.94821021006,128,1,0,active,560,10,4,education,regular,0.635564391688945,NO_ACTION,RETRY,0.7351097322704231,1,880.0
cus_531,pay_1531,ord_1531,330.0,INR,card,failed,insufficient_funds,insufficient_funds,customer,payment_authentication,73,2,2,0,1.0,393.18146198562135,1428.5403376259171,119,1,2,none,792,10,4,education,new,0.453354704725067,HUMAN_ESCALATION,NO_ACTION,0.49975095243227813,0,0.0
cus_532,pay_1532,ord_1532,800.0,INR,upi,failed,card_declined,card_declined,customer,payment_authentication,438,5,4,1,0.8,964.7897630320973,3796.740288620442,164,1,0,none,421,9,6,education,regular,0.7737366567428438,RETRY,REMINDER,0.715622329617533,1,800.0
cus_533,pay_1533,ord_1533,7200.0,INR,upi,failed,expired_card,expired_card,customer,payment_authentication,579,6,2,4,0.3333333333333333,7720.940224356656,74265.14255401351,11,2,0,past_due,914,20,3,education,regular,0.6878777937486362,ALTERNATIVE_PAYMENT_METHOD,ALTERNATIVE_PAYMENT_METHOD,0.5471543731605774,0,0.0
cus_534,pay_1534,ord_1534,2430.0,INR,card,failed,expired_card,expired_card,customer,payment_authentication,1159,8,4,4,0.5,2505.3890056984665,43329.05739776171,50,1,0,none,113,1,1,health,vip,0.6242052322986642,NO_ACTION,ALTERNATIVE_PAYMENT_METHOD,0.6129068445568537,1,2430.0
cus_535,pay_1535,ord_1535,3290.0,INR,upi,failed,temporary_bank_failure,temporary_bank_failure,customer,payment_authentication,149,6,4,2,0.6666666666666666,3421.7265018554804,41260.02745640592,62,0,0,none,626,18,3,education,vip,0.9181036134244832,REMINDER,RETRY,0.8966768774428306,1,3290.0
cus_536,pay_1536,ord_1536,960.0,INR,netbanking,failed,card_declined,card_declined,customer,payment_authentication,706,7,4,3,0.5714285714285714,898.4288796631043,8406.593751412802,161,0,1,active,465,0,3,retail,vip,0.5156625410581644,HUMAN_ESCALATION,NO_ACTION,0.4808098149812754,0,0.0
cus_537,pay_1537,ord_1537,2940.0,INR,upi,failed,network_timeout,network_timeout,customer,payment_authentication,696,7,6,1,0.8571428571428571,2885.792455429141,19384.194818256212,65,0,1,none,530,22,1,saas,regular,0.7576103808273925,ALTERNATIVE_PAYMENT_METHOD,RETRY,0.8451863872407555,1,2940.0
cus_538,pay_1538,ord_1538,400.0,INR,netbanking,failed,temporary_bank_failure,temporary_bank_failure,customer,payment_authentication,482,7,3,4,0.42857142857142855,406.4109077397509,4155.428609031959,91,0,1,none,503,23,6,saas,new,0.5709774452009371,CUSTOMER_NOTIFICATION,RETRY,0.6163233086881774,0,0.0
cus_539,pay_1539,ord_1539,4610.0,INR,upi,failed,insufficient_funds,insufficient_funds,customer,payment_authentication,1199,2,1,1,0.5,5442.209588696951,11455.45889391698,142,2,0,none,697,17,4,saas,regular,0.1818184322060012,REMINDER,NO_ACTION,0.20034105305923552,0,0.0
cus_540,pay_1540,ord_1540,570.0,INR,netbanking,failed,temporary_bank_failure,temporary_bank_failure,customer,payment_authentication,1470,6,5,1,0.8333333333333334,654.0860632331664,4337.01994949123,165,1,0,past_due,716,20,2,saas,new,0.8079851200846797,REMINDER,RETRY,0.7078930073149802,1,570.0
cus_541,pay_1541,ord_1541,250.0,INR,card,failed,temporary_bank_failure,temporary_bank_failure,customer,payment_authentication,72,10,5,5,0.5,204.33718046245053,5207.253165548157,49,0,1,active,842,3,6,education,vip,0.8530940632297641,RETRY,RETRY,0.6736016549865,1,250.0
cus_542,pay_1542,ord_1542,17370.0,INR,card,failed,upi_error,upi_error,customer,payment_authentication,1398,8,6,2,0.75,22349.91392832139,242252.03329969588,119,1,0,none,366,3,2,education,regular,0.688437100812727,RETRY,RETRY,0.7794439161226026,1,17370.0
cus_543,pay_1543,ord_1543,2070.0,INR,card,failed,expired_card,expired_card,customer,payment_authentication,1345,5,5,0,1.0,2647.9614435287626,21343.379556100237,160,0,0,none,12,4,2,education,regular,0.787335191841979,HUMAN_ESCALATION,ALTERNATIVE_PAYMENT_METHOD,0.7151784563818508,1,2070.0
cus_544,pay_1544,ord_1544,2010.0,INR,upi,failed,insufficient_funds,insufficient_funds,customer,payment_authentication,1263,11,7,4,0.6363636363636364,1743.7407782934572,33834.58239225528,48,1,0,past_due,159,8,1,education,vip,0.5500962286324226,NO_ACTION,NO_ACTION,0.5282636242509472,0,0.0
cus_545,pay_1545,ord_1545,280.0,INR,card,failed,insufficient_funds,insufficient_funds,customer,payment_authentication,185,7,6,1,0.8571428571428571,363.8072452894929,2057.5861348586436,169,0,1,none,606,8,1,education,new,0.6737535757504647,REMINDER,REMINDER,0.7239241443231798,1,280.0
cus_546,pay_1546,ord_1546,3370.0,INR,card,failed,upi_error,upi_error,customer,payment_authentication,582,11,9,2,0.8181818181818182,3420.76765562329,36214.62342476614,70,0,1,none,160,3,4,retail,regular,0.6722597977490148,HUMAN_ESCALATION,RETRY,0.7682346652460559,1,3370.0
cus_547,pay_1547,ord_1547,4390.0,INR,netbanking,failed,insufficient_funds,insufficient_funds,customer,payment_authentication,984,9,7,2,0.7777777777777778,3670.221844392741,74432.06239809725,39,1,0,past_due,766,2,6,saas,regular,0.42251581610126704,RETRY,NO_ACTION,0.39965254546062073,0,0.0
cus_548,pay_1548,ord_1548,1480.0,INR,card,failed,network_timeout,network_timeout,customer,payment_authentication,307,4,3,1,0.75,1675.8020113575724,9309.953778921887,143,1,0,none,0,19,3,health,regular,0.7215032723526269,ALTERNATIVE_PAYMENT_METHOD,RETRY,0.7799989621759057,1,1480.0
cus_549,pay_1549,ord_1549,4400.0,INR,card,failed,insufficient_funds,insufficient_funds,customer,payment_authentication,361,8,7,1,0.875,3206.603280842453,53459.962551571174,67,2,1,active,925,16,2,education,regular,0.694044436208241,HUMAN_ESCALATION,REMINDER,0.6567446664114682,1,4400.0
cus_550,pay_1550,ord_1550,5830.0,INR,card,failed,temporary_bank_failure,temporary_bank_failure,customer,payment_authentication,845,11,10,1,0.9090909090909091,6486.349564050827,65243.80017110252,74,1,0,none,992,19,5,health,regular,0.7361033593231909,ALTERNATIVE_PAYMENT_METHOD,RETRY,0.8363212898594602,1,5830.0
cus_551,pay_1551,ord_1551,3060.0,INR,upi,failed,card_declined,card_declined,customer,payment_authentication,1267,7,5,2,0.7142857142857143,3675.0659270997558,28645.86408553706,132,0,0,none,399,8,4,health,new,0.35002364919882895,NO_ACTION,NO_ACTION,0.4604060963435926,0,0.0
cus_552,pay_1552,ord_1552,210.0,INR,card,failed,temporary_bank_failure,temporary_bank_failure,customer,payment_authentication,244,5,4,1,0.8,191.16890131574058,1098.5904799659418,39,0,0,none,857,20,1,retail,regular,0.8282258584874107,RETRY,RETRY,0.7207046994656453,1,210.0
cus_553,pay_1553,ord_1553,570.0,INR,card,failed,card_declined,card_declined,customer,payment_authentication,16,6,4,2,0.6666666666666666,513.4418579231942,3853.86691724655,48,0,0,active,901,4,3,retail,regular,0.6109041919129263,RETRY,REMINDER,0.5913718026221687,0,0.0
cus_554,pay_1554,ord_1554,9770.0,INR,card,failed,insufficient_funds,insufficient_funds,customer,payment_authentication,1493,11,8,3,0.7272727272727273,8435.944313523843,217544.96343434564,128,3,0,none,811,18,4,retail,new,0.28735897334981453,ALTERNATIVE_PAYMENT_METHOD,NO_ACTION,0.27015123615516945,0,0.0
cus_555,pay_1555,ord_1555,1960.0,INR,netbanking,failed,network_timeout,network_timeout,customer,payment_authentication,632,9,8,1,0.8888888888888888,1851.213852684574,31981.20693501845,148,1,1,none,630,5,3,saas,regular,0.6276406757609548,ALTERNATIVE_PAYMENT_METHOD,RETRY,0.6782425953066847,0,0.0
cus_556,pay_1556,ord_1556,1970.0,INR,wallet,failed,network_timeout,network_timeout,customer,payment_authentication,115,4,4,0,1.0,2056.80420852764,17804.02533230413,32,0,0,none,207,12,0,saas,regular,0.9123912633294108,RETRY,RETRY,0.8365609813007234,1,1970.0
cus_557,pay_1557,ord_1557,790.0,INR,upi,failed,network_timeout,network_timeout,customer,payment_authentication,1442,12,10,2,0.8333333333333334,914.2160335968774,18860.08956975627,175,4,0,active,333,22,2,retail,new,0.6220819538167133,REMINDER,REMINDER,0.6403496203370187,0,0.0
cus_558,pay_1558,ord_1558,960.0,INR,upi,failed,temporary_bank_failure,temporary_bank_failure,customer,payment_authentication,410,7,5,2,0.7142857142857143,1182.691074576342,11262.529893704143,8,3,1,none,358,2,6,health,new,0.6050307045828949,HUMAN_ESCALATION,NO_ACTION,0.5272138071575212,0,0.0
cus_559,pay_1559,ord_1559,5960.0,INR,netbanking,failed,card_declined,card_declined,customer,payment_authentication,170,2,1,1,0.5,6133.647782497586,19587.001535029354,113,0,1,none,983,18,5,saas,new,0.41034434243392637,RETRY,NO_ACTION,0.45568995930282213,0,0.0
cus_560,pay_1560,ord_1560,8090.0,INR,wallet,failed,upi_error,upi_error,customer,payment_authentication,1003,1,1,0,1.0,7968.597069861608,21686.267676865322,75,0,1,active,642,13,5,saas,regular,0.7300456929632743,ALTERNATIVE_PAYMENT_METHOD,RETRY,0.8362838622208761,1,8090.0
cus_561,pay_1561,ord_1561,4010.0,INR,upi,failed,temporary_bank_failure,temporary_bank_failure,customer,payment_authentication,1141,4,4,0,1.0,3708.4883620305354,14526.583634116709,29,0,0,none,58,7,3,education,regular,0.706456754307284,ALTERNATIVE_PAYMENT_METHOD,RETRY,0.7791260598579971,1,4010.0
cus_562,pay_1562,ord_1562,3140.0,INR,netbanking,failed,insufficient_funds,insufficient_funds,customer,payment_authentication,190,3,3,0,1.0,3319.635761539243,22137.55465920735,140,3,0,none,160,23,3,retail,regular,0.40533944845453584,RETRY,NO_ACTION,0.36300548723261744,0,0.0
cus_563,pay_1563,ord_1563,3380.0,INR,wallet,failed,network_timeout,network_timeout,customer,payment_authentication,1090,6,4,2,0.6666666666666666,2659.7908640866576,41249.34632272052,0,1,1,none,869,18,3,saas,regular,0.70703546540717,HUMAN_ESCALATION,RETRY,0.8058585364199276,1,3380.0
cus_564,pay_1564,ord_1564,1690.0,INR,netbanking,failed,temporary_bank_failure,temporary_bank_failure,customer,payment_authentication,567,10,8,2,0.8,1656.493137212137,25297.830615372415,50,0,1,none,486,19,1,retail,regular,0.741013808490321,RETRY,RETRY,0.5598391208797305,1,1690.0
cus_565,pay_1565,ord_1565,540.0,INR,upi,failed,card_declined,card_declined,customer,payment_authentication,479,5,3,2,0.6,542.8476608224785,3858.2323067409116,73,0,0,active,528,22,3,saas,regular,0.5828639121645527,REMINDER,REMINDER,0.7189451908530051,0,0.0
cus_566,pay_1566,ord_1566,440.0,INR,card,failed,network_timeout,network_timeout,customer,payment_authentication,1000,7,5,2,0.7142857142857143,474.1332925705469,3253.8240760753683,124,3,1,active,918,20,5,retail,vip,0.7526661851438081,REMINDER,REMINDER,0.7676349144840853,1,440.0
cus_567,pay_1567,ord_1567,6730.0,INR,card,failed,temporary_bank_failure,temporary_bank_failure,customer,payment_authentication,91,9,9,0,1.0,4987.684322777996,53722.87965169352,40,0,1,past_due,584,18,6,health,regular,1.0,RETRY,RETRY,0.8835079067502397,1,6730.0
cus_568,pay_1568,ord_1568,1750.0,INR,upi,failed,expired_card,expired_card,customer,payment_authentication,252,7,5,2,0.7142857142857143,1676.164094897794,15714.454915026667,9,1,0,active,414,4,2,education,regular,0.410375656646539,HUMAN_ESCALATION,ALTERNATIVE_PAYMENT_METHOD,0.38181736556909346,0,0.0
cus_569,pay_1569,ord_1569,2910.0,INR,upi,failed,card_declined,card_declined,customer,payment_authentication,1249,8,3,5,0.375,3367.0490948794327,50251.197065292414,139,1,1,past_due,832,9,5,health,regular,0.5888720961222913,CUSTOMER_NOTIFICATION,REMINDER,0.6241533182908531,1,2910.0
cus_570,pay_1570,ord_1570,2230.0,INR,upi,failed,insufficient_funds,insufficient_funds,customer,payment_authentication,1478,7,6,1,0.8571428571428571,2610.047188746242,14082.579068693738,14,0,1,none,335,9,2,health,new,0.8166273159793933,REMINDER,REMINDER,0.7015764537422424,1,2230.0
cus_571,pay_1571,ord_1571,2350.0,INR,upi,failed,network_timeout,network_timeout,customer,payment_authentication,1357,9,6,3,0.6666666666666666,2410.9226509609725,45446.1988138516,84,1,0,active,927,4,0,health,regular,0.5594032365115051,NO_ACTION,RETRY,0.6522665551021679,0,0.0
cus_572,pay_1572,ord_1572,2550.0,INR,upi,failed,temporary_bank_failure,temporary_bank_failure,customer,payment_authentication,1175,6,4,2,0.6666666666666666,3118.9901243395693,24763.011152338673,120,0,1,active,72,7,2,health,regular,0.6288632051353793,RETRY,RETRY,0.6577040575870796,1,2550.0
cus_573,pay_1573,ord_1573,3630.0,INR,netbanking,failed,insufficient_funds,insufficient_funds,customer,payment_authentication,192,6,5,1,0.8333333333333334,4184.882961424364,32350.540756393348,113,2,1,active,895,18,2,education,new,0.2583316508659232,ALTERNATIVE_PAYMENT_METHOD,NO_ACTION,0.4200614853302557,0,0.0
cus_574,pay_1574,ord_1574,840.0,INR,card,failed,network_timeout,network_timeout,customer,payment_authentication,463,8,5,3,0.625,989.8363185060339,6500.4342581478895,18,0,1,none,122,14,6,saas,regular,0.8433735458335347,RETRY,RETRY,0.7549835870383605,1,840.0
cus_575,pay_1575,ord_1575,5900.0,INR,card,failed,temporary_bank_failure,temporary_bank_failure,customer,payment_authentication,1271,8,8,0,1.0,6937.10948031042,42097.095186000464,109,1,0,active,466,1,1,retail,regular,0.9408921018204339,ALTERNATIVE_PAYMENT_METHOD,RETRY,0.8848824566760128,1,5900.0
cus_576,pay_1576,ord_1576,860.0,INR,netbanking,failed,network_timeout,network_timeout,customer,payment_authentication,1069,9,8,1,0.8888888888888888,977.9559099267516,12107.082279228716,2,1,1,none,213,16,3,health,regular,0.8354943201877223,RETRY,RETRY,0.7792373930461853,1,860.0
cus_577,pay_1577,ord_1577,2300.0,INR,netbanking,failed,temporary_bank_failure,temporary_bank_failure,customer,payment_authentication,1250,8,6,2,0.75,2791.6078124641517,30598.686702487674,6,0,0,past_due,712,6,6,saas,regular,0.8639269323840154,REMINDER,RETRY,0.8509075329902736,1,2300.0
cus_578,pay_1578,ord_1578,550.0,INR,wallet,failed,expired_card,expired_card,customer,payment_authentication,616,8,4,4,0.5,416.9697523542797,6258.4111411267395,42,0,0,past_due,465,1,1,health,regular,0.45578529500278386,NO_ACTION,ALTERNATIVE_PAYMENT_METHOD,0.4476566811922032,0,0.0
cus_579,pay_1579,ord_1579,1530.0,INR,netbanking,failed,temporary_bank_failure,temporary_bank_failure,customer,payment_authentication,865,5,5,0,1.0,1533.4494194546805,9854.999118046244,127,0,0,none,752,1,1,retail,vip,0.90969576670721,NO_ACTION,RETRY,0.8988885976636634,1,1530.0
cus_580,pay_1580,ord_1580,930.0,INR,netbanking,failed,card_declined,card_declined,customer,payment_authentication,1105,8,6,2,0.75,1111.5946442427044,6002.982718248017,38,0,2,none,563,2,4,health,regular,0.5904447461205518,RETRY,REMINDER,0.559953105637534,1,930.0
cus_581,pay_1581,ord_1581,1850.0,INR,card,failed,network_timeout,network_timeout,customer,payment_authentication,1175,5,5,0,1.0,1416.3298860834777,11618.14881828908,148,0,0,active,346,5,5,saas,regular,0.958392238783752,NO_ACTION,RETRY,0.9453713524992031,1,1850.0
cus_582,pay_1582,ord_1582,3770.0,INR,upi,failed,network_timeout,network_timeout,customer,payment_authentication,1088,4,3,1,0.75,2990.051713678267,30711.717779392933,24,1,1,active,732,15,1,retail,regular,0.5531653044505541,ALTERNATIVE_PAYMENT_METHOD,RETRY,0.6463193655679694,1,3770.0
cus_583,pay_1583,ord_1583,1950.0,INR,card,failed,upi_error,upi_error,customer,payment_authentication,60,10,8,2,0.8,1834.8833138624111,31913.72020496777,84,0,0,active,303,7,4,health,regular,0.630571867888582,HUMAN_ESCALATION,RETRY,0.8563926996486073,1,1950.0
cus_584,pay_1584,ord_1584,12850.0,INR,upi,failed,card_declined,card_declined,customer,payment_authentication,304,5,4,1,0.8,13343.882248663102,69815.90949749989,86,1,1,past_due,225,21,4,retail,new,1.0,RETRY,REMINDER,0.8664488510740885,1,12850.0
cus_585,pay_1585,ord_1585,4010.0,INR,wallet,failed,network_timeout,network_timeout,customer,payment_authentication,744,5,2,3,0.4,4548.718897893174,41659.16078917871,104,0,0,none,821,8,5,health,regular,0.7744349989277123,RETRY,RETRY,0.8392764346999422,1,4010.0
cus_586,pay_1586,ord_1586,1440.0,INR,card,failed,expired_card,expired_card,customer,payment_authentication,1048,2,1,1,0.5,1492.5548483713276,3857.909002621964,68,0,0,active,994,1,4,retail,new,0.585686794296575,CUSTOMER_NOTIFICATION,ALTERNATIVE_PAYMENT_METHOD,0.6032509779718459,1,1440.0
cus_587,pay_1587,ord_1587,1660.0,INR,upi,failed,upi_error,upi_error,customer,payment_authentication,1450,12,10,2,0.8333333333333334,1377.764600770063,37421.90020938328,25,0,0,none,535,3,4,retail,new,0.9694600999152725,REMINDER,RETRY,0.8581116191787932,1,1660.0
cus_588,pay_1588,ord_1588,2640.0,INR,card,failed,card_declined,card_declined,customer,payment_authentication,452,4,0,4,0.0,3191.0687411048934,18036.58880885287,130,0,0,active,959,5,2,education,new,0.4029684711840291,ALTERNATIVE_PAYMENT_METHOD,NO_ACTION,0.36927873429462427,0,0.0
cus_589,pay_1589,ord_1589,3660.0,INR,card,failed,network_timeout,network_timeout,customer,payment_authentication,1163,7,6,1,0.8571428571428571,3143.900049547104,47785.479182666815,118,0,1,none,223,14,2,retail,new,0.6850901250311051,REMINDER,RETRY,0.8281310663775444,1,3660.0
cus_590,pay_1590,ord_1590,530.0,INR,card,failed,temporary_bank_failure,temporary_bank_failure,customer,payment_authentication,996,10,7,3,0.7,643.8515364938094,4710.214117642509,118,1,1,active,4,12,2,health,new,0.4526834091337211,ALTERNATIVE_PAYMENT_METHOD,RETRY,0.5691618236109326,1,530.0
cus_591,pay_1591,ord_1591,3420.0,INR,card,failed,expired_card,expired_card,customer,payment_authentication,402,11,7,4,0.6363636363636364,3409.8869148169388,68261.17733434791,169,0,1,none,880,23,3,education,regular,0.4939482730619661,RETRY,ALTERNATIVE_PAYMENT_METHOD,0.4059199116144374,0,0.0
cus_592,pay_1592,ord_1592,540.0,INR,wallet,failed,network_timeout,network_timeout,customer,payment_authentication,260,6,3,3,0.5,391.11442726911883,6191.247470350635,159,1,0,none,831,3,3,health,new,0.7499922385176736,ALTERNATIVE_PAYMENT_METHOD,RETRY,0.6902988514193164,1,540.0
cus_593,pay_1593,ord_1593,3100.0,INR,upi,failed,temporary_bank_failure,temporary_bank_failure,customer,payment_authentication,935,8,6,2,0.75,3061.964399214145,25886.43741528851,128,1,1,none,494,2,1,education,vip,0.44781066877277725,ALTERNATIVE_PAYMENT_METHOD,RETRY,0.49944329732907466,1,3100.0
cus_594,pay_1594,ord_1594,5430.0,INR,netbanking,failed,temporary_bank_failure,temporary_bank_failure,customer,payment_authentication,492,12,8,4,0.6666666666666666,5931.915773005725,62034.60034736752,78,1,0,active,855,12,5,health,new,0.8057529443812043,RETRY,RETRY,0.8098851119598102,1,5430.0
cus_595,pay_1595,ord_1595,2440.0,INR,upi,failed,upi_error,upi_error,customer,payment_authentication,319,4,3,1,0.75,2996.260429146114,20414.319004893983,2,0,1,none,872,17,1,education,regular,0.7679894552291742,ALTERNATIVE_PAYMENT_METHOD,RETRY,0.7641411311625155,1,2440.0
cus_596,pay_1596,ord_1596,180.0,INR,card,failed,insufficient_funds,insufficient_funds,customer,payment_authentication,328,3,2,1,0.6666666666666666,188.87011367853282,893.5225452248775,39,0,0,none,360,9,1,retail,regular,0.3776959101064373,HUMAN_ESCALATION,NO_ACTION,0.35294054360147054,0,0.0
cus_597,pay_1597,ord_1597,300.0,INR,card,failed,temporary_bank_failure,temporary_bank_failure,customer,payment_authentication,333,4,2,2,0.5,388.4585364269233,2312.9880587074103,55,1,1,active,164,4,0,health,regular,0.8032894413950088,NO_ACTION,RETRY,0.7612070446147378,1,300.0
cus_598,pay_1598,ord_1598,3170.0,INR,netbanking,failed,insufficient_funds,insufficient_funds,customer,payment_authentication,137,8,7,1,0.875,2943.169286967484,20306.689921035937,53,0,0,active,614,10,1,retail,new,0.41653794582440246,REMINDER,NO_ACTION,0.4554215963805881,0,0.0
cus_599,pay_1599,ord_1599,160.0,INR,card,failed,insufficient_funds,insufficient_funds,customer,payment_authentication,284,7,6,1,0.8571428571428571,135.5875424464306,1201.591709348949,171,1,1,none,890,15,6,retail,vip,0.4417206663339523,HUMAN_ESCALATION,NO_ACTION,0.371632020776053,0,0.0
cus_600,pay_1600,ord_1600,3330.0,INR,wallet,failed,card_declined,card_declined,customer,payment_authentication,1463,9,6,3,0.6666666666666666,3216.8347894186077,55601.067786239415,11,1,1,none,578,11,6,health,new,0.5180534232238192,CUSTOMER_NOTIFICATION,NO_ACTION,0.4586598373273293,0,0.0
cus_601,pay_1601,ord_1601,4840.0,INR,card,failed,upi_error,upi_error,customer,payment_authentication,285,4,4,0,1.0,5300.070085880824,23196.325741495737,120,0,1,none,404,3,1,retail,new,0.9537277073525733,RETRY,RETRY,0.8665438017443223,1,4840.0
cus_602,pay_1602,ord_1602,5630.0,INR,upi,failed,upi_error,upi_error,customer,payment_authentication,613,6,3,3,0.5,4261.846808332123,31700.08820827281,87,0,2,past_due,233,1,1,saas,new,0.7406944059700704,REMINDER,RETRY,0.6636240044422341,1,5630.0
cus_603,pay_1603,ord_1603,1420.0,INR,netbanking,failed,card_declined,card_declined,customer,payment_authentication,749,6,5,1,0.8333333333333334,1070.6854148199338,9220.632361509077,58,1,1,past_due,292,21,0,saas,regular,0.8245118720857283,RETRY,REMINDER,0.749980516183417,0,0.0
cus_604,pay_1604,ord_1604,2800.0,INR,card,failed,card_declined,card_declined,customer,payment_authentication,1053,12,9,3,0.75,3008.8192042704973,64869.24138655914,132,1,0,none,766,8,2,education,new,0.32444764022838396,REMINDER,NO_ACTION,0.3699197862171378,0,0.0
cus_605,pay_1605,ord_1605,2230.0,INR,card,failed,insufficient_funds,insufficient_funds,customer,payment_authentication,465,8,5,3,0.625,2074.5621264156252,23090.329797686383,108,0,0,active,368,0,1,saas,regular,0.9430532720400823,NO_ACTION,REMINDER,0.9554575457204616,1,2230.0
cus_606,pay_1606,ord_1606,410.0,INR,wallet,failed,network_timeout,network_timeout,customer,payment_authentication,1240,9,5,4,0.5555555555555556,479.67284073516737,5695.302589362952,151,0,0,active,505,10,0,retail,regular,0.4615701747227132,ALTERNATIVE_PAYMENT_METHOD,RETRY,0.5467094558898536,0,0.0
cus_607,pay_1607,ord_1607,3810.0,INR,card,failed,temporary_bank_failure,temporary_bank_failure,customer,payment_authentication,1167,5,3,2,0.6,3269.8046039221686,33164.02317372384,29,1,0,none,602,5,1,retail,vip,0.959279439961211,HUMAN_ESCALATION,RETRY,0.9391707448713881,1,3810.0
cus_608,pay_1608,ord_1608,7260.0,INR,upi,failed,temporary_bank_failure,temporary_bank_failure,customer,payment_authentication,763,8,7,1,0.875,6970.078440027247,77390.67514183072,48,0,0,past_due,301,4,1,retail,regular,0.8445636009797882,CUSTOMER_NOTIFICATION,RETRY,0.9247065932087244,1,7260.0
cus_609,pay_1609,ord_1609,3600.0,INR,upi,failed,upi_error,upi_error,customer,payment_authentication,1341,5,4,1,0.8,3632.4395854604213,17751.039789583567,166,0,1,past_due,300,15,0,health,new,0.8420891784452672,RETRY,RETRY,0.7950984323175382,1,3600.0
cus_610,pay_1610,ord_1610,1090.0,INR,card,failed,network_timeout,network_timeout,customer,payment_authentication,523,4,2,2,0.5,1379.2970666173023,5634.458487658109,156,0,2,none,720,16,2,health,regular,0.8386274581617222,RETRY,RETRY,0.7186791379529663,1,1090.0
cus_611,pay_1611,ord_1611,3790.0,INR,netbanking,failed,insufficient_funds,insufficient_funds,customer,payment_authentication,731,5,2,3,0.4,2669.6949037735326,20583.221076959453,70,0,0,none,643,16,4,saas,new,0.45176810025391284,NO_ACTION,NO_ACTION,0.45183730094468877,0,0.0
cus_612,pay_1612,ord_1612,6620.0,INR,netbanking,failed,card_declined,card_declined,customer,payment_authentication,897,10,7,3,0.7,5495.899285937292,137074.6288949075,72,2,1,active,776,21,6,saas,vip,0.5012802163832752,CUSTOMER_NOTIFICATION,REMINDER,0.5554188975925792,0,0.0
cus_613,pay_1613,ord_1613,5800.0,INR,card,failed,expired_card,expired_card,customer,payment_authentication,287,8,6,2,0.75,4380.263121276439,86762.3444995848,34,0,1,active,504,10,4,education,regular,0.6363544721587835,ALTERNATIVE_PAYMENT_METHOD,ALTERNATIVE_PAYMENT_METHOD,0.5869512643116633,1,5800.0
cus_614,pay_1614,ord_1614,5050.0,INR,netbanking,failed,insufficient_funds,insufficient_funds,customer,payment_authentication,123,7,5,2,0.7142857142857143,6538.689004279173,71506.6946475855,14,0,1,active,10,17,5,health,regular,0.8723458232822766,ALTERNATIVE_PAYMENT_METHOD,REMINDER,0.769117523221208,1,5050.0
cus_615,pay_1615,ord_1615,370.0,INR,card,failed,insufficient_funds,insufficient_funds,customer,payment_authentication,1497,8,6,2,0.75,288.35070593592957,5847.225975346963,13,0,1,active,655,5,4,retail,regular,0.5452335149513043,HUMAN_ESCALATION,REMINDER,0.6200098872853227,1,370.0
cus_616,pay_1616,ord_1616,2690.0,INR,card,failed,temporary_bank_failure,temporary_bank_failure,customer,payment_authentication,73,5,4,1,0.8,3211.6390268126006,11343.630998647172,1,0,1,none,13,15,4,retail,regular,0.6817752243610105,REMINDER,RETRY,0.6702205436566171,1,2690.0
cus_617,pay_1617,ord_1617,3450.0,INR,upi,failed,expired_card,expired_card,customer,payment_authentication,71,9,8,1,0.8888888888888888,3491.52815141627,57742.98058904707,6,1,0,active,337,14,6,health,vip,0.7264765727831662,CUSTOMER_NOTIFICATION,ALTERNATIVE_PAYMENT_METHOD,0.6951165038356882,0,0.0
cus_618,pay_1618,ord_1618,5110.0,INR,wallet,failed,insufficient_funds,insufficient_funds,customer,payment_authentication,153,8,8,0,1.0,5975.945026792599,61013.66564824489,67,0,2,none,739,8,6,retail,regular,0.7712613719995609,CUSTOMER_NOTIFICATION,REMINDER,0.7990628962001942,1,5110.0
cus_619,pay_1619,ord_1619,3030.0,INR,card,failed,expired_card,expired_card,customer,payment_authentication,824,2,1,1,0.5,2669.5110149327493,15516.870834331397,116,1,0,none,259,23,0,education,regular,0.37618744004209054,HUMAN_ESCALATION,ALTERNATIVE_PAYMENT_METHOD,0.32489873670914393,1,3030.0
cus_620,pay_1620,ord_1620,8540.0,INR,card,failed,temporary_bank_failure,temporary_bank_failure,customer,payment_authentication,403,9,7,2,0.7777777777777778,8414.278220286402,166341.8056961302,115,2,0,past_due,871,22,3,health,regular,0.49780237722778453,NO_ACTION,REMINDER,0.6615624287547887,1,8540.0
cus_621,pay_1621,ord_1621,290.0,INR,upi,failed,upi_error,upi_error,customer,payment_authentication,330,10,8,2,0.8,373.15138169582207,3716.4507574894938,122,1,1,past_due,673,15,4,saas,new,0.7832020678834318,REMINDER,RETRY,0.7488157030195299,0,0.0
cus_622,pay_1622,ord_1622,3160.0,INR,netbanking,failed,card_declined,card_declined,customer,payment_authentication,1290,6,3,3,0.5,2392.499182172228,32875.210201010326,116,0,0,none,904,4,6,saas,regular,0.9090470569839586,NO_ACTION,REMINDER,0.7296924723272692,1,3160.0
cus_623,pay_1623,ord_1623,2920.0,INR,card,failed,network_timeout,network_timeout,customer,payment_authentication,1406,9,8,1,0.8888888888888888,3131.3871767003916,32002.713562476572,118,1,0,none,529,4,4,saas,regular,0.8155986993314059,CUSTOMER_NOTIFICATION,RETRY,0.7595574867304171,1,2920.0
cus_624,pay_1624,ord_1624,4460.0,INR,card,failed,temporary_bank_failure,temporary_bank_failure,customer,payment_authentication,1314,5,3,2,0.6,5686.485846248234,49825.752123116356,69,0,0,none,459,15,1,education,regular,0.8750778036398748,REMINDER,RETRY,0.8712479861463844,1,4460.0
cus_625,pay_1625,ord_1625,8450.0,INR,upi,failed,card_declined,card_declined,customer,payment_authentication,488,5,3,2,0.6,6557.236114299077,52232.65367094155,56,0,0,active,142,21,5,health,regular,0.6598183022125952,REMINDER,REMINDER,0.7814319723007624,1,8450.0
cus_626,pay_1626,ord_1626,740.0,INR,card,failed,network_timeout,network_timeout,customer,payment_authentication,128,5,3,2,0.6,890.976886788741,5135.420087067834,76,2,0,none,899,3,6,saas,vip,0.6835089142871303,HUMAN_ESCALATION,REMINDER,0.7178165270347799,0,0.0
cus_627,pay_1627,ord_1627,8170.0,INR,card,failed,insufficient_funds,insufficient_funds,customer,payment_authentication,1437,4,2,2,0.5,7072.538576206465,75749.34897461481,142,0,0,past_due,652,17,2,education,regular,0.6995986399988281,ALTERNATIVE_PAYMENT_METHOD,REMINDER,0.6687058637633064,1,8170.0
cus_628,pay_1628,ord_1628,4080.0,INR,card,failed,temporary_bank_failure,temporary_bank_failure,customer,payment_authentication,819,7,4,3,0.5714285714285714,3347.2194543722653,27127.278458832276,97,1,0,none,816,13,2,saas,regular,0.5471653370280809,CUSTOMER_NOTIFICATION,RETRY,0.5378323556348564,0,0.0
cus_629,pay_1629,ord_1629,1500.0,INR,upi,failed,insufficient_funds,insufficient_funds,customer,payment_authentication,1459,5,4,1,0.8,1199.8425033730848,12079.978912196993,151,0,1,active,276,14,2,saas,new,0.6346576523298946,RETRY,REMINDER,0.7580719811030017,0,0.0
cus_630,pay_1630,ord_1630,730.0,INR,upi,failed,insufficient_funds,insufficient_funds,customer,payment_authentication,251,9,6,3,0.6666666666666666,833.204295082809,10626.399946212632,59,0,0,active,206,3,4,health,regular,0.5790106950945473,HUMAN_ESCALATION,REMINDER,0.554082639478794,0,0.0
cus_631,pay_1631,ord_1631,2200.0,INR,netbanking,failed,insufficient_funds,insufficient_funds,customer,payment_authentication,1414,11,6,5,0.5454545454545454,1587.2587532987716,38351.90339351795,108,0,1,active,364,4,2,retail,new,0.5843159818002017,CUSTOMER_NOTIFICATION,REMINDER,0.6700625868175951,1,2200.0
cus_632,pay_1632,ord_1632,2410.0,INR,upi,failed,insufficient_funds,insufficient_funds,customer,payment_authentication,465,10,8,2,0.8,2295.063282052777,22695.102705787227,115,1,1,none,475,10,4,retail,regular,0.40285341644885936,REMINDER,NO_ACTION,0.4603075560430666,0,0.0
cus_633,pay_1633,ord_1633,2540.0,INR,upi,failed,insufficient_funds,insufficient_funds,customer,payment_authentication,1189,10,7,3,0.7,2840.130872755468,20992.379437406733,110,1,1,none,855,7,2,retail,regular,0.5143217209554413,RETRY,NO_ACTION,0.42463232323819317,0,0.0
cus_634,pay_1634,ord_1634,970.0,INR,wallet,failed,card_declined,card_declined,customer,payment_authentication,166,8,7,1,0.875,760.264087358744,10839.469923736944,19,0,0,active,267,15,3,retail,regular,0.5263330330697531,CUSTOMER_NOTIFICATION,REMINDER,0.5501937507453253,0,0.0
cus_635,pay_1635,ord_1635,3330.0,INR,upi,failed,temporary_bank_failure,temporary_bank_failure,customer,payment_authentication,1112,13,9,4,0.6923076923076923,2778.710454779777,60140.58130414787,34,4,1,none,202,11,4,retail,regular,0.1922311959571409,REMINDER,NO_ACTION,0.2568510581290789,0,0.0
cus_636,pay_1636,ord_1636,1210.0,INR,upi,failed,insufficient_funds,insufficient_funds,customer,payment_authentication,710,9,8,1,0.8888888888888888,957.6986083177449,23298.107464243465,111,0,0,none,119,15,1,saas,regular,0.5065030823555703,CUSTOMER_NOTIFICATION,REMINDER,0.6049704560957302,1,1210.0
cus_637,pay_1637,ord_1637,6100.0,INR,wallet,failed,card_declined,card_declined,customer,payment_authentication,1429,13,9,4,0.6923076923076923,4365.54933825967,143673.76094500665,154,0,2,past_due,430,14,1,saas,regular,0.4689963295794108,RETRY,NO_ACTION,0.5405218393891325,0,0.0
cus_638,pay_1638,ord_1638,10000.0,INR,card,failed,temporary_bank_failure,temporary_bank_failure,customer,payment_authentication,222,5,4,1,0.8,9739.042839411599,88693.57490784796,87,0,0,active,104,23,1,education,regular,0.8347370059397028,HUMAN_ESCALATION,RETRY,0.8886895516832769,1,10000.0
cus_639,pay_1639,ord_1639,800.0,INR,upi,failed,temporary_bank_failure,temporary_bank_failure,customer,payment_authentication,336,8,7,1,0.875,798.4432673564356,7006.663351100246,15,0,0,none,85,8,6,education,regular,0.7528280480105078,CUSTOMER_NOTIFICATION,RETRY,0.6670290418454871,1,800.0
cus_640,pay_1640,ord_1640,1920.0,INR,netbanking,failed,temporary_bank_failure,temporary_bank_failure,customer,payment_authentication,954,10,8,2,0.8,2433.445827550546,39534.17637811227,156,1,0,active,357,8,4,education,new,0.6674757404626709,NO_ACTION,RETRY,0.670678633843138,1,1920.0
cus_641,pay_1641,ord_1641,4780.0,INR,card,failed,temporary_bank_failure,temporary_bank_failure,customer,payment_authentication,1215,7,4,3,0.5714285714285714,5434.121379953638,36388.65872972113,144,0,2,active,450,15,6,saas,new,0.8909046840841177,ALTERNATIVE_PAYMENT_METHOD,RETRY,0.7704858621287578,1,4780.0
cus_642,pay_1642,ord_1642,2380.0,INR,upi,failed,expired_card,expired_card,customer,payment_authentication,1332,2,1,1,0.5,3051.3797767398896,13791.536820574425,145,0,0,active,412,13,1,education,regular,0.6711884444155508,ALTERNATIVE_PAYMENT_METHOD,ALTERNATIVE_PAYMENT_METHOD,0.7880158296967955,0,0.0
cus_643,pay_1643,ord_1643,470.0,INR,card,failed,temporary_bank_failure,temporary_bank_failure,customer,payment_authentication,171,9,9,0,1.0,542.4477300648667,9069.665467788142,75,0,0,active,921,3,2,education,new,0.891483702258598,ALTERNATIVE_PAYMENT_METHOD,RETRY,0.7623934861253997,1,470.0
cus_644,pay_1644,ord_1644,4290.0,INR,card,failed,insufficient_funds,insufficient_funds,customer,payment_authentication,11,2,2,0,1.0,5522.332525985591,25370.113702335002,116,0,0,active,917,6,2,retail,vip,0.5076589927417233,CUSTOMER_NOTIFICATION,NO_ACTION,0.5226238792475839,0,0.0
cus_645,pay_1645,ord_1645,990.0,INR,upi,failed,upi_error,upi_error,customer,payment_authentication,543,4,2,2,0.5,840.4330668335577,5286.225446728557,17,0,1,active,558,19,6,education,new,0.45944998018628275,ALTERNATIVE_PAYMENT_METHOD,RETRY,0.4820567746750011,1,990.0
cus_646,pay_1646,ord_1646,2210.0,INR,card,failed,upi_error,upi_error,customer,payment_authentication,147,5,4,1,0.8,1769.2343668176281,11651.97669990442,4,0,0,active,939,2,4,retail,regular,0.6656631733157046,HUMAN_ESCALATION,RETRY,0.6894160816237819,0,0.0
cus_647,pay_1647,ord_1647,670.0,INR,netbanking,failed,temporary_bank_failure,temporary_bank_failure,customer,payment_authentication,603,7,6,1,0.8571428571428571,626.304990250649,8133.323323869619,11,0,2,past_due,868,4,3,health,regular,0.9484644871960776,RETRY,RETRY,0.7225049163843726,1,670.0
cus_648,pay_1648,ord_1648,4000.0,INR,wallet,failed,insufficient_funds,insufficient_funds,customer,payment_authentication,715,3,2,1,0.6666666666666666,3980.2647011337644,19994.931640398292,76,1,2,past_due,47,17,3,health,regular,0.7737437647804769,RETRY,REMINDER,0.8214150108620815,1,4000.0
cus_649,pay_1649,ord_1649,1190.0,INR,netbanking,failed,expired_card,expired_card,customer,payment_authentication,1492,11,6,5,0.5454545454545454,1421.8065164227241,17208.102646952746,177,0,1,past_due,542,22,0,education,regular,0.9115998700507041,NO_ACTION,ALTERNATIVE_PAYMENT_METHOD,0.704517143500296,1,1190.0
cus_650,pay_1650,ord_1650,4450.0,INR,card,failed,network_timeout,network_timeout,customer,payment_authentication,51,6,5,1,0.8333333333333334,4560.667297298108,44332.708939761666,9,1,0,active,348,20,2,saas,regular,0.8197140902039872,NO_ACTION,RETRY,0.7333651449983085,1,4450.0
cus_651,pay_1651,ord_1651,1460.0,INR,card,failed,network_timeout,network_timeout,customer,payment_authentication,482,6,4,2,0.6666666666666666,1856.364874852883,16314.22077540919,102,2,2,active,58,17,6,health,new,0.7183519965909042,ALTERNATIVE_PAYMENT_METHOD,REMINDER,0.8288685626546947,0,0.0
cus_652,pay_1652,ord_1652,1120.0,INR,card,failed,temporary_bank_failure,temporary_bank_failure,customer,payment_authentication,508,5,5,0,1.0,977.8881136946341,7605.439835810958,136,0,0,none,654,6,1,education,new,0.670443952182784,CUSTOMER_NOTIFICATION,RETRY,0.7666075314797288,0,0.0
cus_653,pay_1653,ord_1653,2730.0,INR,card,failed,temporary_bank_failure,temporary_bank_failure,customer,payment_authentication,832,1,0,1,0.0,2859.262473071875,6200.64601233609,79,0,0,active,504,18,2,health,regular,0.46640875091582457,HUMAN_ESCALATION,RETRY,0.44720649565115916,0,0.0
cus_654,pay_1654,ord_1654,620.0,INR,wallet,failed,insufficient_funds,insufficient_funds,customer,payment_authentication,481,13,8,5,0.6153846153846154,676.4151464118675,12963.300702537836,9,1,1,none,611,9,2,education,regular,0.4048233361891831,CUSTOMER_NOTIFICATION,NO_ACTION,0.3944441124024344,0,0.0
cus_655,pay_1655,ord_1655,10920.0,INR,upi,failed,network_timeout,network_timeout,customer,payment_authentication,950,8,6,2,0.75,8665.238245254905,77906.85778819573,166,1,1,none,232,7,0,education,vip,0.8253165413967253,NO_ACTION,RETRY,0.8651499428766337,1,10920.0
cus_656,pay_1656,ord_1656,2180.0,INR,card,failed,network_timeout,network_timeout,customer,payment_authentication,1273,4,1,3,0.25,2553.4513690800213,17548.24221339954,161,4,2,active,841,6,3,retail,new,0.19159563435958715,NO_ACTION,NO_ACTION,0.24511920667433762,0,0.0
cus_657,pay_1657,ord_1657,1030.0,INR,netbanking,failed,temporary_bank_failure,temporary_bank_failure,customer,payment_authentication,1017,7,6,1,0.8571428571428571,1116.1490490510998,14327.011622203316,83,0,2,active,432,7,1,education,regular,1.0,RETRY,RETRY,0.9210578210569595,1,1030.0
cus_658,pay_1658,ord_1658,1210.0,INR,card,failed,card_declined,card_declined,customer,payment_authentication,991,11,7,4,0.6363636363636364,986.3263717956563,26770.202911501423,151,1,0,none,237,15,4,saas,regular,0.5934864511293219,ALTERNATIVE_PAYMENT_METHOD,REMINDER,0.5780957382677893,1,1210.0
cus_659,pay_1659,ord_1659,1840.0,INR,card,failed,temporary_bank_failure,temporary_bank_failure,customer,payment_authentication,181,8,5,3,0.625,1744.5198300895727,27820.515292420314,152,0,0,none,237,19,5,retail,regular,0.9091843252821576,HUMAN_ESCALATION,RETRY,0.8621579331149702,1,1840.0
cus_660,pay_1660,ord_1660,4890.0,INR,card,failed,card_declined,card_declined,customer,payment_authentication,1330,7,4,3,0.5714285714285714,5302.9713758918915,53154.9492594162,117,0,2,none,276,15,3,education,regular,0.34248025005812965,NO_ACTION,NO_ACTION,0.3307470907414164,1,4890.0
cus_661,pay_1661,ord_1661,740.0,INR,upi,failed,upi_error,upi_error,customer,payment_authentication,839,9,6,3,0.6666666666666666,843.626913533948,13586.094281487514,153,1,0,active,113,20,1,health,new,0.4196506509541815,RETRY,RETRY,0.4153160677269686,1,740.0
cus_662,pay_1662,ord_1662,1250.0,INR,netbanking,failed,expired_card,expired_card,customer,payment_authentication,248,9,8,1,0.8888888888888888,1188.0267072665972,16728.552305535948,125,2,1,none,867,6,5,education,new,0.451910398079246,ALTERNATIVE_PAYMENT_METHOD,ALTERNATIVE_PAYMENT_METHOD,0.23645984037938234,0,0.0
cus_663,pay_1663,ord_1663,1720.0,INR,card,failed,temporary_bank_failure,temporary_bank_failure,customer,payment_authentication,952,12,11,1,0.9166666666666666,1949.6071188728845,38531.010607385695,135,1,0,none,211,14,5,health,new,0.7958916770025631,NO_ACTION,RETRY,0.7385805624215945,1,1720.0
cus_664,pay_1664,ord_1664,8450.0,INR,wallet,failed,card_declined,card_declined,customer,payment_authentication,730,9,8,1,0.8888888888888888,7236.626752540575,66137.74644555584,19,0,0,none,740,16,2,retail,regular,0.7606031095936441,ALTERNATIVE_PAYMENT_METHOD,NO_ACTION,0.4975742058228812,0,0.0
cus_665,pay_1665,ord_1665,4910.0,INR,netbanking,failed,insufficient_funds,insufficient_funds,customer,payment_authentication,1355,4,2,2,0.5,4335.538176147858,39813.89702581386,17,1,1,none,401,9,5,saas,new,0.7468725188833419,ALTERNATIVE_PAYMENT_METHOD,REMINDER,0.6690367317425522,0,0.0
cus_666,pay_1666,ord_1666,8870.0,INR,netbanking,failed,network_timeout,network_timeout,customer,payment_authentication,971,5,4,1,0.8,6271.636211014044,43072.606345340326,28,0,1,none,120,18,3,saas,new,0.7450711718125873,RETRY,RETRY,0.8103025867250572,1,8870.0
cus_667,pay_1667,ord_1667,1870.0,INR,card,failed,insufficient_funds,insufficient_funds,customer,payment_authentication,1435,7,5,2,0.7142857142857143,1856.0404799642286,11010.773464443213,171,1,2,active,822,13,6,retail,regular,0.7227887069824608,REMINDER,REMINDER,0.5984102076113507,0,0.0
cus_668,pay_1668,ord_1668,7580.0,INR,card,failed,network_timeout,network_timeout,customer,payment_authentication,1462,8,8,0,1.0,6162.551006100689,92295.87329855654,74,0,2,active,809,6,4,saas,regular,0.8373903002988412,CUSTOMER_NOTIFICATION,RETRY,0.8450722455464864,1,7580.0
cus_669,pay_1669,ord_1669,6420.0,INR,netbanking,failed,insufficient_funds,insufficient_funds,customer,payment_authentication,353,8,6,2,0.75,6813.098392717477,49418.19788304259,112,0,1,none,769,16,6,education,regular,0.9326647845505898,REMINDER,REMINDER,0.7801917945007462,0,0.0
cus_670,pay_1670,ord_1670,3630.0,INR,card,failed,temporary_bank_failure,temporary_bank_failure,customer,payment_authentication,438,6,5,1,0.8333333333333334,4644.201423277819,28526.622987926952,103,0,0,past_due,366,1,1,saas,regular,0.5024417849948122,REMINDER,RETRY,0.5700475959873792,1,3630.0
cus_671,pay_1671,ord_1671,3930.0,INR,upi,failed,insufficient_funds,insufficient_funds,customer,payment_authentication,316,9,6,3,0.6666666666666666,5108.175230882185,67066.01836879094,73,0,1,past_due,36,18,1,retail,regular,0.49352053833305665,NO_ACTION,REMINDER,0.6520147778236396,0,0.0
cus_672,pay_1672,ord_1672,1000.0,INR,netbanking,failed,temporary_bank_failure,temporary_bank_failure,customer,payment_authentication,346,7,5,2,0.7142857142857143,924.6427713283072,11322.948693696504,127,1,0,none,783,4,5,health,new,0.7658596075851464,RETRY,RETRY,0.7556469041061747,1,1000.0
cus_673,pay_1673,ord_1673,11250.0,INR,card,failed,insufficient_funds,insufficient_funds,customer,payment_authentication,1025,10,9,1,0.9,12826.973512889734,204607.1958805583,137,0,0,none,776,10,3,health,new,0.9772529864124802,REMINDER,REMINDER,0.8304649171117607,0,0.0
cus_674,pay_1674,ord_1674,1410.0,INR,netbanking,failed,card_declined,card_declined,customer,payment_authentication,1423,7,7,0,1.0,1799.7582749509231,19386.016462815398,171,1,2,active,870,18,5,health,new,0.515332012193922,CUSTOMER_NOTIFICATION,REMINDER,0.5783932443020765,1,1410.0
cus_675,pay_1675,ord_1675,3160.0,INR,wallet,failed,temporary_bank_failure,temporary_bank_failure,customer,payment_authentication,734,5,2,3,0.4,3204.4077071756665,25109.31194065962,13,0,1,past_due,30,19,6,health,new,0.5019871497232299,NO_ACTION,RETRY,0.4440018225078586,1,3160.0
cus_676,pay_1676,ord_1676,3560.0,INR,upi,failed,temporary_bank_failure,temporary_bank_failure,customer,payment_authentication,1212,14,10,4,0.7142857142857143,3205.2760719875237,105803.22031224126,64,2,0,none,848,8,2,education,vip,0.7394331674522624,HUMAN_ESCALATION,REMINDER,0.8068308692043789,0,0.0
cus_677,pay_1677,ord_1677,460.0,INR,upi,failed,temporary_bank_failure,temporary_bank_failure,customer,payment_authentication,1115,3,2,1,0.6666666666666666,364.99716572735446,1771.4126420270097,32,0,1,none,75,15,1,saas,new,0.7465686860050207,NO_ACTION,RETRY,0.6521507583748036,0,0.0
cus_678,pay_1678,ord_1678,1720.0,INR,netbanking,failed,temporary_bank_failure,temporary_bank_failure,customer,payment_authentication,391,7,3,4,0.42857142857142855,1385.697481755675,11150.853328319034,98,1,0,none,27,2,1,saas,regular,0.5068617550799009,ALTERNATIVE_PAYMENT_METHOD,RETRY,0.543363065249381,1,1720.0
cus_679,pay_1679,ord_1679,2220.0,INR,upi,failed,network_timeout,network_timeout,customer,payment_authentication,1272,5,4,1,0.8,2691.648186413836,14838.888215419713,121,0,0,past_due,761,20,6,education,new,0.9716130072064773,NO_ACTION,RETRY,0.9447853898761013,1,2220.0
cus_680,pay_1680,ord_1680,1610.0,INR,upi,failed,upi_error,upi_error,customer,payment_authentication,718,3,2,1,0.6666666666666666,1377.1901450821922,10891.732363148463,32,0,1,none,741,5,3,saas,new,0.7367097086390878,REMINDER,RETRY,0.7700232282214595,1,1610.0
cus_681,pay_1681,ord_1681,1740.0,INR,netbanking,failed,temporary_bank_failure,temporary_bank_failure,customer,payment_authentication,17,2,1,1,0.5,1500.5744918100286,4307.085251931531,113,0,0,active,393,19,5,health,regular,0.5268034461838177,RETRY,RETRY,0.6018393305926549,1,1740.0
cus_682,pay_1682,ord_1682,8040.0,INR,upi,failed,network_timeout,network_timeout,customer,payment_authentication,1073,12,10,2,0.8333333333333334,9229.890298662758,136582.89693698418,9,2,1,past_due,730,12,6,retail,regular,0.4579819693355941,NO_ACTION,REMINDER,0.6502480910942624,0,0.0
cus_683,pay_1683,ord_1683,790.0,INR,card,failed,network_timeout,network_timeout,customer,payment_authentication,1318,5,4,1,0.8,949.6464299686173,6838.615689286616,94,0,1,active,321,9,6,education,new,0.7142361280369565,CUSTOMER_NOTIFICATION,RETRY,0.8442231461004601,1,790.0
cus_684,pay_1684,ord_1684,510.0,INR,card,failed,upi_error,upi_error,customer,payment_authentication,368,5,2,3,0.4,420.783273047285,5356.078192319459,175,1,0,active,118,8,6,saas,regular,0.3926710524603667,RETRY,RETRY,0.42051149028107276,1,510.0
cus_685,pay_1685,ord_1685,1010.0,INR,card,failed,insufficient_funds,insufficient_funds,customer,payment_authentication,398,5,4,1,0.8,1124.308865999528,10905.954937402696,121,3,0,active,375,18,2,saas,new,0.45063639230654906,ALTERNATIVE_PAYMENT_METHOD,NO_ACTION,0.405759255602054,0,0.0
cus_686,pay_1686,ord_1686,3810.0,INR,upi,failed,insufficient_funds,insufficient_funds,customer,payment_authentication,1098,10,8,2,0.8,3687.9149643936066,42354.867986398844,140,1,1,active,896,7,4,health,regular,0.9308266801800834,REMINDER,REMINDER,0.7454267478713007,1,3810.0
cus_687,pay_1687,ord_1687,4200.0,INR,upi,failed,expired_card,expired_card,customer,payment_authentication,1454,8,5,3,0.625,3637.3916924637433,39929.02075378475,170,1,1,none,524,14,1,health,vip,0.45507834677559794,ALTERNATIVE_PAYMENT_METHOD,ALTERNATIVE_PAYMENT_METHOD,0.5070592663854626,0,0.0
cus_688,pay_1688,ord_1688,3310.0,INR,upi,failed,network_timeout,network_timeout,customer,payment_authentication,390,9,8,1,0.8888888888888888,3350.186665500515,52600.9840411701,93,1,2,none,732,0,3,education,new,0.8141407101773802,HUMAN_ESCALATION,RETRY,0.8778368454036923,1,3310.0
cus_689,pay_1689,ord_1689,4500.0,INR,card,failed,network_timeout,network_timeout,customer,payment_authentication,645,1,1,0,1.0,5249.222454270816,16359.414481199232,23,1,1,past_due,606,15,6,saas,regular,0.6446263776517338,RETRY,RETRY,0.7771260720571188,0,0.0
cus_690,pay_1690,ord_1690,2340.0,INR,netbanking,failed,expired_card,expired_card,customer,payment_authentication,1019,14,9,5,0.6428571428571429,1777.6860358857887,32252.19866941062,105,0,0,active,657,3,1,retail,regular,0.597599020781494,NO_ACTION,ALTERNATIVE_PAYMENT_METHOD,0.5120431256288563,0,0.0
cus_691,pay_1691,ord_1691,1080.0,INR,wallet,failed,temporary_bank_failure,temporary_bank_failure,customer,payment_authentication,1278,3,3,0,1.0,802.0884962019703,7082.343422344164,61,1,1,active,670,5,1,retail,new,0.5756805626444607,NO_ACTION,RETRY,0.518533440043087,1,1080.0
cus_692,pay_1692,ord_1692,700.0,INR,card,failed,network_timeout,network_timeout,customer,payment_authentication,51,4,4,0,1.0,872.9280609613572,3531.4044814675476,172,0,0,none,107,17,3,retail,new,0.8837463267261721,CUSTOMER_NOTIFICATION,RETRY,0.839000153577343,1,700.0
cus_693,pay_1693,ord_1693,510.0,INR,upi,failed,network_timeout,network_timeout,customer,payment_authentication,300,8,6,2,0.75,651.8021450729511,4291.038328492026,52,0,0,active,96,18,6,health,new,0.8232050976557,REMINDER,RETRY,0.7887384108741822,1,510.0
cus_694,pay_1694,ord_1694,1440.0,INR,upi,failed,insufficient_funds,insufficient_funds,customer,payment_authentication,1341,6,4,2,0.6666666666666666,1464.6783607374073,11479.317105452632,94,2,0,active,121,2,4,retail,regular,0.5006501253651636,REMINDER,NO_ACTION,0.5379740344092853,0,0.0
cus_695,pay_1695,ord_1695,3980.0,INR,upi,failed,card_declined,card_declined,customer,payment_authentication,788,5,2,3,0.4,3128.951906828824,41385.30147380074,168,2,0,active,164,2,1,health,new,0.6132709569235899,NO_ACTION,NO_ACTION,0.4774269672568749,0,0.0
cus_696,pay_1696,ord_1696,2290.0,INR,card,failed,insufficient_funds,insufficient_funds,customer,payment_authentication,1137,8,5,3,0.625,1710.9391005968864,34322.1729588386,134,0,1,active,689,2,6,education,regular,0.783244951162889,ALTERNATIVE_PAYMENT_METHOD,REMINDER,0.8609136813241808,1,2290.0
cus_697,pay_1697,ord_1697,1850.0,INR,netbanking,failed,expired_card,expired_card,customer,payment_authentication,95,6,6,0,1.0,1468.1569867519938,17123.924279198058,33,1,1,none,434,4,2,education,new,0.4835355094699593,RETRY,ALTERNATIVE_PAYMENT_METHOD,0.5309184309717638,1,1850.0
cus_698,pay_1698,ord_1698,630.0,INR,wallet,failed,expired_card,expired_card,customer,payment_authentication,137,9,8,1,0.8888888888888888,547.833413633232,10259.194435214418,156,0,0,active,365,6,3,health,regular,0.6094177785768973,ALTERNATIVE_PAYMENT_METHOD,ALTERNATIVE_PAYMENT_METHOD,0.7110495363362916,1,630.0
cus_699,pay_1699,ord_1699,23840.0,INR,upi,failed,network_timeout,network_timeout,customer,payment_authentication,1102,5,3,2,0.6,26469.896220477163,175595.74819061387,66,1,1,none,864,8,4,saas,new,0.6473485774573731,HUMAN_ESCALATION,RETRY,0.660236475059599,1,23840.0
cus_700,pay_1700,ord_1700,790.0,INR,wallet,failed,upi_error,upi_error,customer,payment_authentication,564,7,4,3,0.5714285714285714,605.2560003607671,6153.544823775474,127,0,1,none,477,12,4,education,new,0.7423887203946109,CUSTOMER_NOTIFICATION,RETRY,0.8199272074983979,1,790.0
cus_701,pay_1701,ord_1701,2040.0,INR,wallet,failed,insufficient_funds,insufficient_funds,customer,payment_authentication,1413,8,8,0,1.0,1595.612381009889,32973.0639628485,163,0,1,none,762,18,6,retail,new,0.5434401231581074,HUMAN_ESCALATION,REMINDER,0.6063781245214513,1,2040.0
cus_702,pay_1702,ord_1702,4930.0,INR,card,failed,insufficient_funds,insufficient_funds,customer,payment_authentication,646,7,6,1,0.8571428571428571,5560.151054925282,30365.93645569115,176,1,0,none,622,1,1,saas,regular,0.607092999055466,HUMAN_ESCALATION,REMINDER,0.7270793213651512,0,0.0
cus_703,pay_1703,ord_1703,1890.0,INR,upi,failed,insufficient_funds,insufficient_funds,customer,payment_authentication,1264,10,9,1,0.9,1614.897836133777,38904.905339131095,120,0,0,none,186,9,3,saas,new,0.5111793158502633,REMINDER,REMINDER,0.607024121190635,0,0.0
cus_704,pay_1704,ord_1704,810.0,INR,upi,failed,temporary_bank_failure,temporary_bank_failure,customer,payment_authentication,815,6,5,1,0.8333333333333334,672.0032822473447,9783.808691043083,132,0,0,past_due,369,0,2,saas,regular,0.7063240885410977,CUSTOMER_NOTIFICATION,RETRY,0.8671833879200684,1,810.0
cus_705,pay_1705,ord_1705,4060.0,INR,wallet,failed,insufficient_funds,insufficient_funds,customer,payment_authentication,1020,5,3,2,0.6,4261.326632812278,39966.35217370494,5,1,0,active,287,14,4,education,regular,0.7326905663481831,CUSTOMER_NOTIFICATION,REMINDER,0.6968827963642847,0,0.0
cus_706,pay_1706,ord_1706,470.0,INR,card,failed,temporary_bank_failure,temporary_bank_failure,customer,payment_authentication,980,9,4,5,0.4444444444444444,351.2182862270205,6767.345959112351,171,0,2,none,717,21,1,education,regular,0.345576812927138,NO_ACTION,RETRY,0.4318002697956759,0,0.0
cus_707,pay_1707,ord_1707,10320.0,INR,upi,failed,insufficient_funds,insufficient_funds,customer,payment_authentication,179,6,6,0,1.0,11119.426042796737,126637.98496303517,172,2,0,active,378,22,2,health,new,0.5521891980454904,REMINDER,NO_ACTION,0.3910691921518262,0,0.0
cus_708,pay_1708,ord_1708,2400.0,INR,netbanking,failed,temporary_bank_failure,temporary_bank_failure,customer,payment_authentication,1191,4,3,1,0.75,1707.6822009797856,8840.22935059031,38,0,0,none,565,1,4,health,vip,0.8951708150985426,REMINDER,RETRY,0.8004735197987797,1,2400.0
cus_709,pay_1709,ord_1709,1400.0,INR,card,failed,insufficient_funds,insufficient_funds,customer,payment_authentication,1475,4,3,1,0.75,1175.7425496818569,10278.219625651058,10,1,0,none,859,17,1,education,new,0.5380803724944379,REMINDER,NO_ACTION,0.5311129979422571,0,0.0
cus_710,pay_1710,ord_1710,440.0,INR,netbanking,failed,network_timeout,network_timeout,customer,payment_authentication,581,6,5,1,0.8333333333333334,426.9313797489918,3201.2051944826635,170,0,1,active,368,19,3,retail,regular,0.791683131485257,ALTERNATIVE_PAYMENT_METHOD,RETRY,0.734672514675182,1,440.0
cus_711,pay_1711,ord_1711,570.0,INR,card,failed,temporary_bank_failure,temporary_bank_failure,customer,payment_authentication,516,8,8,0,1.0,614.7821542470118,7854.282423488086,93,0,2,none,978,19,5,education,regular,0.8688095951402421,CUSTOMER_NOTIFICATION,RETRY,0.7829587616950472,1,570.0
cus_712,pay_1712,ord_1712,1720.0,INR,wallet,failed,card_declined,card_declined,customer,payment_authentication,896,8,7,1,0.875,1414.370399342104,24414.14870200791,31,2,0,active,202,1,3,education,regular,0.304614919411461,ALTERNATIVE_PAYMENT_METHOD,NO_ACTION,0.3541095030522831,0,0.0
cus_713,pay_1713,ord_1713,12000.0,INR,netbanking,failed,upi_error,upi_error,customer,payment_authentication,949,8,7,1,0.875,14730.220292931268,105749.70307171784,43,0,1,none,76,3,5,retail,regular,0.867446166592046,HUMAN_ESCALATION,RETRY,0.8877918695584027,1,12000.0
cus_714,pay_1714,ord_1714,2280.0,INR,card,failed,expired_card,expired_card,customer,payment_authentication,575,8,5,3,0.625,2853.2268587179483,18493.618094990536,119,0,0,none,192,8,3,health,new,0.5444643093634156,RETRY,ALTERNATIVE_PAYMENT_METHOD,0.43665245561709926,0,0.0
cus_715,pay_1715,ord_1715,2560.0,INR,netbanking,failed,temporary_bank_failure,temporary_bank_failure,customer,payment_authentication,410,11,7,4,0.6363636363636364,2530.391729233019,44964.699903629175,113,2,0,active,486,1,6,retail,regular,0.7916077592443191,HUMAN_ESCALATION,REMINDER,0.6773297898486462,1,2560.0
cus_716,pay_1716,ord_1716,2660.0,INR,card,failed,insufficient_funds,insufficient_funds,customer,payment_authentication,1456,14,10,4,0.7142857142857143,2296.7688391001334,76717.71742654496,110,1,1,none,29,8,5,retail,regular,0.4132842236360347,NO_ACTION,NO_ACTION,0.49041035354558565,0,0.0
cus_717,pay_1717,ord_1717,19230.0,INR,upi,failed,card_declined,card_declined,customer,payment_authentication,1241,9,6,3,0.6666666666666666,14735.765466209616,300464.6675273029,51,0,1,none,362,5,1,health,regular,0.8872394078875379,NO_ACTION,REMINDER,0.6576437563061042,1,19230.0
cus_718,pay_1718,ord_1718,1160.0,INR,upi,failed,expired_card,expired_card,customer,payment_authentication,858,10,8,2,0.8,1465.3312782005137,16963.230567375114,137,0,0,active,317,20,6,retail,new,0.6685269825553112,ALTERNATIVE_PAYMENT_METHOD,ALTERNATIVE_PAYMENT_METHOD,0.8037903892648478,1,1160.0
cus_719,pay_1719,ord_1719,8650.0,INR,netbanking,failed,temporary_bank_failure,temporary_bank_failure,customer,payment_authentication,568,7,6,1,0.8571428571428571,6748.246781854002,132596.61626131763,147,2,0,none,321,21,0,health,regular,0.6099610628522311,HUMAN_ESCALATION,REMINDER,0.8385118590961178,0,0.0
cus_720,pay_1720,ord_1720,1210.0,INR,card,failed,insufficient_funds,insufficient_funds,customer,payment_authentication,528,3,3,0,1.0,1063.8487515152128,8540.621459202652,7,0,1,active,197,6,6,retail,regular,0.7116760854445802,HUMAN_ESCALATION,NO_ACTION,0.5394219956857474,1,1210.0
cus_721,pay_1721,ord_1721,890.0,INR,card,failed,expired_card,expired_card,customer,payment_authentication,586,5,5,0,1.0,798.6639216185612,8825.091335251445,101,1,1,active,499,17,4,education,regular,0.5289557826275845,ALTERNATIVE_PAYMENT_METHOD,ALTERNATIVE_PAYMENT_METHOD,0.4560861696054911,0,0.0
cus_722,pay_1722,ord_1722,1670.0,INR,upi,failed,insufficient_funds,insufficient_funds,customer,payment_authentication,889,9,8,1,0.8888888888888888,1437.8943229989884,21185.78533592362,125,0,1,active,276,0,1,health,regular,0.8038397709251731,ALTERNATIVE_PAYMENT_METHOD,REMINDER,0.7853003122168718,1,1670.0
cus_723,pay_1723,ord_1723,1660.0,INR,upi,failed,card_declined,card_declined,customer,payment_authentication,7,8,3,5,0.375,1164.0484220869826,20001.85372171277,56,2,0,past_due,718,9,3,health,regular,0.22761268408711594,NO_ACTION,NO_ACTION,0.14660549037835163,0,0.0
cus_724,pay_1724,ord_1724,3170.0,INR,upi,failed,temporary_bank_failure,temporary_bank_failure,customer,payment_authentication,985,6,2,4,0.3333333333333333,2612.9057764730464,23166.487764432608,125,0,1,active,581,21,6,saas,regular,0.7800209960196549,HUMAN_ESCALATION,RETRY,0.8479216541285145,1,3170.0
cus_725,pay_1725,ord_1725,180.0,INR,card,failed,insufficient_funds,insufficient_funds,customer,payment_authentication,863,5,3,2,0.6,206.83904050976938,1902.9036947923541,155,1,1,none,590,21,4,education,regular,0.24193342328380607,NO_ACTION,NO_ACTION,0.41573113301655124,0,0.0
cus_726,pay_1726,ord_1726,2100.0,INR,card,failed,network_timeout,network_timeout,customer,payment_authentication,217,11,8,3,0.7272727272727273,1728.8067559841743,26965.60244574684,161,1,2,none,768,9,3,saas,regular,0.5994621519021104,NO_ACTION,RETRY,0.6444301282696245,0,0.0
cus_727,pay_1727,ord_1727,990.0,INR,netbanking,failed,insufficient_funds,insufficient_funds,customer,payment_authentication,376,6,4,2,0.6666666666666666,1146.8602291713491,11191.08880187165,139,1,0,none,424,15,1,education,regular,0.4145202548674376,ALTERNATIVE_PAYMENT_METHOD,NO_ACTION,0.4842424576373751,0,0.0
cus_728,pay_1728,ord_1728,880.0,INR,card,failed,card_declined,card_declined,customer,payment_authentication,416,5,3,2,0.6,835.5902142185173,9701.726064929,127,2,0,none,166,1,2,education,vip,0.4685854467089213,ALTERNATIVE_PAYMENT_METHOD,REMINDER,0.5674311250985921,1,880.0
cus_729,pay_1729,ord_1729,490.0,INR,card,failed,insufficient_funds,insufficient_funds,customer,payment_authentication,1382,10,7,3,0.7,366.81985501024593,7642.021341978234,88,0,1,active,722,19,5,health,regular,0.1995220376810578,NO_ACTION,NO_ACTION,0.25979458059058264,0,0.0
cus_730,pay_1730,ord_1730,1260.0,INR,wallet,failed,insufficient_funds,insufficient_funds,customer,payment_authentication,1402,4,4,0,1.0,1507.1963456874669,5691.808212737129,17,1,0,active,943,5,5,health,new,0.6700741934763903,ALTERNATIVE_PAYMENT_METHOD,REMINDER,0.7289412044491885,1,1260.0
cus_731,pay_1731,ord_1731,1080.0,INR,card,failed,upi_error,upi_error,customer,payment_authentication,1174,5,1,4,0.2,1167.5783401295407,4745.588267082085,88,0,1,none,411,2,3,saas,regular,0.7014080032122848,NO_ACTION,RETRY,0.7486026418573156,1,1080.0
cus_732,pay_1732,ord_1732,1180.0,INR,upi,failed,insufficient_funds,insufficient_funds,customer,payment_authentication,1022,10,6,4,0.6,1259.3850281052542,20446.235557957923,141,0,0,none,715,12,3,saas,regular,0.5738503856593443,CUSTOMER_NOTIFICATION,NO_ACTION,0.5357420901293479,0,0.0
cus_733,pay_1733,ord_1733,350.0,INR,card,failed,temporary_bank_failure,temporary_bank_failure,customer,payment_authentication,1428,9,7,2,0.7777777777777778,276.5466738282162,3472.088633918701,84,0,0,active,651,19,4,health,regular,0.8041189624637625,HUMAN_ESCALATION,RETRY,0.7483349764999652,1,350.0
cus_734,pay_1734,ord_1734,1990.0,INR,netbanking,failed,upi_error,upi_error,customer,payment_authentication,1101,7,5,2,0.7142857142857143,2137.280015627523,11952.530807991416,166,0,1,active,46,14,6,education,regular,0.8193264586231436,HUMAN_ESCALATION,RETRY,0.7893733237005541,1,1990.0
cus_735,pay_1735,ord_1735,820.0,INR,upi,failed,network_timeout,network_timeout,customer,payment_authentication,585,6,3,3,0.5,965.902353676818,6579.572661968847,97,1,0,active,167,11,1,retail,vip,0.450940614477057,HUMAN_ESCALATION,RETRY,0.7050322972159511,1,820.0
cus_736,pay_1736,ord_1736,350.0,INR,netbanking,failed,card_declined,card_declined,customer,payment_authentication,538,8,4,4,0.5,454.2383651996341,4588.792438889889,1,0,0,active,683,6,0,retail,regular,0.2723866073445535,RETRY,NO_ACTION,0.3741186161527046,0,0.0
cus_737,pay_1737,ord_1737,1050.0,INR,card,failed,temporary_bank_failure,temporary_bank_failure,customer,payment_authentication,992,4,3,1,0.75,1157.6286711551995,7439.21013565756,154,1,1,none,339,2,0,saas,regular,0.585194916922305,RETRY,RETRY,0.6855695458115589,1,1050.0
cus_738,pay_1738,ord_1738,830.0,INR,upi,failed,temporary_bank_failure,temporary_bank_failure,customer,payment_authentication,613,7,5,2,0.7142857142857143,796.224764927629,6093.088009757045,79,1,0,past_due,262,0,3,health,regular,0.774229966627952,REMINDER,RETRY,0.6545603651372786,1,830.0
cus_739,pay_1739,ord_1739,1880.0,INR,netbanking,failed,card_declined,card_declined,customer,payment_authentication,678,6,5,1,0.8333333333333334,2239.690886651854,19544.989752251142,13,0,0,past_due,568,0,2,saas,regular,0.6719738729049696,REMINDER,REMINDER,0.7568194633380314,1,1880.0
cus_740,pay_1740,ord_1740,1030.0,INR,card,failed,temporary_bank_failure,temporary_bank_failure,customer,payment_authentication,1458,6,5,1,0.8333333333333334,752.1353250025203,8897.178611974929,123,0,0,active,555,8,0,education,new,0.7672330546910314,ALTERNATIVE_PAYMENT_METHOD,RETRY,0.95695987748683,1,1030.0
cus_741,pay_1741,ord_1741,420.0,INR,card,failed,temporary_bank_failure,temporary_bank_failure,customer,payment_authentication,1364,7,6,1,0.8571428571428571,399.66013574396106,4438.284014486954,69,0,0,none,917,13,2,education,regular,0.7617582563939388,RETRY,RETRY,0.6928589185695426,0,0.0
cus_742,pay_1742,ord_1742,740.0,INR,card,failed,network_timeout,network_timeout,customer,payment_authentication,910,6,6,0,1.0,843.0974890766983,9514.382689897597,141,1,0,active,980,0,4,health,vip,0.7872436269369272,CUSTOMER_NOTIFICATION,RETRY,0.7781188365243616,1,740.0
cus_743,pay_1743,ord_1743,320.0,INR,wallet,failed,insufficient_funds,insufficient_funds,customer,payment_authentication,487,6,5,1,0.8333333333333334,293.01279573461625,1796.6784060794882,135,2,0,none,19,14,3,education,regular,0.5204987252783058,RETRY,NO_ACTION,0.2690583513345973,0,0.0
cus_744,pay_1744,ord_1744,5640.0,INR,upi,failed,temporary_bank_failure,temporary_bank_failure,customer,payment_authentication,663,1,1,0,1.0,4147.375445417863,15636.700059316507,170,1,0,active,456,17,4,health,new,0.586676804672254,HUMAN_ESCALATION,RETRY,0.7247900186725299,1,5640.0
cus_745,pay_1745,ord_1745,6620.0,INR,upi,failed,temporary_bank_failure,temporary_bank_failure,customer,payment_authentication,493,6,4,2,0.6666666666666666,5074.652280143382,42897.463354802,173,2,2,none,726,4,1,education,new,0.43862851229086625,HUMAN_ESCALATION,NO_ACTION,0.46042343867130187,0,0.0
cus_746,pay_1746,ord_1746,7470.0,INR,upi,failed,insufficient_funds,insufficient_funds,customer,payment_authentication,629,7,5,2,0.7142857142857143,5978.342737094513,56031.273827057346,135,1,1,none,341,10,6,education,regular,0.2246668358039735,NO_ACTION,NO_ACTION,0.32837675595103505,0,0.0
cus_747,pay_1747,ord_1747,1000.0,INR,upi,failed,card_declined,card_declined,customer,payment_authentication,549,8,6,2,0.75,1198.7666123061983,13442.420836601872,27,1,1,none,483,7,3,education,regular,0.597992621129271,REMINDER,REMINDER,0.7015071862044739,0,0.0
cus_748,pay_1748,ord_1748,6620.0,INR,upi,failed,network_timeout,network_timeout,customer,payment_authentication,668,5,4,1,0.8,7497.147440768193,62385.09754968904,147,2,1,active,693,18,3,health,regular,0.6562520327418214,RETRY,REMINDER,0.7385240760569706,0,0.0
cus_749,pay_1749,ord_1749,2720.0,INR,upi,failed,temporary_bank_failure,temporary_bank_failure,customer,payment_authentication,747,4,2,2,0.5,3150.6293343956227,20238.06179617456,7,1,1,none,744,9,3,education,new,0.5450076313361268,ALTERNATIVE_PAYMENT_METHOD,RETRY,0.6548467765962229,1,2720.0
cus_750,pay_1750,ord_1750,790.0,INR,upi,failed,temporary_bank_failure,temporary_bank_failure,customer,payment_authentication,964,9,7,2,0.7777777777777778,984.0224814747204,15014.280809807358,82,0,1,active,944,18,6,health,regular,0.7080983278121881,HUMAN_ESCALATION,RETRY,0.6895086030603472,0,0.0
cus_751,pay_1751,ord_1751,960.0,INR,card,failed,expired_card,expired_card,customer,payment_authentication,1331,4,3,1,0.75,846.3005316493056,8318.689990554198,144,0,2,none,114,0,2,education,vip,0.5996991671528779,ALTERNATIVE_PAYMENT_METHOD,ALTERNATIVE_PAYMENT_METHOD,0.5933995111953048,1,960.0
cus_752,pay_1752,ord_1752,1520.0,INR,netbanking,failed,insufficient_funds,insufficient_funds,customer,payment_authentication,793,5,5,0,1.0,1741.6848586982135,8738.72233806191,162,0,1,past_due,447,21,3,education,regular,0.5113595804249711,REMINDER,NO_ACTION,0.5145128067430448,0,0.0
cus_753,pay_1753,ord_1753,2000.0,INR,netbanking,failed,expired_card,expired_card,customer,payment_authentication,311,8,8,0,1.0,1837.494909014453,27479.21783638084,174,1,1,active,591,23,2,saas,regular,0.7644668661608014,RETRY,ALTERNATIVE_PAYMENT_METHOD,0.6376395759598548,1,2000.0
cus_754,pay_1754,ord_1754,2600.0,INR,card,failed,upi_error,upi_error,customer,payment_authentication,278,6,3,3,0.5,3045.6703757691184,27417.24702571476,22,2,0,active,892,16,4,education,new,0.6615375573271998,RETRY,REMINDER,0.6057266623731943,0,0.0
cus_755,pay_1755,ord_1755,1800.0,INR,upi,failed,expired_card,expired_card,customer,payment_authentication,977,1,1,0,1.0,2011.5657349844375,5545.736126791515,128,0,1,none,421,19,3,saas,new,0.6787594600963892,NO_ACTION,ALTERNATIVE_PAYMENT_METHOD,0.5952137094954285,0,0.0
cus_756,pay_1756,ord_1756,1280.0,INR,card,failed,insufficient_funds,insufficient_funds,customer,payment_authentication,1497,3,3,0,1.0,1656.1650529918147,6439.958176337254,14,3,0,none,51,17,6,education,new,0.2869190328024264,HUMAN_ESCALATION,NO_ACTION,0.2707758758999509,0,0.0
cus_757,pay_1757,ord_1757,6990.0,INR,wallet,failed,upi_error,upi_error,customer,payment_authentication,459,6,6,0,1.0,8068.153200271847,94528.2088975279,99,1,1,none,311,6,0,saas,new,0.8134878072201255,NO_ACTION,RETRY,0.7825687843572351,1,6990.0
cus_758,pay_1758,ord_1758,1610.0,INR,wallet,failed,temporary_bank_failure,temporary_bank_failure,customer,payment_authentication,133,11,8,3,0.7272727272727273,1132.704645855561,25171.062086929272,62,0,1,none,931,3,5,retail,new,0.9635849303108959,CUSTOMER_NOTIFICATION,RETRY,0.8708144361336925,1,1610.0
cus_759,pay_1759,ord_1759,1520.0,INR,wallet,failed,upi_error,upi_error,customer,payment_authentication,124,5,3,2,0.6,1702.2270820626754,15742.582176361682,42,0,0,none,32,20,0,education,regular,0.6609474718460784,RETRY,RETRY,0.7752658515782671,1,1520.0
cus_760,pay_1760,ord_1760,1450.0,INR,card,failed,expired_card,expired_card,customer,payment_authentication,411,11,7,4,0.6363636363636364,1103.429002845505,23067.19387646408,134,1,0,none,948,0,3,retail,new,0.19624295012432352,HUMAN_ESCALATION,ALTERNATIVE_PAYMENT_METHOD,0.2616526372735364,0,0.0
cus_761,pay_1761,ord_1761,1610.0,INR,card,failed,expired_card,expired_card,customer,payment_authentication,1430,7,4,3,0.5714285714285714,1654.5283414554922,22200.666993700514,172,0,1,active,525,14,3,retail,vip,0.6958659427290076,CUSTOMER_NOTIFICATION,ALTERNATIVE_PAYMENT_METHOD,0.6885491957260181,0,0.0
cus_762,pay_1762,ord_1762,460.0,INR,card,failed,upi_error,upi_error,customer,payment_authentication,1171,10,8,2,0.8,365.4207885054462,6144.525271921329,62,1,0,active,206,0,0,saas,vip,0.7703669370736969,CUSTOMER_NOTIFICATION,RETRY,0.7662145509015913,1,460.0
cus_763,pay_1763,ord_1763,660.0,INR,card,failed,expired_card,expired_card,customer,payment_authentication,1178,10,8,2,0.8,657.9122128939179,5089.695277879172,130,0,1,none,341,4,0,health,regular,0.49127117573969714,CUSTOMER_NOTIFICATION,ALTERNATIVE_PAYMENT_METHOD,0.633392994852254,1,660.0
cus_764,pay_1764,ord_1764,20870.0,INR,card,failed,insufficient_funds,insufficient_funds,customer,payment_authentication,499,11,5,6,0.45454545454545453,24534.256408740992,338048.17607673735,137,3,0,none,354,7,5,saas,vip,0.6845043329633931,REMINDER,REMINDER,0.6083004573639528,0,0.0
cus_765,pay_1765,ord_1765,350.0,INR,card,failed,insufficient_funds,insufficient_funds,customer,payment_authentication,1428,11,8,3,0.7272727272727273,305.7132199168362,5932.0679696865855,124,0,1,active,922,18,5,retail,regular,0.7317532831696889,CUSTOMER_NOTIFICATION,REMINDER,0.5878074786059817,1,350.0
cus_766,pay_1766,ord_1766,2370.0,INR,wallet,failed,card_declined,card_declined,customer,payment_authentication,612,9,5,4,0.5555555555555556,1876.1194505742442,20152.058835283333,59,0,1,none,810,2,4,health,regular,0.7734260561513213,NO_ACTION,REMINDER,0.637060582234557,0,0.0
cus_767,pay_1767,ord_1767,2550.0,INR,card,failed,expired_card,expired_card,customer,payment_authentication,601,5,3,2,0.6,2266.17684453956,23940.514456663885,158,0,1,none,751,2,4,education,regular,0.5953242517427044,REMINDER,ALTERNATIVE_PAYMENT_METHOD,0.6646507264297213,1,2550.0
cus_768,pay_1768,ord_1768,4980.0,INR,card,failed,temporary_bank_failure,temporary_bank_failure,customer,payment_authentication,1406,5,5,0,1.0,4004.876827064222,54078.48736622805,127,1,0,none,14,5,0,retail,new,0.9731343121724537,REMINDER,RETRY,0.8881415254343029,1,4980.0
cus_769,pay_1769,ord_1769,2610.0,INR,netbanking,failed,card_declined,card_declined,customer,payment_authentication,1135,6,2,4,0.3333333333333333,2114.45790662535,33412.956090352265,157,0,1,active,87,10,0,retail,regular,0.4327229338564376,REMINDER,NO_ACTION,0.4730400911122215,0,0.0
cus_770,pay_1770,ord_1770,11980.0,INR,upi,failed,card_declined,card_declined,customer,payment_authentication,433,6,5,1,0.8333333333333334,13397.654602205479,99790.4191529149,44,1,0,past_due,879,7,5,saas,regular,0.5422908473276165,CUSTOMER_NOTIFICATION,NO_ACTION,0.5352417692590626,0,0.0
cus_771,pay_1771,ord_1771,2300.0,INR,netbanking,failed,insufficient_funds,insufficient_funds,customer,payment_authentication,977,3,2,1,0.6666666666666666,2581.9667359069017,11343.710449925582,14,0,0,none,309,18,2,retail,regular,0.8382769593852479,RETRY,REMINDER,0.7280720105750627,1,2300.0
cus_772,pay_1772,ord_1772,6960.0,INR,upi,failed,temporary_bank_failure,temporary_bank_failure,customer,payment_authentication,526,5,4,1,0.8,7081.694064677625,75832.02905311807,123,1,1,none,194,11,5,education,regular,0.999402925072912,CUSTOMER_NOTIFICATION,RETRY,0.8653392505414368,1,6960.0
cus_773,pay_1773,ord_1773,5120.0,INR,netbanking,failed,insufficient_funds,insufficient_funds,customer,payment_authentication,928,5,3,2,0.6,4358.824411780653,61373.26684013393,3,1,1,active,259,21,0,retail,regular,0.6774387566034654,HUMAN_ESCALATION,REMINDER,0.7216391504507929,1,5120.0
cus_774,pay_1774,ord_1774,8450.0,INR,upi,failed,temporary_bank_failure,temporary_bank_failure,customer,payment_authentication,206,9,6,3,0.6666666666666666,8600.32352822456,64928.747550888394,35,0,1,none,658,21,4,retail,regular,0.7967219379168945,REMINDER,RETRY,0.8486514523261355,1,8450.0
cus_775,pay_1775,ord_1775,1850.0,INR,upi,failed,temporary_bank_failure,temporary_bank_failure,customer,payment_authentication,61,11,9,2,0.8181818181818182,2347.882868565279,17322.98272383415,40,0,1,past_due,684,6,6,education,regular,0.7434754651846837,ALTERNATIVE_PAYMENT_METHOD,RETRY,0.5936438150673994,1,1850.0
cus_776,pay_1776,ord_1776,2690.0,INR,upi,failed,insufficient_funds,insufficient_funds,customer,payment_authentication,1445,4,1,3,0.25,2502.2796279600566,10363.723779082791,34,0,0,past_due,276,17,2,retail,regular,0.4448125732985031,REMINDER,NO_ACTION,0.4549053069442326,0,0.0
cus_777,pay_1777,ord_1777,1250.0,INR,upi,failed,temporary_bank_failure,temporary_bank_failure,customer,payment_authentication,108,8,7,1,0.875,1192.6735869912554,14638.787940850705,163,0,0,active,575,14,2,retail,regular,0.5218424800184207,CUSTOMER_NOTIFICATION,RETRY,0.8219119020150635,1,1250.0
cus_778,pay_1778,ord_1778,2120.0,INR,card,failed,insufficient_funds,insufficient_funds,customer,payment_authentication,602,9,7,2,0.7777777777777778,2112.7024181726756,36462.21391821304,157,0,0,active,823,15,5,health,new,0.8642413649337802,REMINDER,REMINDER,0.8202451199222468,1,2120.0
cus_779,pay_1779,ord_1779,2240.0,INR,upi,failed,card_declined,card_declined,customer,payment_authentication,293,5,5,0,1.0,1807.785119349576,11044.810355987463,96,0,2,none,358,20,2,saas,vip,0.7427373034252018,CUSTOMER_NOTIFICATION,REMINDER,0.8228730289805396,1,2240.0
cus_780,pay_1780,ord_1780,230.0,INR,card,failed,insufficient_funds,insufficient_funds,customer,payment_authentication,23,6,4,2,0.6666666666666666,194.7704734618333,2568.967201298954,121,0,0,active,132,4,2,education,regular,0.6004346472070331,CUSTOMER_NOTIFICATION,REMINDER,0.6288614649392741,1,230.0
cus_781,pay_1781,ord_1781,1570.0,INR,netbanking,failed,upi_error,upi_error,customer,payment_authentication,1124,9,7,2,0.7777777777777778,1749.8683948664248,14483.390714307465,116,0,1,active,221,20,5,saas,regular,0.5624106921099451,CUSTOMER_NOTIFICATION,RETRY,0.5030944646336962,1,1570.0
cus_782,pay_1782,ord_1782,4400.0,INR,card,failed,upi_error,upi_error,customer,payment_authentication,425,4,3,1,0.75,3506.5573000740706,16342.700105987036,156,0,0,none,981,13,4,saas,vip,0.5056014581093582,NO_ACTION,RETRY,0.690496095849905,1,4400.0
cus_783,pay_1783,ord_1783,470.0,INR,card,failed,card_declined,card_declined,customer,payment_authentication,1197,4,2,2,0.5,499.47213090537446,3464.514467662094,62,0,0,active,440,0,1,education,regular,0.49771591569015244,HUMAN_ESCALATION,NO_ACTION,0.42129118808071037,0,0.0
cus_784,pay_1784,ord_1784,670.0,INR,card,failed,upi_error,upi_error,customer,payment_authentication,824,5,3,2,0.6,624.127854877612,5917.512568374055,126,0,0,none,719,9,3,saas,regular,0.5224687362965316,REMINDER,RETRY,0.6739797299152684,1,670.0
cus_785,pay_1785,ord_1785,5740.0,INR,netbanking,failed,network_timeout,network_timeout,customer,payment_authentication,971,8,3,5,0.375,5072.838594236795,55187.512996583304,76,0,2,active,250,2,1,retail,regular,0.6752572302879905,REMINDER,RETRY,0.7495349487080599,1,5740.0
cus_786,pay_1786,ord_1786,6930.0,INR,card,failed,insufficient_funds,insufficient_funds,customer,payment_authentication,1003,8,4,4,0.5,7136.861850317242,69786.2675811516,91,1,0,active,861,7,3,retail,regular,0.7547133036509843,ALTERNATIVE_PAYMENT_METHOD,REMINDER,0.7228960904650402,1,6930.0
cus_787,pay_1787,ord_1787,970.0,INR,upi,failed,network_timeout,network_timeout,customer,payment_authentication,288,8,6,2,0.75,810.3489390394152,10128.421661913802,54,1,0,none,189,4,5,health,regular,0.6703053306476485,HUMAN_ESCALATION,RETRY,0.7933483038863706,1,970.0
cus_788,pay_1788,ord_1788,2150.0,INR,netbanking,failed,temporary_bank_failure,temporary_bank_failure,customer,payment_authentication,684,5,3,2,0.6,1904.4711886853743,24613.210336309156,135,0,0,none,114,15,4,saas,regular,0.5198443529558057,ALTERNATIVE_PAYMENT_METHOD,RETRY,0.6425409855771145,0,0.0
cus_789,pay_1789,ord_1789,1670.0,INR,card,failed,card_declined,card_declined,customer,payment_authentication,1166,7,7,0,1.0,1694.5856772432417,24398.240565842552,169,0,0,past_due,815,0,3,saas,regular,0.6426167293895062,REMINDER,REMINDER,0.6091182469457737,0,0.0
cus_790,pay_1790,ord_1790,5870.0,INR,netbanking,failed,expired_card,expired_card,customer,payment_authentication,352,10,9,1,0.9,6423.985020404739,89478.59811640703,176,0,0,active,613,2,2,saas,regular,0.6667944233839176,HUMAN_ESCALATION,ALTERNATIVE_PAYMENT_METHOD,0.6138618872086399,1,5870.0
cus_791,pay_1791,ord_1791,1060.0,INR,card,failed,temporary_bank_failure,temporary_bank_failure,customer,payment_authentication,171,8,6,2,0.75,1273.9198729008026,18626.7920346202,74,2,2,none,968,21,1,retail,new,0.5916562472464729,RETRY,REMINDER,0.609424653132343,1,1060.0
cus_792,pay_1792,ord_1792,1240.0,INR,card,failed,insufficient_funds,insufficient_funds,customer,payment_authentication,622,8,6,2,0.75,1481.54592738451,16251.593425030815,15,0,2,none,531,9,4,saas,regular,0.8048803179394044,NO_ACTION,REMINDER,0.7429255341025103,0,0.0
cus_793,pay_1793,ord_1793,6910.0,INR,upi,failed,upi_error,upi_error,customer,payment_authentication,1341,7,5,2,0.7142857142857143,6900.626652734544,45992.51345249473,150,1,1,past_due,754,1,1,education,new,1.0,HUMAN_ESCALATION,RETRY,0.8417141970262644,1,6910.0
cus_794,pay_1794,ord_1794,660.0,INR,wallet,failed,insufficient_funds,insufficient_funds,customer,payment_authentication,483,6,4,2,0.6666666666666666,491.3904622755983,6159.889877895732,4,0,1,active,523,18,6,saas,regular,0.35346373341224835,RETRY,NO_ACTION,0.502447202671253,0,0.0
cus_795,pay_1795,ord_1795,1100.0,INR,card,failed,temporary_bank_failure,temporary_bank_failure,customer,payment_authentication,577,12,8,4,0.6666666666666666,894.1204830748868,26639.135014368694,27,0,0,none,62,21,5,education,regular,0.5581490139510249,HUMAN_ESCALATION,RETRY,0.7820870349745055,0,0.0
cus_796,pay_1796,ord_1796,2070.0,INR,upi,failed,temporary_bank_failure,temporary_bank_failure,customer,payment_authentication,190,12,6,6,0.5,1449.582202188317,42018.74276220237,160,0,1,active,379,7,5,saas,regular,1.0,CUSTOMER_NOTIFICATION,RETRY,0.9016161278841465,1,2070.0
cus_797,pay_1797,ord_1797,8300.0,INR,card,failed,expired_card,expired_card,customer,payment_authentication,1090,7,6,1,0.8571428571428571,6734.286756528206,128714.177676795,57,0,0,past_due,938,7,1,saas,regular,0.40580352841774775,HUMAN_ESCALATION,ALTERNATIVE_PAYMENT_METHOD,0.5240609513107376,1,8300.0
cus_798,pay_1798,ord_1798,550.0,INR,upi,failed,network_timeout,network_timeout,customer,payment_authentication,506,9,7,2,0.7777777777777778,395.1430385330162,7645.818145909382,97,0,0,active,949,13,2,retail,regular,0.8784792390959458,HUMAN_ESCALATION,RETRY,0.84152461751585,1,550.0
cus_799,pay_1799,ord_1799,890.0,INR,upi,failed,network_timeout,network_timeout,customer,payment_authentication,255,7,7,0,1.0,1004.6683539191678,13424.058319903887,32,0,0,none,453,1,3,saas,regular,0.9440978456063898,ALTERNATIVE_PAYMENT_METHOD,RETRY,0.8833835857126839,1,890.0
cus_800,pay_1800,ord_1800,3270.0,INR,upi,failed,insufficient_funds,insufficient_funds,customer,payment_authentication,153,4,4,0,1.0,3360.557158547164,27738.83020526555,48,1,2,none,862,23,5,education,regular,0.5932167176759335,HUMAN_ESCALATION,REMINDER,0.5966835854176524,1,3270.0
cus_801,pay_1801,ord_1801,3820.0,INR,upi,failed,temporary_bank_failure,temporary_bank_failure,customer,payment_authentication,472,9,3,6,0.3333333333333333,2755.895399244904,67596.05493279203,52,0,0,active,265,9,1,saas,regular,0.7487169106969322,HUMAN_ESCALATION,RETRY,0.7209323951954113,1,3820.0
cus_802,pay_1802,ord_1802,2230.0,INR,card,failed,temporary_bank_failure,temporary_bank_failure,customer,payment_authentication,305,5,5,0,1.0,2387.410895825991,26611.376026659207,39,0,0,active,306,6,5,health,new,1.0,HUMAN_ESCALATION,RETRY,0.8879951317012105,0,0.0
cus_803,pay_1803,ord_1803,1610.0,INR,upi,failed,expired_card,expired_card,customer,payment_authentication,743,8,7,1,0.875,1913.4691724777736,15836.333010681858,120,1,0,none,771,17,2,health,regular,0.4660727882141387,REMINDER,ALTERNATIVE_PAYMENT_METHOD,0.527292093742811,1,1610.0
cus_804,pay_1804,ord_1804,2060.0,INR,upi,failed,network_timeout,network_timeout,customer,payment_authentication,640,3,2,1,0.6666666666666666,1477.2696147620172,12495.74739672995,121,0,0,active,67,9,6,retail,new,0.807724033645034,REMINDER,RETRY,0.6800461275581986,1,2060.0
cus_805,pay_1805,ord_1805,400.0,INR,upi,failed,network_timeout,network_timeout,customer,payment_authentication,745,9,7,2,0.7777777777777778,310.4919580171848,4133.5540414925035,25,0,1,active,3,3,0,health,vip,0.5366862832948932,REMINDER,RETRY,0.667680940328027,1,400.0
cus_806,pay_1806,ord_1806,2000.0,INR,card,failed,insufficient_funds,insufficient_funds,customer,payment_authentication,550,5,4,1,0.8,1965.4451436977208,21720.80591755901,176,0,1,active,244,11,5,health,new,0.9018531680855348,REMINDER,REMINDER,0.8667587774730663,1,2000.0
cus_807,pay_1807,ord_1807,7960.0,INR,upi,failed,card_declined,card_declined,customer,payment_authentication,146,13,5,8,0.38461538461538464,5774.055714490138,162884.9359848696,96,0,1,none,30,22,0,health,vip,0.5757984209419844,ALTERNATIVE_PAYMENT_METHOD,NO_ACTION,0.5271188033569214,0,0.0
cus_808,pay_1808,ord_1808,480.0,INR,upi,failed,insufficient_funds,insufficient_funds,customer,payment_authentication,1166,4,2,2,0.5,342.12781912646676,2228.6051467630173,129,0,1,none,553,11,2,retail,new,0.4903305276404584,HUMAN_ESCALATION,NO_ACTION,0.4979618540702615,0,0.0
cus_809,pay_1809,ord_1809,830.0,INR,card,failed,card_declined,card_declined,customer,payment_authentication,822,4,3,1,0.75,871.0437658876531,5177.620090114572,0,0,1,none,758,4,4,saas,regular,0.8003459563088888,HUMAN_ESCALATION,REMINDER,0.7033250488068239,1,830.0
cus_810,pay_1810,ord_1810,1220.0,INR,card,failed,expired_card,expired_card,customer,payment_authentication,277,4,3,1,0.75,1265.8067551421066,5711.222187427268,69,0,1,none,640,5,5,education,regular,0.5616277426634446,ALTERNATIVE_PAYMENT_METHOD,ALTERNATIVE_PAYMENT_METHOD,0.5572991772832208,0,0.0
cus_811,pay_1811,ord_1811,1290.0,INR,upi,failed,card_declined,card_declined,customer,payment_authentication,113,3,1,2,0.3333333333333333,1527.3482238833233,6683.937759998599,176,0,2,none,160,21,3,education,regular,0.4810183035651457,REMINDER,NO_ACTION,0.44776804473093595,0,0.0
cus_812,pay_1812,ord_1812,11400.0,INR,upi,failed,expired_card,expired_card,customer,payment_authentication,1409,12,10,2,0.8333333333333334,8512.832715378843,118687.87408610729,154,0,0,none,845,18,2,retail,regular,0.7215753162410399,HUMAN_ESCALATION,ALTERNATIVE_PAYMENT_METHOD,0.7921713865206287,1,11400.0
cus_813,pay_1813,ord_1813,710.0,INR,card,failed,upi_error,upi_error,customer,payment_authentication,1385,9,6,3,0.6666666666666666,879.2045548227484,13879.542746817116,6,0,0,past_due,472,0,1,education,regular,0.5537630170596954,RETRY,RETRY,0.65358654446875,1,710.0
cus_814,pay_1814,ord_1814,580.0,INR,netbanking,failed,insufficient_funds,insufficient_funds,customer,payment_authentication,283,9,6,3,0.6666666666666666,412.4841090866636,8558.495037569804,121,2,1,active,304,5,2,retail,regular,0.07532685247917792,CUSTOMER_NOTIFICATION,NO_ACTION,0.17764908912819,0,0.0
cus_815,pay_1815,ord_1815,3910.0,INR,upi,failed,temporary_bank_failure,temporary_bank_failure,customer,payment_authentication,633,3,2,1,0.6666666666666666,3443.993073547773,31090.142336469027,135,0,1,none,524,17,1,health,regular,0.639148723380483,REMINDER,RETRY,0.7004509299888292,1,3910.0
cus_816,pay_1816,ord_1816,950.0,INR,netbanking,failed,temporary_bank_failure,temporary_bank_failure,customer,payment_authentication,873,10,9,1,0.9,692.7424201376201,9675.622334238877,24,1,2,none,159,7,0,health,regular,0.7702951449416248,CUSTOMER_NOTIFICATION,RETRY,0.8984151003836839,1,950.0
cus_817,pay_1817,ord_1817,3970.0,INR,upi,failed,expired_card,expired_card,customer,payment_authentication,659,9,6,3,0.6666666666666666,3360.8309097914,47629.683966420176,156,0,0,none,993,11,5,saas,regular,0.7428608624267216,ALTERNATIVE_PAYMENT_METHOD,ALTERNATIVE_PAYMENT_METHOD,0.5560901562744265,0,0.0
cus_818,pay_1818,ord_1818,1480.0,INR,upi,failed,expired_card,expired_card,customer,payment_authentication,1254,3,2,1,0.6666666666666666,1759.8706947847938,11310.816299754479,32,1,1,active,461,21,6,health,regular,0.47339868210264385,RETRY,ALTERNATIVE_PAYMENT_METHOD,0.50420188722113,1,1480.0
cus_819,pay_1819,ord_1819,2860.0,INR,upi,failed,expired_card,expired_card,customer,payment_authentication,865,8,5,3,0.625,2216.738488868495,41172.52677338902,179,1,1,none,329,18,3,saas,regular,0.3154054688048743,REMINDER,ALTERNATIVE_PAYMENT_METHOD,0.3163149809825786,1,2860.0
cus_820,pay_1820,ord_1820,380.0,INR,wallet,failed,card_declined,card_declined,customer,payment_authentication,398,10,8,2,0.8,312.02857791917955,3306.5855827179803,1,2,1,none,691,16,2,education,new,0.48276461662444536,CUSTOMER_NOTIFICATION,REMINDER,0.5975386443965992,0,0.0
cus_821,pay_1821,ord_1821,2850.0,INR,upi,failed,insufficient_funds,insufficient_funds,customer,payment_authentication,1172,7,6,1,0.8571428571428571,3040.4389013835676,42137.60212328441,117,1,0,active,303,15,4,saas,regular,0.7660248769220044,HUMAN_ESCALATION,REMINDER,0.5615856732096278,1,2850.0
cus_822,pay_1822,ord_1822,2250.0,INR,upi,failed,card_declined,card_declined,customer,payment_authentication,1312,8,5,3,0.625,1604.2443049989326,19146.087736339712,42,1,1,none,763,5,0,saas,regular,0.390897521884878,NO_ACTION,NO_ACTION,0.4163751471550426,0,0.0
cus_823,pay_1823,ord_1823,1400.0,INR,upi,failed,card_declined,card_declined,customer,payment_authentication,105,10,7,3,0.7,1486.0338370264203,16021.455468991113,109,0,0,past_due,473,4,1,education,new,0.5333822532738757,RETRY,REMINDER,0.5922982491890868,1,1400.0
cus_824,pay_1824,ord_1824,530.0,INR,upi,failed,insufficient_funds,insufficient_funds,customer,payment_authentication,1277,14,6,8,0.42857142857142855,655.4114740366499,13127.685405951686,137,0,0,none,875,19,3,retail,new,0.7895894496456353,HUMAN_ESCALATION,REMINDER,0.8392955633919053,1,530.0
cus_825,pay_1825,ord_1825,2250.0,INR,card,failed,insufficient_funds,insufficient_funds,customer,payment_authentication,1054,4,3,1,0.75,1668.9008340170744,18268.859652017214,100,1,1,active,483,1,4,health,new,0.5834652957585177,CUSTOMER_NOTIFICATION,REMINDER,0.6045646636166566,0,0.0
cus_826,pay_1826,ord_1826,3730.0,INR,upi,failed,temporary_bank_failure,temporary_bank_failure,customer,payment_authentication,1376,3,3,0,1.0,2624.214677755475,23256.894723246147,134,0,0,active,648,15,2,education,regular,0.8114678819180675,RETRY,RETRY,0.8418489728871228,1,3730.0
cus_827,pay_1827,ord_1827,1060.0,INR,upi,failed,insufficient_funds,insufficient_funds,customer,payment_authentication,1365,11,7,4,0.6363636363636364,1000.184831778508,8993.395644878494,137,0,0,none,548,9,2,saas,regular,0.03269717137438666,REMINDER,NO_ACTION,0.16729241312198262,0,0.0
cus_828,pay_1828,ord_1828,1080.0,INR,wallet,failed,network_timeout,network_timeout,customer,payment_authentication,75,7,4,3,0.5714285714285714,1306.1910781865379,8849.052247641459,59,0,2,past_due,972,0,1,retail,new,0.949949589654578,RETRY,RETRY,0.8639294108871407,1,1080.0
cus_829,pay_1829,ord_1829,4000.0,INR,upi,failed,upi_error,upi_error,customer,payment_authentication,659,8,6,2,0.75,5044.463604314914,41341.13550424158,156,1,1,none,878,13,1,education,regular,0.5405488497664157,REMINDER,RETRY,0.6519355447034436,1,4000.0
cus_830,pay_1830,ord_1830,10000.0,INR,upi,failed,card_declined,card_declined,customer,payment_authentication,108,7,4,3,0.5714285714285714,11807.01534171272,97634.72012078277,14,0,2,none,452,3,2,saas,regular,0.5882873071976871,REMINDER,NO_ACTION,0.5073434119803053,0,0.0
cus_831,pay_1831,ord_1831,4630.0,INR,wallet,failed,insufficient_funds,insufficient_funds,customer,payment_authentication,20,7,6,1,0.8571428571428571,5044.8445370488735,29488.11075880214,94,2,0,active,709,20,3,saas,regular,0.2362490198455492,REMINDER,NO_ACTION,0.36928717042595316,0,0.0
cus_832,pay_1832,ord_1832,2270.0,INR,upi,failed,card_declined,card_declined,customer,payment_authentication,1375,11,9,2,0.8181818181818182,2169.969827919144,42984.48884458136,135,0,0,active,216,5,6,saas,regular,0.8706120939832498,CUSTOMER_NOTIFICATION,REMINDER,0.8532883977513047,0,0.0
cus_833,pay_1833,ord_1833,1420.0,INR,card,failed,network_timeout,network_timeout,customer,payment_authentication,371,12,10,2,0.8333333333333334,1666.2061617038385,34310.2127626844,129,1,0,none,861,5,0,saas,regular,0.6560034631644153,REMINDER,RETRY,0.7584398358604914,1,1420.0
cus_834,pay_1834,ord_1834,1760.0,INR,card,failed,insufficient_funds,insufficient_funds,customer,payment_authentication,91,5,4,1,0.8,2031.0670087075903,20978.219273849856,57,0,0,none,616,16,1,health,regular,0.3446998641342642,RETRY,NO_ACTION,0.41747904387679147,0,0.0
cus_835,pay_1835,ord_1835,480.0,INR,card,failed,network_timeout,network_timeout,customer,payment_authentication,1411,8,5,3,0.625,388.8837987503194,7505.457899958653,173,1,0,none,386,7,0,education,regular,0.6635214061079678,NO_ACTION,RETRY,0.6154168881353608,1,480.0
cus_836,pay_1836,ord_1836,1550.0,INR,card,failed,temporary_bank_failure,temporary_bank_failure,customer,payment_authentication,612,11,9,2,0.8181818181818182,1750.6743175489523,17918.864655753296,177,0,2,active,889,8,1,retail,new,0.8323232922245531,CUSTOMER_NOTIFICATION,RETRY,0.7142269580363548,1,1550.0
cus_837,pay_1837,ord_1837,5540.0,INR,upi,failed,temporary_bank_failure,temporary_bank_failure,customer,payment_authentication,177,9,5,4,0.5555555555555556,6512.5298758841345,75602.80235480831,20,0,0,active,771,8,3,retail,regular,1.0,REMINDER,RETRY,0.8246231078401668,1,5540.0
cus_838,pay_1838,ord_1838,1880.0,INR,netbanking,failed,temporary_bank_failure,temporary_bank_failure,customer,payment_authentication,382,3,3,0,1.0,2332.188047166501,14216.226934394326,17,2,1,active,168,12,6,education,regular,0.6827028697872464,HUMAN_ESCALATION,REMINDER,0.6453939695117566,1,1880.0
cus_839,pay_1839,ord_1839,970.0,INR,upi,failed,temporary_bank_failure,temporary_bank_failure,customer,payment_authentication,21,9,6,3,0.6666666666666666,1103.637876769478,7629.773682232412,106,2,1,none,961,17,2,education,new,0.31547908356744986,HUMAN_ESCALATION,NO_ACTION,0.3160243618249876,0,0.0
cus_840,pay_1840,ord_1840,880.0,INR,card,failed,network_timeout,network_timeout,customer,payment_authentication,1015,10,7,3,0.7,1002.7030225146731,9649.297819485055,33,0,0,active,284,18,4,retail,regular,0.6580594807122156,RETRY,RETRY,0.7543912259204839,1,880.0
cus_841,pay_1841,ord_1841,1750.0,INR,upi,failed,insufficient_funds,insufficient_funds,customer,payment_authentication,1403,3,3,0,1.0,2171.697228775106,7309.090466054824,12,0,0,none,78,3,5,retail,regular,0.49897788585123337,REMINDER,REMINDER,0.6779149012672289,1,1750.0
cus_842,pay_1842,ord_1842,530.0,INR,card,failed,insufficient_funds,insufficient_funds,customer,payment_authentication,587,4,3,1,0.75,432.7792428130179,3954.987929616393,146,1,1,active,349,11,1,retail,new,0.34664520474187677,CUSTOMER_NOTIFICATION,NO_ACTION,0.28461181606718405,0,0.0
cus_843,pay_1843,ord_1843,730.0,INR,wallet,failed,insufficient_funds,insufficient_funds,customer,payment_authentication,1294,2,0,2,0.0,751.9153465171782,4241.977139703676,78,0,0,active,435,12,1,saas,vip,0.08612770337315141,RETRY,NO_ACTION,0.11146722325951906,0,0.0
cus_844,pay_1844,ord_1844,8370.0,INR,card,failed,insufficient_funds,insufficient_funds,customer,payment_authentication,515,7,3,4,0.42857142857142855,10346.15396091709,88880.48413937993,155,1,0,active,75,22,4,saas,new,0.5299433165166377,HUMAN_ESCALATION,NO_ACTION,0.5290380414935861,0,0.0
cus_845,pay_1845,ord_1845,640.0,INR,upi,failed,insufficient_funds,insufficient_funds,customer,payment_authentication,691,7,6,1,0.8571428571428571,690.5530591543129,7337.301324712761,130,0,1,none,596,14,0,education,regular,0.5552668359324237,RETRY,REMINDER,0.5950855960410075,0,0.0
cus_846,pay_1846,ord_1846,810.0,INR,card,failed,temporary_bank_failure,temporary_bank_failure,customer,payment_authentication,321,8,6,2,0.75,1019.632693858425,11166.97131434951,118,0,0,active,434,19,5,health,regular,0.6849529813242073,NO_ACTION,RETRY,0.7567425876579478,0,0.0
cus_847,pay_1847,ord_1847,2420.0,INR,upi,failed,card_declined,card_declined,customer,payment_authentication,9,6,5,1,0.8333333333333334,1767.2218709986184,30610.4717795185,68,1,0,active,585,12,0,education,new,0.7653758720457645,ALTERNATIVE_PAYMENT_METHOD,REMINDER,0.6977104429148642,1,2420.0
cus_848,pay_1848,ord_1848,1160.0,INR,upi,failed,temporary_bank_failure,temporary_bank_failure,customer,payment_authentication,245,5,4,1,0.8,960.9139184738603,7462.718680666781,134,0,1,none,497,12,4,health,regular,0.67656272757989,CUSTOMER_NOTIFICATION,RETRY,0.5060690914329916,0,0.0
cus_849,pay_1849,ord_1849,1980.0,INR,netbanking,failed,network_timeout,network_timeout,customer,payment_authentication,876,4,3,1,0.75,1648.95788763664,14989.824228234695,18,0,0,none,513,13,5,health,regular,0.6762864335113894,NO_ACTION,RETRY,0.7962708872776952,1,1980.0
cus_850,pay_1850,ord_1850,4280.0,INR,card,failed,temporary_bank_failure,temporary_bank_failure,customer,payment_authentication,149,7,3,4,0.42857142857142855,3197.666238472155,65154.964118268384,55,0,1,none,154,2,6,education,new,0.6343259740074222,CUSTOMER_NOTIFICATION,RETRY,0.8217271016564878,1,4280.0
cus_851,pay_1851,ord_1851,380.0,INR,wallet,failed,network_timeout,network_timeout,customer,payment_authentication,1225,3,2,1,0.6666666666666666,407.98126116099075,2919.3339481764137,149,0,0,none,822,10,6,education,regular,0.6722546351165616,CUSTOMER_NOTIFICATION,RETRY,0.6957508985791837,1,380.0
cus_852,pay_1852,ord_1852,3840.0,INR,upi,failed,network_timeout,network_timeout,customer,payment_authentication,1376,11,9,2,0.8181818181818182,3612.9480860462927,55177.831247380935,122,1,1,active,626,22,4,retail,regular,0.5055751733382233,NO_ACTION,RETRY,0.577351095742009,1,3840.0
cus_853,pay_1853,ord_1853,1010.0,INR,netbanking,failed,temporary_bank_failure,temporary_bank_failure,customer,payment_authentication,429,13,5,8,0.38461538461538464,853.935669589735,11953.00162195096,43,0,1,none,210,23,6,saas,new,0.6948678921438646,HUMAN_ESCALATION,RETRY,0.5765001464518084,1,1010.0
cus_854,pay_1854,ord_1854,1360.0,INR,netbanking,failed,temporary_bank_failure,temporary_bank_failure,customer,payment_authentication,406,5,3,2,0.6,1545.8316957989673,15517.946263695912,153,0,2,none,111,4,3,retail,regular,0.7430036997569134,ALTERNATIVE_PAYMENT_METHOD,RETRY,0.6923968024035171,1,1360.0
cus_855,pay_1855,ord_1855,12360.0,INR,wallet,failed,upi_error,upi_error,customer,payment_authentication,259,7,6,1,0.8571428571428571,13666.483833650118,187600.58343533528,90,0,1,none,965,10,6,health,new,0.9010268189387697,ALTERNATIVE_PAYMENT_METHOD,RETRY,0.7114654185579328,1,12360.0
cus_856,pay_1856,ord_1856,440.0,INR,card,failed,expired_card,expired_card,customer,payment_authentication,615,6,3,3,0.5,318.3530625223622,2545.3648411969984,132,0,1,past_due,523,19,6,education,regular,0.6375481354988335,CUSTOMER_NOTIFICATION,ALTERNATIVE_PAYMENT_METHOD,0.5297669215293566,0,0.0
cus_857,pay_1857,ord_1857,3260.0,INR,card,failed,card_declined,card_declined,customer,payment_authentication,1357,12,8,4,0.6666666666666666,3141.6679468068332,34147.53223540424,26,2,1,active,808,20,6,education,regular,0.43672232588549675,REMINDER,NO_ACTION,0.4262425712549349,0,0.0
cus_858,pay_1858,ord_1858,5590.0,INR,card,failed,temporary_bank_failure,temporary_bank_failure,customer,payment_authentication,586,7,5,2,0.7142857142857143,6328.6255766262575,42067.201772211665,24,0,0,active,480,15,4,education,regular,0.7518319298692956,RETRY,RETRY,0.7370750075902657,1,5590.0
cus_859,pay_1859,ord_1859,910.0,INR,card,failed,insufficient_funds,insufficient_funds,customer,payment_authentication,1152,11,9,2,0.8181818181818182,693.4399006227609,16826.66717446297,178,0,0,active,293,13,6,saas,regular,0.8226640491078938,CUSTOMER_NOTIFICATION,REMINDER,0.7835352718441431,1,910.0
cus_860,pay_1860,ord_1860,930.0,INR,upi,failed,expired_card,expired_card,customer,payment_authentication,483,12,10,2,0.8333333333333334,1094.582722780405,13219.298809719645,164,0,1,none,293,21,6,saas,regular,0.4806250163508912,CUSTOMER_NOTIFICATION,ALTERNATIVE_PAYMENT_METHOD,0.5716382598594094,1,930.0
cus_861,pay_1861,ord_1861,1250.0,INR,wallet,failed,network_timeout,network_timeout,customer,payment_authentication,672,9,8,1,0.8888888888888888,1337.0381350341079,12653.240417302068,68,0,1,none,32,14,2,health,regular,0.9652294720184759,CUSTOMER_NOTIFICATION,RETRY,0.9217083021801492,1,1250.0
cus_862,pay_1862,ord_1862,910.0,INR,wallet,failed,insufficient_funds,insufficient_funds,customer,payment_authentication,740,9,5,4,0.5555555555555556,1029.0991417998277,15829.625578456596,167,0,2,past_due,547,19,2,health,regular,0.6537281033423339,REMINDER,NO_ACTION,0.5166676175400341,0,0.0
cus_863,pay_1863,ord_1863,1930.0,INR,upi,failed,network_timeout,network_timeout,customer,payment_authentication,1357,9,7,2,0.7777777777777778,1640.9646812586225,19629.138736075718,147,0,1,none,720,19,4,health,vip,0.6248685807013166,RETRY,RETRY,0.6880506254839733,1,1930.0
cus_864,pay_1864,ord_1864,4410.0,INR,upi,failed,card_declined,card_declined,customer,payment_authentication,748,5,4,1,0.8,5065.414919847091,51558.43195312247,48,0,0,none,110,6,3,saas,regular,0.528696695972546,REMINDER,REMINDER,0.5528807196133466,0,0.0
cus_865,pay_1865,ord_1865,1260.0,INR,netbanking,failed,temporary_bank_failure,temporary_bank_failure,customer,payment_authentication,912,7,3,4,0.42857142857142855,1013.3144054935464,12801.293875585667,69,1,0,active,26,23,0,health,regular,0.6773841590228755,CUSTOMER_NOTIFICATION,RETRY,0.6117126415596014,1,1260.0
cus_866,pay_1866,ord_1866,4580.0,INR,wallet,failed,insufficient_funds,insufficient_funds,customer,payment_authentication,1281,6,1,5,0.16666666666666666,5570.218227975762,40054.87190267263,95,1,0,active,166,8,2,retail,regular,0.36453581115598227,RETRY,NO_ACTION,0.21464813631522767,0,0.0
cus_867,pay_1867,ord_1867,7340.0,INR,card,failed,temporary_bank_failure,temporary_bank_failure,customer,payment_authentication,1416,6,3,3,0.5,6045.209290212382,98995.16112618001,62,1,1,none,486,3,6,retail,regular,0.6474484556837484,CUSTOMER_NOTIFICATION,RETRY,0.7216744279476229,1,7340.0
cus_868,pay_1868,ord_1868,2780.0,INR,upi,failed,insufficient_funds,insufficient_funds,customer,payment_authentication,1342,3,2,1,0.6666666666666666,2393.401977098818,9520.59889562691,51,2,0,active,517,5,6,retail,regular,0.3394769351652207,REMINDER,NO_ACTION,0.3150234942350833,0,0.0
cus_869,pay_1869,ord_1869,3060.0,INR,netbanking,failed,card_declined,card_declined,customer,payment_authentication,155,10,5,5,0.5,3373.6891213323925,28591.66558932467,43,0,1,none,582,13,1,health,regular,0.4929950643336642,ALTERNATIVE_PAYMENT_METHOD,NO_ACTION,0.4961264722035156,0,0.0
cus_870,pay_1870,ord_1870,1000.0,INR,card,failed,insufficient_funds,insufficient_funds,customer,payment_authentication,168,11,7,4,0.6363636363636364,900.1288644887619,15163.737633163242,114,1,0,none,840,22,4,education,regular,0.4497053807140766,NO_ACTION,NO_ACTION,0.47711208605870875,0,0.0
cus_871,pay_1871,ord_1871,130.0,INR,upi,failed,temporary_bank_failure,temporary_bank_failure,customer,payment_authentication,655,4,3,1,0.75,115.10587086391082,951.0714878440232,72,2,2,none,978,4,4,education,new,0.49509503364693813,ALTERNATIVE_PAYMENT_METHOD,REMINDER,0.680995975286459,1,130.0
cus_872,pay_1872,ord_1872,3250.0,INR,wallet,failed,card_declined,card_declined,customer,payment_authentication,527,7,7,0,1.0,2396.971022659841,35372.60489883616,174,1,0,active,897,16,5,saas,new,0.4936412790609171,ALTERNATIVE_PAYMENT_METHOD,REMINDER,0.5680600995406989,1,3250.0
cus_873,pay_1873,ord_1873,4010.0,INR,wallet,failed,card_declined,card_declined,customer,payment_authentication,1019,6,5,1,0.8333333333333334,4780.173261947777,54494.72289113338,157,0,1,none,313,1,2,retail,regular,0.6068501051210564,HUMAN_ESCALATION,REMINDER,0.7296042731905803,0,0.0
cus_874,pay_1874,ord_1874,2300.0,INR,wallet,failed,expired_card,expired_card,customer,payment_authentication,648,8,6,2,0.75,2243.9200083549645,41216.01168107414,17,2,1,none,450,12,5,saas,regular,0.5233618156141976,RETRY,ALTERNATIVE_PAYMENT_METHOD,0.5368078891238518,0,0.0
cus_875,pay_1875,ord_1875,4490.0,INR,netbanking,failed,expired_card,expired_card,customer,payment_authentication,612,8,7,1,0.875,4201.878909730059,30433.74401137263,119,0,0,active,718,21,4,saas,new,0.4663738755687891,ALTERNATIVE_PAYMENT_METHOD,ALTERNATIVE_PAYMENT_METHOD,0.5116779879707544,1,4490.0
cus_876,pay_1876,ord_1876,1040.0,INR,card,failed,temporary_bank_failure,temporary_bank_failure,customer,payment_authentication,136,7,6,1,0.8571428571428571,881.2147659675865,7613.843429856943,114,1,1,active,265,15,1,education,new,0.6657520613601087,ALTERNATIVE_PAYMENT_METHOD,RETRY,0.7846742021501614,0,0.0
cus_877,pay_1877,ord_1877,3040.0,INR,card,failed,card_declined,card_declined,customer,payment_authentication,525,5,5,0,1.0,3140.72886597516,25895.667284495605,9,1,0,none,954,23,5,retail,regular,0.7241034538764974,REMINDER,REMINDER,0.7507377194523498,1,3040.0
cus_878,pay_1878,ord_1878,7880.0,INR,upi,failed,insufficient_funds,insufficient_funds,customer,payment_authentication,857,7,5,2,0.7142857142857143,8161.6985921278765,121993.04272785112,142,0,0,none,125,22,6,health,regular,0.9989527873461469,NO_ACTION,REMINDER,0.8123884215007975,1,7880.0
cus_879,pay_1879,ord_1879,3520.0,INR,upi,failed,insufficient_funds,insufficient_funds,customer,payment_authentication,1043,5,4,1,0.8,2468.9688880427084,22469.160437862705,97,1,0,none,462,16,3,saas,regular,0.3176922895018593,HUMAN_ESCALATION,NO_ACTION,0.3839859475392188,0,0.0
cus_880,pay_1880,ord_1880,6920.0,INR,upi,failed,temporary_bank_failure,temporary_bank_failure,customer,payment_authentication,254,7,6,1,0.8571428571428571,5199.422749289336,65169.55779061119,149,1,0,past_due,752,0,0,health,regular,0.6171239361197665,RETRY,RETRY,0.6558945494757813,1,6920.0
cus_881,pay_1881,ord_1881,6970.0,INR,upi,failed,card_declined,card_declined,customer,payment_authentication,908,5,3,2,0.6,7442.24824225348,41835.802350945436,89,0,1,none,120,9,6,retail,vip,0.5858844103276135,NO_ACTION,REMINDER,0.6084973911888499,0,0.0
cus_882,pay_1882,ord_1882,530.0,INR,upi,failed,card_declined,card_declined,customer,payment_authentication,859,3,3,0,1.0,461.3029032390411,4150.223769310171,75,1,1,past_due,989,2,1,education,new,0.4776702883311514,REMINDER,REMINDER,0.5505065687613147,1,530.0
cus_883,pay_1883,ord_1883,3710.0,INR,upi,failed,insufficient_funds,insufficient_funds,customer,payment_authentication,424,10,7,3,0.7,4786.959646849665,36729.555661361264,123,1,2,past_due,123,18,2,health,regular,0.39108831087174495,REMINDER,NO_ACTION,0.5488521235592292,0,0.0
cus_884,pay_1884,ord_1884,960.0,INR,card,failed,network_timeout,network_timeout,customer,payment_authentication,1334,5,4,1,0.8,815.1826454973677,8259.450390773865,137,0,0,active,252,3,2,saas,new,0.9253006775837352,HUMAN_ESCALATION,RETRY,0.7443723165118761,1,960.0
cus_885,pay_1885,ord_1885,600.0,INR,card,failed,network_timeout,network_timeout,customer,payment_authentication,666,9,6,3,0.6666666666666666,474.7375869102789,4379.0418049151385,135,2,1,active,389,23,3,retail,new,0.38734723746946575,ALTERNATIVE_PAYMENT_METHOD,REMINDER,0.570438763808469,1,600.0
cus_886,pay_1886,ord_1886,1360.0,INR,card,failed,temporary_bank_failure,temporary_bank_failure,customer,payment_authentication,396,4,2,2,0.5,988.4250712341969,10078.787144231397,86,0,1,none,642,15,1,retail,regular,0.14349263237622495,RETRY,RETRY,0.31491445922474154,1,1360.0
cus_887,pay_1887,ord_1887,10450.0,INR,card,failed,card_declined,card_declined,customer,payment_authentication,1060,5,5,0,1.0,11619.47934141718,75878.82975885786,101,0,0,past_due,324,21,6,health,regular,0.9082104213185853,RETRY,REMINDER,0.8333216770509836,1,10450.0
cus_888,pay_1888,ord_1888,1050.0,INR,netbanking,failed,insufficient_funds,insufficient_funds,customer,payment_authentication,283,5,3,2,0.6,918.0895804805224,9042.678264433249,178,1,0,none,570,19,2,health,regular,0.47467751409141706,HUMAN_ESCALATION,REMINDER,0.6796051224151752,0,0.0
cus_889,pay_1889,ord_1889,310.0,INR,upi,failed,upi_error,upi_error,customer,payment_authentication,940,5,3,2,0.6,267.9579255103337,1496.0535523136764,157,0,1,active,316,20,3,saas,new,0.6770292063920148,ALTERNATIVE_PAYMENT_METHOD,RETRY,0.5999279503730249,0,0.0
cus_890,pay_1890,ord_1890,430.0,INR,card,failed,temporary_bank_failure,temporary_bank_failure,customer,payment_authentication,1023,7,3,4,0.42857142857142855,329.49223865864445,2815.264409946312,71,0,0,active,347,1,1,health,regular,0.7577135045093462,ALTERNATIVE_PAYMENT_METHOD,RETRY,0.6715955418146679,1,430.0
cus_891,pay_1891,ord_1891,2920.0,INR,netbanking,failed,insufficient_funds,insufficient_funds,customer,payment_authentication,680,10,6,4,0.6,2135.9315048514472,26335.66891839138,115,0,0,past_due,484,12,3,retail,regular,0.7356087461636394,REMINDER,REMINDER,0.8157643015445162,1,2920.0
cus_892,pay_1892,ord_1892,850.0,INR,upi,failed,insufficient_funds,insufficient_funds,customer,payment_authentication,306,4,3,1,0.75,712.4838563425166,7589.398877719912,29,0,1,active,295,21,1,education,regular,0.6109460674277803,REMINDER,REMINDER,0.6067918424981823,0,0.0
cus_893,pay_1893,ord_1893,230.0,INR,card,failed,insufficient_funds,insufficient_funds,customer,payment_authentication,390,5,5,0,1.0,215.73329419699027,2265.173560744483,60,1,0,past_due,537,5,2,education,new,0.5916002556055069,HUMAN_ESCALATION,REMINDER,0.5966493260936827,1,230.0
cus_894,pay_1894,ord_1894,440.0,INR,card,failed,card_declined,card_declined,customer,payment_authentication,333,10,9,1,0.9,482.7844635058609,4195.731796786739,96,0,0,active,417,8,3,education,vip,0.7706398113131717,ALTERNATIVE_PAYMENT_METHOD,REMINDER,0.8511585453025743,1,440.0
cus_895,pay_1895,ord_1895,2140.0,INR,card,failed,expired_card,expired_card,customer,payment_authentication,172,7,6,1,0.8571428571428571,1627.9368743228624,19017.928211966126,67,4,0,past_due,265,3,5,health,regular,0.5296429949698341,NO_ACTION,ALTERNATIVE_PAYMENT_METHOD,0.5911655369108841,1,2140.0
cus_896,pay_1896,ord_1896,3940.0,INR,upi,failed,temporary_bank_failure,temporary_bank_failure,customer,payment_authentication,1496,8,6,2,0.75,3623.615773639401,44940.65656192127,167,1,0,active,403,12,5,saas,regular,0.5840561677777981,CUSTOMER_NOTIFICATION,RETRY,0.5997504880214853,1,3940.0
cus_897,pay_1897,ord_1897,1160.0,INR,card,failed,expired_card,expired_card,customer,payment_authentication,1260,6,2,4,0.3333333333333333,1502.7195245925454,6725.1980828633405,154,0,0,past_due,440,1,2,saas,new,0.33096650970958463,RETRY,ALTERNATIVE_PAYMENT_METHOD,0.3776669057630905,1,1160.0
cus_898,pay_1898,ord_1898,3460.0,INR,card,failed,network_timeout,network_timeout,customer,payment_authentication,783,7,6,1,0.8571428571428571,3836.010659071055,49601.61859830802,5,0,0,none,486,2,2,education,vip,0.9641708835684079,ALTERNATIVE_PAYMENT_METHOD,RETRY,0.9066045952818306,1,3460.0
cus_899,pay_1899,ord_1899,4510.0,INR,card,failed,network_timeout,network_timeout,customer,payment_authentication,1230,9,6,3,0.6666666666666666,5860.819248724537,52848.95722855123,46,0,2,none,651,8,1,health,regular,0.8357340921087831,NO_ACTION,RETRY,0.8507680447500374,1,4510.0
cus_900,pay_1900,ord_1900,830.0,INR,upi,failed,expired_card,expired_card,customer,payment_authentication,986,11,3,8,0.2727272727272727,620.5452656960462,15653.512673347472,28,2,1,active,290,19,6,saas,regular,0.40735888014584065,RETRY,ALTERNATIVE_PAYMENT_METHOD,0.36222728631087503,1,830.0
cus_901,pay_1901,ord_1901,1600.0,INR,card,failed,insufficient_funds,insufficient_funds,customer,payment_authentication,920,11,11,0,1.0,1508.6798685998153,29463.711208503217,25,2,0,active,556,0,0,health,regular,0.1393552155751372,REMINDER,NO_ACTION,0.17813413586251103,0,0.0
cus_902,pay_1902,ord_1902,990.0,INR,netbanking,failed,temporary_bank_failure,temporary_bank_failure,customer,payment_authentication,1076,9,9,0,1.0,829.7561117265517,18697.058064557357,98,1,0,active,434,20,0,saas,regular,0.5756263918533502,CUSTOMER_NOTIFICATION,RETRY,0.5116137964799135,0,0.0
cus_903,pay_1903,ord_1903,3100.0,INR,card,failed,network_timeout,network_timeout,customer,payment_authentication,857,3,3,0,1.0,3921.3059370847595,20639.991945653845,135,0,2,none,755,16,2,saas,regular,1.0,REMINDER,RETRY,0.9484930435260714,1,3100.0
cus_904,pay_1904,ord_1904,980.0,INR,upi,failed,card_declined,card_declined,customer,payment_authentication,840,4,4,0,1.0,1218.30856819355,3649.3153901372357,131,0,1,active,620,22,2,health,regular,0.5668976637725845,CUSTOMER_NOTIFICATION,REMINDER,0.7648808212364941,1,980.0
cus_905,pay_1905,ord_1905,540.0,INR,upi,failed,card_declined,card_declined,customer,payment_authentication,205,12,9,3,0.75,562.3610856591077,6329.16328545632,76,1,1,none,274,19,2,saas,regular,0.5860146946492164,NO_ACTION,NO_ACTION,0.5482004131570584,0,0.0
cus_906,pay_1906,ord_1906,1910.0,INR,upi,failed,network_timeout,network_timeout,customer,payment_authentication,915,9,7,2,0.7777777777777778,1688.9697619529757,24416.409899297574,73,0,1,active,216,17,3,health,new,0.5856413831117735,HUMAN_ESCALATION,RETRY,0.6551036171571448,1,1910.0
cus_907,pay_1907,ord_1907,5490.0,INR,card,failed,temporary_bank_failure,temporary_bank_failure,customer,payment_authentication,670,8,6,2,0.75,5637.757041903252,40561.945437563954,40,1,0,none,376,19,6,saas,regular,0.6474097357135452,ALTERNATIVE_PAYMENT_METHOD,RETRY,0.6912887163469911,1,5490.0
cus_908,pay_1908,ord_1908,3010.0,INR,netbanking,failed,card_declined,card_declined,customer,payment_authentication,369,3,3,0,1.0,3680.246802964163,14560.924227302006,155,1,0,active,351,17,1,saas,regular,0.730676397609171,HUMAN_ESCALATION,REMINDER,0.6993766321251672,0,0.0
cus_909,pay_1909,ord_1909,4950.0,INR,netbanking,failed,temporary_bank_failure,temporary_bank_failure,customer,payment_authentication,726,7,5,2,0.7142857142857143,5169.385009828747,78037.38205110811,149,1,0,past_due,553,2,4,saas,new,0.5717149891437228,RETRY,RETRY,0.5594699308280641,0,0.0
cus_910,pay_1910,ord_1910,4530.0,INR,card,failed,temporary_bank_failure,temporary_bank_failure,customer,payment_authentication,1250,10,8,2,0.8,5250.987150941368,48191.01549092962,66,0,0,active,248,15,5,health,new,0.7348336845003467,HUMAN_ESCALATION,RETRY,0.7581957100536038,1,4530.0
cus_911,pay_1911,ord_1911,1890.0,INR,card,failed,expired_card,expired_card,customer,payment_authentication,692,10,7,3,0.7,2102.924987241645,33599.7540855089,33,1,2,past_due,907,4,6,saas,new,0.667669901244817,RETRY,ALTERNATIVE_PAYMENT_METHOD,0.6015440556687541,0,0.0
cus_912,pay_1912,ord_1912,990.0,INR,wallet,failed,insufficient_funds,insufficient_funds,customer,payment_authentication,715,7,7,0,1.0,750.93553849223,8220.330957304215,84,1,0,none,833,4,5,education,regular,0.6999714632852554,REMINDER,REMINDER,0.6820451851889493,0,0.0
cus_913,pay_1913,ord_1913,760.0,INR,upi,failed,upi_error,upi_error,customer,payment_authentication,363,5,3,2,0.6,877.588816357635,3394.5103583480322,131,0,0,active,611,23,4,education,new,0.5528279573660493,ALTERNATIVE_PAYMENT_METHOD,RETRY,0.6286623507895306,0,0.0
cus_914,pay_1914,ord_1914,370.0,INR,card,failed,insufficient_funds,insufficient_funds,customer,payment_authentication,1209,6,4,2,0.6666666666666666,305.3070012068721,2144.3393847753277,49,2,2,past_due,663,21,5,education,new,0.5860577824219323,RETRY,NO_ACTION,0.47618872737336954,0,0.0
cus_915,pay_1915,ord_1915,5940.0,INR,card,failed,network_timeout,network_timeout,customer,payment_authentication,186,8,7,1,0.875,7260.630890644375,44642.488525292574,61,2,1,active,287,23,5,retail,regular,0.9206611991183105,NO_ACTION,REMINDER,0.8142107639960761,1,5940.0
cus_916,pay_1916,ord_1916,1300.0,INR,upi,failed,network_timeout,network_timeout,customer,payment_authentication,1256,7,5,2,0.7142857142857143,1151.5271523720082,11322.671016101409,26,1,0,none,559,0,5,health,regular,0.4118544048054028,CUSTOMER_NOTIFICATION,RETRY,0.41052348615043166,1,1300.0
cus_917,pay_1917,ord_1917,330.0,INR,upi,failed,card_declined,card_declined,customer,payment_authentication,1397,8,6,2,0.75,342.7229875895091,5787.685271972708,128,1,0,none,36,23,0,education,new,0.6780393103834135,RETRY,REMINDER,0.7338798972506713,1,330.0
cus_918,pay_1918,ord_1918,6210.0,INR,upi,failed,upi_error,upi_error,customer,payment_authentication,266,5,3,2,0.6,5411.679268789859,56145.57157611466,158,1,1,none,137,0,2,education,new,0.7639520952551355,HUMAN_ESCALATION,RETRY,0.8410923954680511,1,6210.0
cus_919,pay_1919,ord_1919,1990.0,INR,wallet,failed,insufficient_funds,insufficient_funds,customer,payment_authentication,834,9,3,6,0.3333333333333333,1403.1832882165143,17111.928158035895,139,0,0,active,514,22,4,education,regular,0.6811994845405576,REMINDER,NO_ACTION,0.5139095089371497,0,0.0
cus_920,pay_1920,ord_1920,4760.0,INR,upi,failed,insufficient_funds,insufficient_funds,customer,payment_authentication,879,7,6,1,0.8571428571428571,5560.065321808699,30133.96357115007,144,1,1,active,98,3,6,retail,regular,0.5548814466794025,HUMAN_ESCALATION,REMINDER,0.5733086640934627,0,0.0
cus_921,pay_1921,ord_1921,1390.0,INR,card,failed,temporary_bank_failure,temporary_bank_failure,customer,payment_authentication,1293,7,5,2,0.7142857142857143,1569.1993947811936,21817.519328504175,28,1,0,past_due,950,3,0,retail,vip,0.8210637358596479,NO_ACTION,RETRY,0.8065047475770277,0,0.0
cus_922,pay_1922,ord_1922,820.0,INR,upi,failed,insufficient_funds,insufficient_funds,customer,payment_authentication,489,12,10,2,0.8333333333333334,1028.4346997165542,9836.73347790762,156,0,0,active,739,1,6,health,regular,0.7584554410053429,RETRY,REMINDER,0.716231917042564,0,0.0
cus_923,pay_1923,ord_1923,2820.0,INR,card,failed,network_timeout,network_timeout,customer,payment_authentication,1008,15,10,5,0.6666666666666666,2942.678271894643,47448.027330073775,148,1,1,none,667,18,1,health,regular,0.4141578221108893,ALTERNATIVE_PAYMENT_METHOD,RETRY,0.6903977019009335,1,2820.0
cus_924,pay_1924,ord_1924,3070.0,INR,card,failed,expired_card,expired_card,customer,payment_authentication,149,4,4,0,1.0,2495.568469719904,27540.833410330335,57,1,1,past_due,897,19,1,saas,new,0.7442125139738761,CUSTOMER_NOTIFICATION,ALTERNATIVE_PAYMENT_METHOD,0.8358017071348629,1,3070.0
cus_925,pay_1925,ord_1925,1370.0,INR,card,failed,insufficient_funds,insufficient_funds,customer,payment_authentication,1230,3,2,1,0.6666666666666666,1099.427896057695,7789.065536080387,111,1,2,active,424,5,0,education,new,0.4030574669855697,NO_ACTION,NO_ACTION,0.18289960721170073,0,0.0
cus_926,pay_1926,ord_1926,6720.0,INR,card,failed,temporary_bank_failure,temporary_bank_failure,customer,payment_authentication,1137,6,3,3,0.5,6273.649453544549,46789.51823028669,13,0,1,active,860,19,4,education,regular,0.3915644120149008,CUSTOMER_NOTIFICATION,RETRY,0.6712501840167009,1,6720.0
cus_927,pay_1927,ord_1927,4650.0,INR,upi,failed,expired_card,expired_card,customer,payment_authentication,324,6,5,1,0.8333333333333334,4177.534325420437,50901.53222300724,154,0,0,active,76,6,4,retail,regular,0.6102245157904332,ALTERNATIVE_PAYMENT_METHOD,ALTERNATIVE_PAYMENT_METHOD,0.7598648521015586,1,4650.0
cus_928,pay_1928,ord_1928,3180.0,INR,card,failed,card_declined,card_declined,customer,payment_authentication,188,8,5,3,0.625,3004.495516100261,33857.10308871914,0,0,1,past_due,800,20,6,saas,new,0.5639856187163359,RETRY,REMINDER,0.6089399782610985,1,3180.0
cus_929,pay_1929,ord_1929,600.0,INR,upi,failed,insufficient_funds,insufficient_funds,customer,payment_authentication,159,11,9,2,0.8181818181818182,500.98576749998125,10483.494061940479,5,1,0,past_due,116,11,4,saas,regular,0.5467531581676451,CUSTOMER_NOTIFICATION,REMINDER,0.6459697790273741,1,600.0
cus_930,pay_1930,ord_1930,520.0,INR,upi,failed,network_timeout,network_timeout,customer,payment_authentication,1244,6,3,3,0.5,672.4577975459372,3005.930558384315,110,0,0,past_due,123,13,0,saas,regular,0.37341389553036275,ALTERNATIVE_PAYMENT_METHOD,RETRY,0.4485041623939677,1,520.0
cus_931,pay_1931,ord_1931,6000.0,INR,upi,failed,card_declined,card_declined,customer,payment_authentication,921,6,3,3,0.5,4508.544997671394,77458.89883641184,136,0,0,active,743,19,2,education,regular,0.45154992767801894,NO_ACTION,REMINDER,0.5670624625942781,1,6000.0
cus_932,pay_1932,ord_1932,200.0,INR,netbanking,failed,network_timeout,network_timeout,customer,payment_authentication,557,10,8,2,0.8,228.6992952340904,3243.0623437349573,147,1,0,none,703,11,2,retail,new,0.798568246997801,CUSTOMER_NOTIFICATION,RETRY,0.8157614846802904,1,200.0
cus_933,pay_1933,ord_1933,1650.0,INR,netbanking,failed,insufficient_funds,insufficient_funds,customer,payment_authentication,824,7,6,1,0.8571428571428571,1716.9577476942238,9314.389056392287,177,0,0,past_due,315,10,6,education,regular,0.4454268554267527,NO_ACTION,NO_ACTION,0.4097115777412647,0,0.0
cus_934,pay_1934,ord_1934,2090.0,INR,upi,failed,card_declined,card_declined,customer,payment_authentication,838,4,3,1,0.75,2159.744103478852,14910.051837386905,3,3,1,past_due,151,13,5,health,regular,0.330499623422365,CUSTOMER_NOTIFICATION,NO_ACTION,0.2904389798575547,0,0.0
cus_935,pay_1935,ord_1935,1110.0,INR,card,failed,temporary_bank_failure,temporary_bank_failure,customer,payment_authentication,145,8,5,3,0.625,1185.4813326881354,11695.233134851003,126,0,0,active,292,5,6,education,regular,0.5969654515108617,RETRY,RETRY,0.6791544590777467,1,1110.0
cus_936,pay_1936,ord_1936,1750.0,INR,upi,failed,insufficient_funds,insufficient_funds,customer,payment_authentication,659,5,5,0,1.0,2174.248166240398,19710.409156791033,57,0,1,active,466,10,5,retail,vip,0.8625097982958323,RETRY,REMINDER,0.7652534688978648,0,0.0
cus_937,pay_1937,ord_1937,2750.0,INR,upi,failed,network_timeout,network_timeout,customer,payment_authentication,917,8,4,4,0.5,3038.9994077683677,21782.83914654523,165,0,0,none,230,21,5,health,regular,0.7947339841582681,HUMAN_ESCALATION,RETRY,0.7804332042239548,1,2750.0
cus_938,pay_1938,ord_1938,1010.0,INR,card,failed,card_declined,card_declined,customer,payment_authentication,911,6,4,2,0.6666666666666666,871.1470058480455,8016.163595582575,52,1,1,none,935,15,3,health,regular,0.5918506124052736,REMINDER,NO_ACTION,0.48473915973363624,0,0.0
cus_939,pay_1939,ord_1939,4370.0,INR,card,failed,temporary_bank_failure,temporary_bank_failure,customer,payment_authentication,273,8,4,4,0.5,3764.9621098816488,66621.28452873167,74,0,1,active,897,6,4,health,regular,0.7638168415295413,ALTERNATIVE_PAYMENT_METHOD,RETRY,0.7349922587389544,1,4370.0
cus_940,pay_1940,ord_1940,3240.0,INR,card,failed,network_timeout,network_timeout,customer,payment_authentication,1392,9,7,2,0.7777777777777778,3877.8437953368366,32166.837749096252,53,1,0,active,403,22,5,education,regular,0.7274735860892648,HUMAN_ESCALATION,RETRY,0.7536304962909438,1,3240.0
cus_941,pay_1941,ord_1941,1510.0,INR,upi,failed,temporary_bank_failure,temporary_bank_failure,customer,payment_authentication,163,6,5,1,0.8333333333333334,1490.1345755649613,11702.061017733673,126,0,1,none,305,18,4,education,regular,0.7622309276239695,RETRY,RETRY,0.7859182381529486,1,1510.0
cus_942,pay_1942,ord_1942,790.0,INR,upi,failed,card_declined,card_declined,customer,payment_authentication,1293,6,5,1,0.8333333333333334,887.1093211315439,9415.457453221565,162,1,1,active,197,23,2,retail,new,0.5678537978682957,RETRY,NO_ACTION,0.5326264596941557,0,0.0
cus_943,pay_1943,ord_1943,1650.0,INR,card,failed,upi_error,upi_error,customer,payment_authentication,1477,10,8,2,0.8,1527.1558806577084,29512.45473601779,102,1,2,active,176,18,2,retail,regular,1.0,RETRY,RETRY,0.8851665406396897,1,1650.0
cus_944,pay_1944,ord_1944,14920.0,INR,netbanking,failed,expired_card,expired_card,customer,payment_authentication,1126,8,7,1,0.875,17052.232256288,156783.61917926525,62,0,2,none,87,0,6,health,new,0.5972019445559674,REMINDER,ALTERNATIVE_PAYMENT_METHOD,0.5846890719811905,1,14920.0
cus_945,pay_1945,ord_1945,850.0,INR,wallet,failed,network_timeout,network_timeout,customer,payment_authentication,834,8,7,1,0.875,811.2919391903379,10003.4356426211,60,3,0,past_due,367,2,3,health,new,0.6210888344811799,CUSTOMER_NOTIFICATION,REMINDER,0.6001893296312725,0,0.0
cus_946,pay_1946,ord_1946,8360.0,INR,card,failed,card_declined,card_declined,customer,payment_authentication,289,10,7,3,0.7,8325.661119720784,130404.50439005498,123,0,1,none,893,0,2,health,regular,0.6102334816418962,ALTERNATIVE_PAYMENT_METHOD,REMINDER,0.5537211356485877,0,0.0
cus_947,pay_1947,ord_1947,310.0,INR,wallet,failed,network_timeout,network_timeout,customer,payment_authentication,495,4,4,0,1.0,389.68885109102337,2874.2354533235034,112,0,1,past_due,710,10,0,retail,regular,0.7603753988513474,RETRY,RETRY,0.9378784520830075,1,310.0
cus_948,pay_1948,ord_1948,760.0,INR,card,failed,card_declined,card_declined,customer,payment_authentication,823,10,9,1,0.9,757.6610913235036,13041.247276003378,43,1,0,past_due,52,11,4,health,regular,0.44684043870555484,CUSTOMER_NOTIFICATION,REMINDER,0.5898779336221011,0,0.0
cus_949,pay_1949,ord_1949,1050.0,INR,wallet,failed,card_declined,card_declined,customer,payment_authentication,147,5,4,1,0.8,876.641203401814,9262.565509571594,64,0,1,active,414,3,6,saas,regular,0.44612096106032306,NO_ACTION,NO_ACTION,0.4243388096960366,0,0.0
cus_950,pay_1950,ord_1950,4670.0,INR,wallet,failed,temporary_bank_failure,temporary_bank_failure,customer,payment_authentication,1061,10,6,4,0.6,4758.058462335503,90114.25513819983,170,1,0,active,329,2,5,health,regular,0.6031452845841669,REMINDER,RETRY,0.6987677507829442,0,0.0
cus_951,pay_1951,ord_1951,1910.0,INR,card,failed,network_timeout,network_timeout,customer,payment_authentication,1375,9,5,4,0.5555555555555556,1346.789814406289,20926.44584210129,170,0,1,active,765,17,4,health,new,0.5087346507574066,REMINDER,RETRY,0.5351473554860866,1,1910.0
cus_952,pay_1952,ord_1952,6700.0,INR,netbanking,failed,temporary_bank_failure,temporary_bank_failure,customer,payment_authentication,1113,9,6,3,0.6666666666666666,5811.345872039045,85570.15869488244,70,1,0,none,524,17,2,education,regular,0.6604731178579007,RETRY,RETRY,0.6618101888552473,1,6700.0
cus_953,pay_1953,ord_1953,1300.0,INR,wallet,failed,upi_error,upi_error,customer,payment_authentication,1413,2,2,0,1.0,1381.2380017803005,6211.335999047678,143,0,1,none,682,17,2,saas,regular,1.0,ALTERNATIVE_PAYMENT_METHOD,RETRY,0.8760838567349942,1,1300.0
cus_954,pay_1954,ord_1954,1710.0,INR,wallet,failed,temporary_bank_failure,temporary_bank_failure,customer,payment_authentication,711,11,8,3,0.7272727272727273,1269.7923211586904,25137.822626147583,12,0,1,none,66,14,3,health,new,0.8881039450956865,RETRY,RETRY,0.9057764610654131,1,1710.0
cus_955,pay_1955,ord_1955,1300.0,INR,wallet,failed,temporary_bank_failure,temporary_bank_failure,customer,payment_authentication,386,10,7,3,0.7,1265.2082959672598,18916.092141775596,156,0,0,none,355,7,1,saas,regular,0.6684132278116801,HUMAN_ESCALATION,RETRY,0.8798405334605301,1,1300.0
cus_956,pay_1956,ord_1956,13720.0,INR,upi,failed,network_timeout,network_timeout,customer,payment_authentication,26,7,6,1,0.8571428571428571,14533.733444143116,99716.84319952817,57,0,1,active,358,13,5,saas,new,0.8720615299638833,CUSTOMER_NOTIFICATION,RETRY,0.8516701688455895,0,0.0
cus_957,pay_1957,ord_1957,590.0,INR,card,failed,temporary_bank_failure,temporary_bank_failure,customer,payment_authentication,653,8,7,1,0.875,493.18226083428635,7927.98401203686,114,1,0,active,875,16,2,saas,new,0.8970356820649021,CUSTOMER_NOTIFICATION,RETRY,0.7952864120971607,1,590.0
cus_958,pay_1958,ord_1958,1090.0,INR,netbanking,failed,insufficient_funds,insufficient_funds,customer,payment_authentication,173,5,2,3,0.4,905.4549506980368,10021.27597114879,110,0,1,none,760,17,5,retail,regular,0.6656586369314631,RETRY,REMINDER,0.6124204880511737,1,1090.0
cus_959,pay_1959,ord_1959,680.0,INR,upi,failed,card_declined,card_declined,customer,payment_authentication,968,3,3,0,1.0,748.86822538772,4931.472506565827,151,2,0,active,73,9,1,saas,regular,0.8394160874691339,ALTERNATIVE_PAYMENT_METHOD,REMINDER,0.7929453425730825,1,680.0
cus_960,pay_1960,ord_1960,3210.0,INR,upi,failed,temporary_bank_failure,temporary_bank_failure,customer,payment_authentication,1203,3,3,0,1.0,4123.30247107761,10413.67635577882,172,1,0,active,165,4,0,education,regular,0.6217614182807703,CUSTOMER_NOTIFICATION,RETRY,0.6954411983077455,1,3210.0
cus_961,pay_1961,ord_1961,580.0,INR,upi,failed,temporary_bank_failure,temporary_bank_failure,customer,payment_authentication,167,15,12,3,0.8,512.956157724451,17348.52703277272,66,1,1,past_due,735,13,5,retail,regular,0.8371511165319765,CUSTOMER_NOTIFICATION,RETRY,0.87919436771075,1,580.0
cus_962,pay_1962,ord_1962,11180.0,INR,upi,failed,expired_card,expired_card,customer,payment_authentication,775,5,2,3,0.4,9219.369682948127,54449.35137446274,97,1,1,none,360,21,0,health,regular,0.20269738728133457,NO_ACTION,ALTERNATIVE_PAYMENT_METHOD,0.287605799462434,0,0.0
cus_963,pay_1963,ord_1963,1960.0,INR,card,failed,temporary_bank_failure,temporary_bank_failure,customer,payment_authentication,805,10,7,3,0.7,2529.2043704920375,35981.21784794249,119,1,0,none,507,16,5,education,regular,0.77805382669648,REMINDER,RETRY,0.8515528944619314,1,1960.0
cus_964,pay_1964,ord_1964,2730.0,INR,upi,failed,temporary_bank_failure,temporary_bank_failure,customer,payment_authentication,467,10,5,5,0.5,3278.165004029509,44015.61246143471,105,0,1,active,382,16,2,education,vip,0.6543685574522955,NO_ACTION,RETRY,0.6752080311441688,1,2730.0
cus_965,pay_1965,ord_1965,2870.0,INR,card,failed,temporary_bank_failure,temporary_bank_failure,customer,payment_authentication,328,10,6,4,0.6,3620.779949437464,38764.24763298991,60,1,1,past_due,320,20,5,saas,new,0.6903379345194844,ALTERNATIVE_PAYMENT_METHOD,RETRY,0.5983293698377727,1,2870.0
cus_966,pay_1966,ord_1966,1770.0,INR,upi,failed,insufficient_funds,insufficient_funds,customer,payment_authentication,1070,7,4,3,0.5714285714285714,1287.955880993235,26911.369325666834,68,0,0,past_due,125,16,5,education,regular,0.8308172445086708,ALTERNATIVE_PAYMENT_METHOD,NO_ACTION,0.5427321937327182,0,0.0
cus_967,pay_1967,ord_1967,2040.0,INR,netbanking,failed,insufficient_funds,insufficient_funds,customer,payment_authentication,338,10,9,1,0.9,2570.732319702178,29027.033167905203,107,0,0,active,408,11,4,health,new,0.6032085996621002,NO_ACTION,REMINDER,0.5885517898401065,1,2040.0
cus_968,pay_1968,ord_1968,1970.0,INR,upi,failed,temporary_bank_failure,temporary_bank_failure,customer,payment_authentication,48,4,3,1,0.75,2369.9057780542066,7211.889850414124,169,0,0,active,795,16,2,education,regular,0.868763380353471,REMINDER,RETRY,0.8147146309810053,1,1970.0
cus_969,pay_1969,ord_1969,3040.0,INR,upi,failed,card_declined,card_declined,customer,payment_authentication,904,6,3,3,0.5,2674.623332588793,29297.561584453124,12,0,1,none,587,16,6,retail,regular,0.50170726099421,HUMAN_ESCALATION,REMINDER,0.7429282358998293,1,3040.0
cus_970,pay_1970,ord_1970,790.0,INR,card,failed,card_declined,card_declined,customer,payment_authentication,102,8,3,5,0.375,848.8800834751909,9898.512202470734,40,1,1,none,173,10,3,education,regular,0.08613311180400902,CUSTOMER_NOTIFICATION,NO_ACTION,0.1301014205851875,0,0.0
cus_971,pay_1971,ord_1971,670.0,INR,wallet,failed,temporary_bank_failure,temporary_bank_failure,customer,payment_authentication,465,8,4,4,0.5,538.2098203653641,10056.152018527258,142,1,1,none,273,6,1,retail,regular,0.7395570303644118,ALTERNATIVE_PAYMENT_METHOD,RETRY,0.586386243618557,0,0.0
cus_972,pay_1972,ord_1972,4110.0,INR,upi,failed,insufficient_funds,insufficient_funds,customer,payment_authentication,132,3,1,2,0.3333333333333333,3907.0726124772723,19164.492036186875,107,0,1,none,712,9,4,saas,new,0.3268008887666817,REMINDER,NO_ACTION,0.3174406033596048,0,0.0
cus_973,pay_1973,ord_1973,1800.0,INR,card,failed,network_timeout,network_timeout,customer,payment_authentication,825,11,7,4,0.6363636363636364,1910.640392952357,17196.121876987334,75,1,0,past_due,606,11,3,education,regular,0.782830044149586,NO_ACTION,RETRY,0.7933219013278627,1,1800.0
cus_974,pay_1974,ord_1974,240.0,INR,card,failed,card_declined,card_declined,customer,payment_authentication,327,7,5,2,0.7142857142857143,183.88587277321938,2216.2697412483276,63,0,0,none,994,16,0,retail,regular,1.0,HUMAN_ESCALATION,REMINDER,0.7511902392477796,1,240.0
cus_975,pay_1975,ord_1975,1120.0,INR,card,failed,insufficient_funds,insufficient_funds,customer,payment_authentication,394,4,3,1,0.75,1433.4807976463167,8307.010011772398,177,1,1,active,530,2,4,saas,regular,0.5922570309002749,NO_ACTION,NO_ACTION,0.473280654943263,0,0.0
cus_976,pay_1976,ord_1976,8350.0,INR,upi,failed,expired_card,expired_card,customer,payment_authentication,599,6,5,1,0.8333333333333334,10500.083500368193,82308.03625568488,159,0,0,none,950,16,0,health,regular,0.697011573860493,HUMAN_ESCALATION,ALTERNATIVE_PAYMENT_METHOD,0.6198497190021693,1,8350.0
cus_977,pay_1977,ord_1977,1540.0,INR,wallet,failed,temporary_bank_failure,temporary_bank_failure,customer,payment_authentication,732,5,5,0,1.0,1879.4507648585736,16642.079355541013,154,0,2,active,768,11,6,retail,new,0.654414583127198,REMINDER,RETRY,0.6607793176780064,1,1540.0
cus_978,pay_1978,ord_1978,1060.0,INR,upi,failed,network_timeout,network_timeout,customer,payment_authentication,1078,2,2,0,1.0,823.7612606378653,3343.0167341308716,51,1,2,none,874,2,0,health,regular,0.9369884429416635,NO_ACTION,RETRY,0.9097885613003925,1,1060.0
cus_979,pay_1979,ord_1979,410.0,INR,card,failed,upi_error,upi_error,customer,payment_authentication,1398,6,6,0,1.0,451.61316524614756,4132.921312334509,110,1,0,active,179,8,2,education,regular,1.0,NO_ACTION,RETRY,0.8734403582924345,1,410.0
cus_980,pay_1980,ord_1980,1020.0,INR,netbanking,failed,upi_error,upi_error,customer,payment_authentication,905,3,3,0,1.0,1258.9429673864981,8030.522460380194,172,1,0,none,392,18,2,education,vip,0.6957818306052518,HUMAN_ESCALATION,RETRY,0.47254751002145234,1,1020.0
cus_981,pay_1981,ord_1981,560.0,INR,card,failed,temporary_bank_failure,temporary_bank_failure,customer,payment_authentication,727,4,3,1,0.75,438.24187045372014,3101.7345291540464,47,0,0,none,356,22,1,retail,regular,0.7645960944583429,ALTERNATIVE_PAYMENT_METHOD,RETRY,0.8183356738995033,1,560.0
cus_982,pay_1982,ord_1982,2780.0,INR,netbanking,failed,insufficient_funds,insufficient_funds,customer,payment_authentication,876,7,5,2,0.7142857142857143,3025.6924845910735,28176.52629973245,37,2,0,active,100,19,3,health,vip,0.10966090402055584,CUSTOMER_NOTIFICATION,NO_ACTION,0.27204858049471947,0,0.0
cus_983,pay_1983,ord_1983,1900.0,INR,card,failed,temporary_bank_failure,temporary_bank_failure,customer,payment_authentication,752,10,7,3,0.7,1562.7659902877485,41643.073563425656,113,0,2,active,510,6,0,saas,new,0.7542575979600314,NO_ACTION,RETRY,0.7493170808176909,1,1900.0
cus_984,pay_1984,ord_1984,1260.0,INR,upi,failed,insufficient_funds,insufficient_funds,customer,payment_authentication,9,5,4,1,0.8,1403.526487683597,6711.240305171174,35,1,0,none,56,13,6,saas,regular,0.3941852992625302,ALTERNATIVE_PAYMENT_METHOD,NO_ACTION,0.31781595559195386,0,0.0
cus_985,pay_1985,ord_1985,840.0,INR,wallet,failed,insufficient_funds,insufficient_funds,customer,payment_authentication,739,6,4,2,0.6666666666666666,914.3507774206598,8500.512105002766,136,2,0,active,727,23,6,retail,regular,0.31823506841925475,CUSTOMER_NOTIFICATION,NO_ACTION,0.13761104673283292,0,0.0
cus_986,pay_1986,ord_1986,8320.0,INR,card,failed,card_declined,card_declined,customer,payment_authentication,1116,12,9,3,0.75,10175.077198084758,127786.04445287008,155,2,1,active,267,11,0,saas,regular,0.4969580514219546,NO_ACTION,NO_ACTION,0.5074585676746053,0,0.0
cus_987,pay_1987,ord_1987,890.0,INR,upi,failed,temporary_bank_failure,temporary_bank_failure,customer,payment_authentication,1284,4,3,1,0.75,882.3740883854103,3381.93371790687,84,0,1,none,336,5,1,saas,regular,0.8758934588170496,RETRY,RETRY,0.910761323528858,1,890.0
cus_988,pay_1988,ord_1988,900.0,INR,wallet,failed,upi_error,upi_error,customer,payment_authentication,138,9,6,3,0.6666666666666666,1039.787058376811,15201.159154854815,178,0,1,none,245,12,3,saas,new,0.7567187254468579,CUSTOMER_NOTIFICATION,RETRY,0.6455171445410796,0,0.0
cus_989,pay_1989,ord_1989,1420.0,INR,card,failed,temporary_bank_failure,temporary_bank_failure,customer,payment_authentication,1022,11,10,1,0.9090909090909091,1157.4351396849368,16332.5218161465,106,0,1,past_due,305,14,0,health,regular,0.8039748867053222,RETRY,RETRY,0.8962707290920698,1,1420.0
cus_990,pay_1990,ord_1990,1630.0,INR,card,failed,temporary_bank_failure,temporary_bank_failure,customer,payment_authentication,166,5,3,2,0.6,1769.4888939374323,18187.59698983675,73,1,1,none,458,5,2,saas,regular,0.7773501955697617,NO_ACTION,RETRY,0.8010959617009725,1,1630.0
cus_991,pay_1991,ord_1991,2930.0,INR,upi,failed,network_timeout,network_timeout,customer,payment_authentication,46,11,7,4,0.6363636363636364,3592.4801805719044,43711.028794735976,157,1,1,none,893,7,6,saas,regular,0.800777766301297,ALTERNATIVE_PAYMENT_METHOD,RETRY,0.8002284091337739,1,2930.0
cus_992,pay_1992,ord_1992,4580.0,INR,card,failed,card_declined,card_declined,customer,payment_authentication,69,9,7,2,0.7777777777777778,5192.782072959097,40670.99216832428,112,0,0,active,131,23,4,health,regular,0.8773314715054613,CUSTOMER_NOTIFICATION,REMINDER,0.8844976409836683,1,4580.0
cus_993,pay_1993,ord_1993,4250.0,INR,card,failed,insufficient_funds,insufficient_funds,customer,payment_authentication,177,8,4,4,0.5,5215.402049283002,39008.080312670725,24,1,1,active,108,21,6,saas,regular,0.7538805338038214,RETRY,REMINDER,0.625958958070666,0,0.0
cus_994,pay_1994,ord_1994,20540.0,INR,upi,failed,card_declined,card_declined,customer,payment_authentication,126,7,6,1,0.8571428571428571,22139.48522237833,292938.81478121405,155,1,1,none,317,21,1,retail,regular,0.9302738145478846,RETRY,REMINDER,0.8767218803604849,1,20540.0
cus_995,pay_1995,ord_1995,330.0,INR,netbanking,failed,temporary_bank_failure,temporary_bank_failure,customer,payment_authentication,867,10,7,3,0.7,340.17916956550806,4305.337183923711,89,2,0,none,727,11,3,education,regular,0.3152645215474249,HUMAN_ESCALATION,NO_ACTION,0.36929911055691594,0,0.0
cus_996,pay_1996,ord_1996,2280.0,INR,card,failed,temporary_bank_failure,temporary_bank_failure,customer,payment_authentication,1380,7,4,3,0.5714285714285714,2847.779612711964,18844.60573086462,61,0,1,none,754,20,6,saas,regular,0.8055986491927706,NO_ACTION,RETRY,0.8291270839557695,1,2280.0
cus_997,pay_1997,ord_1997,1070.0,INR,card,failed,expired_card,expired_card,customer,payment_authentication,1140,5,3,2,0.6,956.6251219714544,6571.705138523981,155,1,1,none,804,6,1,saas,regular,0.9538101992492269,REMINDER,ALTERNATIVE_PAYMENT_METHOD,0.674032323810642,1,1070.0
cus_998,pay_1998,ord_1998,13490.0,INR,netbanking,failed,insufficient_funds,insufficient_funds,customer,payment_authentication,1096,9,6,3,0.6666666666666666,15500.187626525661,196704.02649270502,139,0,0,active,678,7,5,health,regular,0.44220815666773317,CUSTOMER_NOTIFICATION,REMINDER,0.5865732447412753,0,0.0
cus_999,pay_1999,ord_1999,2160.0,INR,upi,failed,card_declined,card_declined,customer,payment_authentication,176,8,5,3,0.625,2410.192340692729,20098.465360975293,70,1,2,none,261,4,3,health,regular,0.0,RETRY,NO_ACTION,0.09115202616480243,0,0.0
cus_0,pay_2000,ord_2000,240.0,INR,netbanking,failed,temporary_bank_failure,temporary_bank_failure,customer,payment_authentication,1407,5,5,0,1.0,285.2530983478076,2758.943374344813,177,1,1,active,657,16,2,education,new,0.42436470425529516,RETRY,RETRY,0.548491199581473,1,240.0
cus_1,pay_2001,ord_2001,2790.0,INR,upi,failed,card_declined,card_declined,customer,payment_authentication,754,10,7,3,0.7,2786.0334681765876,23452.61713652207,159,1,2,none,437,17,0,saas,vip,0.4399918017948809,CUSTOMER_NOTIFICATION,NO_ACTION,0.40958353879508075,0,0.0
cus_2,pay_2002,ord_2002,2360.0,INR,wallet,failed,network_timeout,network_timeout,customer,payment_authentication,47,3,2,1,0.6666666666666666,2350.9435398877495,8520.651527997383,31,0,1,none,681,15,6,health,new,0.9268106579927273,REMINDER,RETRY,0.8131168921863038,1,2360.0
cus_3,pay_2003,ord_2003,3860.0,INR,upi,failed,temporary_bank_failure,temporary_bank_failure,customer,payment_authentication,964,7,7,0,1.0,2781.1765191116906,38836.042999878344,100,1,1,none,519,21,0,retail,new,0.734054405587269,CUSTOMER_NOTIFICATION,RETRY,0.745561095222196,1,3860.0
cus_4,pay_2004,ord_2004,880.0,INR,card,failed,temporary_bank_failure,temporary_bank_failure,customer,payment_authentication,1057,6,6,0,1.0,1107.7792504220702,5979.876380390905,114,0,0,none,931,4,0,retail,vip,0.7687718024990815,HUMAN_ESCALATION,RETRY,0.825169774227407,1,880.0
cus_5,pay_2005,ord_2005,2510.0,INR,netbanking,failed,insufficient_funds,insufficient_funds,customer,payment_authentication,601,1,0,1,0.0,2340.2931442145423,8595.285912777294,72,3,0,none,770,18,3,health,regular,0.013947543816160354,RETRY,NO_ACTION,0.08740117959133141,0,0.0
cus_6,pay_2006,ord_2006,1380.0,INR,upi,failed,network_timeout,network_timeout,customer,payment_authentication,1073,7,6,1,0.8571428571428571,1423.0732640287908,20882.217370597315,95,0,1,none,982,23,0,education,regular,0.6378621335937659,HUMAN_ESCALATION,RETRY,0.8111627687737389,1,1380.0
cus_7,pay_2007,ord_2007,920.0,INR,card,failed,card_declined,card_declined,customer,payment_authentication,1040,5,2,3,0.4,753.418551693924,8170.929689210752,178,1,1,active,874,12,5,saas,regular,0.5225239816868917,REMINDER,NO_ACTION,0.36258568244545153,0,0.0
cus_8,pay_2008,ord_2008,2550.0,INR,card,failed,card_declined,card_declined,customer,payment_authentication,871,8,7,1,0.875,2727.8011890088087,41544.66546906447,102,0,2,past_due,495,12,5,education,regular,0.5966827243556219,ALTERNATIVE_PAYMENT_METHOD,REMINDER,0.6169339582930821,0,0.0
cus_9,pay_2009,ord_2009,2110.0,INR,upi,failed,insufficient_funds,insufficient_funds,customer,payment_authentication,514,4,3,1,0.75,1915.1802595054435,18365.041696712593,29,0,0,active,392,22,1,health,regular,0.7710575117721252,HUMAN_ESCALATION,REMINDER,0.7488032410077149,1,2110.0
cus_10,pay_2010,ord_2010,5170.0,INR,card,failed,temporary_bank_failure,temporary_bank_failure,customer,payment_authentication,1497,3,2,1,0.6666666666666666,5433.840608984746,18740.52469865362,153,0,1,none,279,3,6,education,regular,0.9794620734953133,ALTERNATIVE_PAYMENT_METHOD,RETRY,0.8941722899160957,1,5170.0
cus_11,pay_2011,ord_2011,1860.0,INR,card,failed,expired_card,expired_card,customer,payment_authentication,934,8,5,3,0.625,2122.636962545789,13418.66882614247,62,0,0,active,348,12,4,health,vip,0.5330639274679216,RETRY,ALTERNATIVE_PAYMENT_METHOD,0.3943814447925222,0,0.0
cus_12,pay_2012,ord_2012,3310.0,INR,card,failed,temporary_bank_failure,temporary_bank_failure,customer,payment_authentication,693,6,4,2,0.6666666666666666,3528.4402801265533,35166.095358246486,30,1,1,active,196,12,4,education,regular,0.7214616091518481,HUMAN_ESCALATION,RETRY,0.7440483340062437,0,0.0
cus_13,pay_2013,ord_2013,540.0,INR,upi,failed,network_timeout,network_timeout,customer,payment_authentication,1148,7,6,1,0.8571428571428571,387.9236190592863,8541.854041077675,39,4,0,past_due,351,5,2,retail,regular,0.13716923296374112,RETRY,NO_ACTION,0.22838443646167117,0,0.0
cus_14,pay_2014,ord_2014,7290.0,INR,upi,failed,temporary_bank_failure,temporary_bank_failure,customer,payment_authentication,364,8,6,2,0.75,8628.79088778821,116882.90043918646,149,0,1,active,875,2,5,saas,regular,0.6306455155221131,NO_ACTION,RETRY,0.6328059358408633,1,7290.0
cus_15,pay_2015,ord_2015,830.0,INR,upi,failed,insufficient_funds,insufficient_funds,customer,payment_authentication,1433,11,7,4,0.6363636363636364,860.3120367902941,14951.850769617258,176,1,1,none,195,5,0,retail,regular,0.6340466925673476,NO_ACTION,REMINDER,0.6472153309124556,1,830.0
cus_16,pay_2016,ord_2016,4460.0,INR,card,failed,expired_card,expired_card,customer,payment_authentication,1104,6,5,1,0.8333333333333334,3759.9502726106857,26356.746337258923,33,2,1,active,877,18,6,retail,new,0.7145950157021019,NO_ACTION,ALTERNATIVE_PAYMENT_METHOD,0.7703745022319443,1,4460.0
cus_17,pay_2017,ord_2017,2350.0,INR,card,failed,expired_card,expired_card,customer,payment_authentication,958,9,6,3,0.6666666666666666,2101.3657343992973,40270.21758740215,27,2,1,active,55,15,1,saas,new,0.2551264473458915,REMINDER,ALTERNATIVE_PAYMENT_METHOD,0.3813524119655438,0,0.0
cus_18,pay_2018,ord_2018,2070.0,INR,upi,failed,card_declined,card_declined,customer,payment_authentication,400,6,5,1,0.8333333333333334,2456.3107287598086,23008.09282522611,175,1,0,past_due,163,19,1,education,regular,0.8555494779769302,RETRY,REMINDER,0.8166410028617083,1,2070.0
cus_19,pay_2019,ord_2019,3870.0,INR,card,failed,insufficient_funds,insufficient_funds,customer,payment_authentication,528,6,5,1,0.8333333333333334,4883.050868462598,51851.4757554341,21,2,1,none,889,19,0,retail,regular,0.5345189976421845,NO_ACTION,NO_ACTION,0.40198939913189036,0,0.0
cus_20,pay_2020,ord_2020,210.0,INR,upi,failed,upi_error,upi_error,customer,payment_authentication,1424,11,9,2,0.8181818181818182,249.49648764402193,4088.017370123792,100,1,1,none,526,19,0,education,vip,0.8316664220154829,HUMAN_ESCALATION,RETRY,0.6564915233954135,0,0.0
cus_21,pay_2021,ord_2021,1020.0,INR,card,failed,network_timeout,network_timeout,customer,payment_authentication,1082,8,7,1,0.875,1256.3880826352085,7661.510284581519,47,0,0,active,311,16,1,retail,regular,0.8474517731525347,ALTERNATIVE_PAYMENT_METHOD,RETRY,0.9230926482102528,1,1020.0
cus_22,pay_2022,ord_2022,3810.0,INR,card,failed,network_timeout,network_timeout,customer,payment_authentication,167,12,8,4,0.6666666666666666,3786.858579426708,73896.4973028993,35,0,0,active,193,1,3,saas,regular,0.8834498850784351,REMINDER,RETRY,0.7075816797013632,1,3810.0
cus_23,pay_2023,ord_2023,12360.0,INR,card,failed,card_declined,card_declined,customer,payment_authentication,1206,5,1,4,0.2,11742.706581901732,90837.88894531316,109,0,1,none,11,2,2,retail,new,0.5377543278096107,NO_ACTION,REMINDER,0.6478143970884563,1,12360.0
cus_24,pay_2024,ord_2024,1760.0,INR,upi,failed,card_declined,card_declined,customer,payment_authentication,178,12,11,1,0.9166666666666666,2096.683256804697,28549.5980676558,31,1,0,active,205,3,3,saas,regular,0.5741704175038934,ALTERNATIVE_PAYMENT_METHOD,REMINDER,0.5592483865777433,1,1760.0
cus_25,pay_2025,ord_2025,160.0,INR,card,failed,card_declined,card_declined,customer,payment_authentication,622,10,8,2,0.8,149.87895420241438,2680.197425410202,47,0,0,active,145,11,1,health,regular,0.5711244845931407,ALTERNATIVE_PAYMENT_METHOD,NO_ACTION,0.4665688070403495,0,0.0
cus_26,pay_2026,ord_2026,1320.0,INR,netbanking,failed,insufficient_funds,insufficient_funds,customer,payment_authentication,626,4,1,3,0.25,1483.0388695563229,12339.159156991205,116,0,1,none,686,2,5,education,regular,0.4120257754443461,HUMAN_ESCALATION,NO_ACTION,0.3567734073387412,0,0.0
cus_27,pay_2027,ord_2027,1700.0,INR,card,failed,insufficient_funds,insufficient_funds,customer,payment_authentication,544,8,6,2,0.75,1815.307813093605,25822.039458178922,58,1,0,active,942,1,2,health,regular,0.370485170249067,HUMAN_ESCALATION,NO_ACTION,0.2292882814581256,0,0.0
cus_28,pay_2028,ord_2028,5480.0,INR,upi,failed,card_declined,card_declined,customer,payment_authentication,743,7,5,2,0.7142857142857143,4338.672866873711,31959.10825280194,177,0,1,past_due,250,15,3,education,regular,0.7029042033764703,ALTERNATIVE_PAYMENT_METHOD,REMINDER,0.8053830978635551,1,5480.0
cus_29,pay_2029,ord_2029,1900.0,INR,upi,failed,temporary_bank_failure,temporary_bank_failure,customer,payment_authentication,229,9,6,3,0.6666666666666666,1681.8831242493231,16930.874070796126,96,1,0,none,61,22,0,retail,regular,0.7021848363413521,NO_ACTION,RETRY,0.7204448854834058,1,1900.0
cus_30,pay_2030,ord_2030,500.0,INR,card,failed,temporary_bank_failure,temporary_bank_failure,customer,payment_authentication,992,10,8,2,0.8,413.74083899687474,6446.793558539218,20,0,0,active,993,6,2,health,regular,0.7419683374427326,ALTERNATIVE_PAYMENT_METHOD,RETRY,0.7622765622147964,0,0.0
cus_31,pay_2031,ord_2031,4740.0,INR,upi,failed,network_timeout,network_timeout,customer,payment_authentication,1015,8,6,2,0.75,3674.8558877917108,67833.52152164078,114,0,0,none,692,2,0,saas,regular,0.8709173380195864,REMINDER,RETRY,0.7569980624150509,1,4740.0
cus_32,pay_2032,ord_2032,3190.0,INR,card,failed,temporary_bank_failure,temporary_bank_failure,customer,payment_authentication,1277,9,5,4,0.5555555555555556,3037.222211996664,48630.05357066802,109,0,1,none,396,3,2,education,new,0.7851277639632157,REMINDER,RETRY,0.8082711037868774,0,0.0
cus_33,pay_2033,ord_2033,900.0,INR,upi,failed,expired_card,expired_card,customer,payment_authentication,667,9,6,3,0.6666666666666666,737.1430543894143,12193.140123828549,104,0,0,active,780,21,5,saas,new,0.7421876405610791,RETRY,ALTERNATIVE_PAYMENT_METHOD,0.7188144629124252,1,900.0
cus_34,pay_2034,ord_2034,3710.0,INR,card,failed,card_declined,card_declined,customer,payment_authentication,796,6,4,2,0.6666666666666666,2756.062241622358,32700.72143441527,172,0,0,past_due,696,23,3,education,new,0.5619267779280126,RETRY,REMINDER,0.5877566756217455,0,0.0
cus_35,pay_2035,ord_2035,1050.0,INR,netbanking,failed,temporary_bank_failure,temporary_bank_failure,customer,payment_authentication,200,6,5,1,0.8333333333333334,865.382196588175,12689.283113505107,110,0,1,none,748,8,5,health,regular,0.9218716622526806,ALTERNATIVE_PAYMENT_METHOD,RETRY,0.8856769184308142,1,1050.0
cus_36,pay_2036,ord_2036,1340.0,INR,wallet,failed,network_timeout,network_timeout,customer,payment_authentication,521,5,4,1,0.8,1435.5877641181817,6628.224876344884,135,0,1,active,169,11,0,education,new,0.7340391097731194,NO_ACTION,RETRY,0.8091580507710324,1,1340.0
cus_37,pay_2037,ord_2037,1060.0,INR,card,failed,temporary_bank_failure,temporary_bank_failure,customer,payment_authentication,842,8,4,4,0.5,1256.1610905045832,14057.674820197048,120,0,0,none,333,14,2,saas,regular,0.5943421285081881,HUMAN_ESCALATION,RETRY,0.7062920186492196,1,1060.0
cus_38,pay_2038,ord_2038,1330.0,INR,upi,failed,network_timeout,network_timeout,customer,payment_authentication,625,4,2,2,0.5,1300.4108131788776,11644.422542005083,45,1,1,none,520,11,0,saas,regular,0.6965761097575939,REMINDER,RETRY,0.7464437742236556,1,1330.0
cus_39,pay_2039,ord_2039,4480.0,INR,netbanking,failed,network_timeout,network_timeout,customer,payment_authentication,1484,9,5,4,0.5555555555555556,4773.89788850068,47224.95157776234,157,0,0,active,639,16,6,education,regular,0.6193027873602576,CUSTOMER_NOTIFICATION,RETRY,0.7111233736489557,1,4480.0
cus_40,pay_2040,ord_2040,300.0,INR,card,failed,temporary_bank_failure,temporary_bank_failure,customer,payment_authentication,416,8,7,1,0.875,327.0821530803331,2599.902244385181,121,0,0,past_due,555,13,6,retail,regular,0.5854901738328547,ALTERNATIVE_PAYMENT_METHOD,RETRY,0.6057703348509947,0,0.0
cus_41,pay_2041,ord_2041,5450.0,INR,netbanking,failed,temporary_bank_failure,temporary_bank_failure,customer,payment_authentication,77,10,6,4,0.6,5945.225679623143,94451.08112878358,121,0,0,active,281,20,1,saas,regular,0.8781340050294557,NO_ACTION,RETRY,0.7999596889450453,1,5450.0
cus_42,pay_2042,ord_2042,2160.0,INR,upi,failed,insufficient_funds,insufficient_funds,customer,payment_authentication,1301,12,12,0,1.0,2790.9694976272617,26067.226392583332,13,1,1,active,370,11,5,education,new,0.5111295700395789,REMINDER,REMINDER,0.6448847974704057,1,2160.0
cus_43,pay_2043,ord_2043,1220.0,INR,wallet,failed,insufficient_funds,insufficient_funds,customer,payment_authentication,773,7,5,2,0.7142857142857143,1299.7654893696204,13026.564190445633,129,2,2,past_due,416,17,5,health,new,0.3273326272771696,REMINDER,NO_ACTION,0.36872060479512014,0,0.0
cus_44,pay_2044,ord_2044,1850.0,INR,wallet,failed,temporary_bank_failure,temporary_bank_failure,customer,payment_authentication,107,9,6,3,0.6666666666666666,1901.3234971584104,35143.992260871724,16,1,0,active,75,6,2,education,regular,1.0,HUMAN_ESCALATION,RETRY,0.8454280726532004,1,1850.0
cus_45,pay_2045,ord_2045,730.0,INR,card,failed,upi_error,upi_error,customer,payment_authentication,1403,10,8,2,0.8,890.6302976024201,6254.514995220144,71,0,0,active,831,12,3,retail,new,0.650008633892695,RETRY,RETRY,0.829489335013687,1,730.0
cus_46,pay_2046,ord_2046,350.0,INR,upi,failed,temporary_bank_failure,temporary_bank_failure,customer,payment_authentication,311,9,7,2,0.7777777777777778,375.39895263685275,6586.632386284643,101,0,2,active,648,16,6,health,regular,0.6490253703085196,REMINDER,RETRY,0.7607189291732472,1,350.0
cus_47,pay_2047,ord_2047,750.0,INR,upi,failed,network_timeout,network_timeout,customer,payment_authentication,1438,9,6,3,0.6666666666666666,731.1630531580462,7106.047154408931,170,1,0,none,606,6,2,retail,regular,0.6879249045927897,REMINDER,RETRY,0.6577061680459892,1,750.0
cus_48,pay_2048,ord_2048,270.0,INR,card,failed,temporary_bank_failure,temporary_bank_failure,customer,payment_authentication,517,5,2,3,0.4,309.27165610457956,2149.8231374853335,32,3,1,active,765,14,3,health,new,0.17118354565794514,ALTERNATIVE_PAYMENT_METHOD,NO_ACTION,0.33157537512968066,0,0.0
cus_49,pay_2049,ord_2049,470.0,INR,card,failed,upi_error,upi_error,customer,payment_authentication,513,7,6,1,0.8571428571428571,392.2340988626248,3278.3378903983535,145,1,1,none,468,4,2,saas,new,0.7499122533346102,REMINDER,RETRY,0.7630166848990931,1,470.0
cus_50,pay_2050,ord_2050,360.0,INR,wallet,failed,temporary_bank_failure,temporary_bank_failure,customer,payment_authentication,318,5,5,0,1.0,397.2707627165275,3505.311553515945,96,1,1,none,588,20,2,saas,regular,0.9147617243673485,HUMAN_ESCALATION,RETRY,0.7474566904922179,1,360.0
cus_51,pay_2051,ord_2051,6150.0,INR,card,failed,insufficient_funds,insufficient_funds,customer,payment_authentication,258,7,5,2,0.7142857142857143,7136.059796680543,98257.60271184427,104,0,1,none,686,16,1,health,regular,0.6052952540241019,ALTERNATIVE_PAYMENT_METHOD,REMINDER,0.6678811399139982,0,0.0
cus_52,pay_2052,ord_2052,500.0,INR,upi,failed,expired_card,expired_card,customer,payment_authentication,1200,3,3,0,1.0,541.5692155579014,2185.4577676291296,163,0,0,past_due,649,9,0,saas,vip,0.3461332121170241,ALTERNATIVE_PAYMENT_METHOD,ALTERNATIVE_PAYMENT_METHOD,0.43568692541607046,1,500.0
cus_53,pay_2053,ord_2053,1730.0,INR,netbanking,failed,temporary_bank_failure,temporary_bank_failure,customer,payment_authentication,631,11,9,2,0.8181818181818182,1405.8703722061368,39487.652910272394,80,0,1,none,740,9,4,retail,new,0.5933942846520914,REMINDER,RETRY,0.7562234558244841,0,0.0
cus_54,pay_2054,ord_2054,5520.0,INR,card,failed,network_timeout,network_timeout,customer,payment_authentication,835,8,7,1,0.875,5569.691950249394,81920.02474848606,24,1,0,active,69,18,2,education,regular,0.7393662803689606,ALTERNATIVE_PAYMENT_METHOD,RETRY,0.8274653051848198,1,5520.0
cus_55,pay_2055,ord_2055,4230.0,INR,upi,failed,insufficient_funds,insufficient_funds,customer,payment_authentication,478,3,3,0,1.0,5016.633809963251,33079.44845666332,3,0,1,past_due,930,17,0,saas,regular,0.7368169471650239,REMINDER,REMINDER,0.7608541039706537,1,4230.0
cus_56,pay_2056,ord_2056,1350.0,INR,wallet,failed,expired_card,expired_card,customer,payment_authentication,635,2,2,0,1.0,1271.2205306448034,6372.0025744208515,64,2,0,active,527,23,0,saas,vip,0.47348527742387736,HUMAN_ESCALATION,ALTERNATIVE_PAYMENT_METHOD,0.2600167982547469,0,0.0
cus_57,pay_2057,ord_2057,1350.0,INR,upi,failed,expired_card,expired_card,customer,payment_authentication,724,2,0,2,0.0,1696.4944584043988,6425.759860486513,177,1,1,none,768,18,6,saas,new,0.16015904370461628,RETRY,ALTERNATIVE_PAYMENT_METHOD,0.17882122481590387,0,0.0
cus_58,pay_2058,ord_2058,2160.0,INR,card,failed,card_declined,card_declined,customer,payment_authentication,466,7,4,3,0.5714285714285714,1574.4070998245936,33296.25832268911,39,0,0,none,40,9,3,education,regular,0.4335479166446014,RETRY,NO_ACTION,0.44747201108367407,0,0.0
cus_59,pay_2059,ord_2059,14950.0,INR,card,failed,temporary_bank_failure,temporary_bank_failure,customer,payment_authentication,894,11,8,3,0.7272727272727273,16430.61917739852,295227.6213507889,25,0,0,active,478,6,1,education,regular,0.9322941430782486,CUSTOMER_NOTIFICATION,RETRY,0.937163645258306,1,14950.0
cus_60,pay_2060,ord_2060,2730.0,INR,wallet,failed,temporary_bank_failure,temporary_bank_failure,customer,payment_authentication,698,8,7,1,0.875,2292.427119833474,44267.46848372441,6,0,0,none,454,16,2,education,regular,0.7782548460227716,ALTERNATIVE_PAYMENT_METHOD,RETRY,0.8655301875992637,0,0.0
cus_61,pay_2061,ord_2061,3530.0,INR,card,failed,temporary_bank_failure,temporary_bank_failure,customer,payment_authentication,1152,9,6,3,0.6666666666666666,3844.9854981676363,37769.03520734051,91,0,0,none,218,0,3,saas,new,0.6012312333857638,HUMAN_ESCALATION,RETRY,0.8372759735660862,1,3530.0
cus_62,pay_2062,ord_2062,17440.0,INR,upi,failed,insufficient_funds,insufficient_funds,customer,payment_authentication,1166,7,5,2,0.7142857142857143,22141.942068553446,128295.06210312736,64,1,0,past_due,893,0,2,health,regular,0.7389585371056289,RETRY,REMINDER,0.5946537522879529,0,0.0
cus_63,pay_2063,ord_2063,2390.0,INR,card,failed,temporary_bank_failure,temporary_bank_failure,customer,payment_authentication,951,8,5,3,0.625,2497.522768052741,32954.87143677358,61,1,0,none,470,11,2,retail,new,0.6697809895651111,NO_ACTION,RETRY,0.6094243945128578,1,2390.0
cus_64,pay_2064,ord_2064,5700.0,INR,upi,failed,upi_error,upi_error,customer,payment_authentication,156,9,7,2,0.7777777777777778,5484.23459285875,58618.21637833976,107,0,1,none,892,21,2,retail,regular,0.8990483573192111,CUSTOMER_NOTIFICATION,RETRY,0.7880086743757237,1,5700.0
cus_65,pay_2065,ord_2065,2920.0,INR,wallet,failed,expired_card,expired_card,customer,payment_authentication,1338,6,4,2,0.6666666666666666,3548.3625548893347,25729.69191576682,58,0,1,none,439,7,6,saas,regular,0.7159507145437286,REMINDER,ALTERNATIVE_PAYMENT_METHOD,0.6924737389507964,1,2920.0
cus_66,pay_2066,ord_2066,2870.0,INR,upi,failed,card_declined,card_declined,customer,payment_authentication,1043,7,6,1,0.8571428571428571,2807.3260677236954,41609.37275973838,10,0,1,none,592,17,2,retail,regular,0.7822966464858611,HUMAN_ESCALATION,REMINDER,0.6664171195398836,1,2870.0
cus_67,pay_2067,ord_2067,690.0,INR,wallet,failed,insufficient_funds,insufficient_funds,customer,payment_authentication,1103,8,5,3,0.625,716.5970521154542,9441.710213688773,75,1,1,active,599,2,1,retail,regular,0.3872423317894127,CUSTOMER_NOTIFICATION,NO_ACTION,0.5415915270514685,0,0.0
cus_68,pay_2068,ord_2068,580.0,INR,card,failed,insufficient_funds,insufficient_funds,customer,payment_authentication,974,8,5,3,0.625,512.8632505315194,10059.153054487617,133,1,0,active,633,15,3,health,new,0.4908286371254904,NO_ACTION,NO_ACTION,0.4857586234971427,0,0.0
cus_69,pay_2069,ord_2069,1080.0,INR,upi,failed,expired_card,expired_card,customer,payment_authentication,778,8,6,2,0.75,1111.9712374499313,11286.158670331326,103,1,1,none,625,10,2,health,regular,0.6134404337577557,CUSTOMER_NOTIFICATION,ALTERNATIVE_PAYMENT_METHOD,0.5618392335307304,1,1080.0
cus_70,pay_2070,ord_2070,4370.0,INR,netbanking,failed,insufficient_funds,insufficient_funds,customer,payment_authentication,846,1,0,1,0.0,4935.843314716951,9306.426993884523,168,0,1,none,802,2,4,education,new,0.520060150877084,HUMAN_ESCALATION,NO_ACTION,0.3882107155012414,0,0.0
cus_71,pay_2071,ord_2071,4160.0,INR,upi,failed,insufficient_funds,insufficient_funds,customer,payment_authentication,179,3,3,0,1.0,4183.197647688042,16271.057589504733,1,0,0,none,216,9,4,saas,new,0.6805726287303793,NO_ACTION,REMINDER,0.6389534749954484,0,0.0
cus_72,pay_2072,ord_2072,6860.0,INR,card,failed,expired_card,expired_card,customer,payment_authentication,1378,11,11,0,1.0,5669.829161983174,162111.0811546763,10,1,1,past_due,716,23,3,retail,regular,0.7087541854751479,HUMAN_ESCALATION,ALTERNATIVE_PAYMENT_METHOD,0.6670559347941094,1,6860.0
cus_73,pay_2073,ord_2073,1790.0,INR,netbanking,failed,expired_card,expired_card,customer,payment_authentication,1205,10,6,4,0.6,1274.0985565528017,24780.44044208669,27,1,2,none,806,5,1,saas,new,0.6580606908811619,HUMAN_ESCALATION,ALTERNATIVE_PAYMENT_METHOD,0.6354526854391691,1,1790.0
cus_74,pay_2074,ord_2074,3100.0,INR,card,failed,upi_error,upi_error,customer,payment_authentication,1364,8,6,2,0.75,2575.461902812364,52901.25020715364,6,2,0,none,819,21,4,education,regular,0.7209052022486525,ALTERNATIVE_PAYMENT_METHOD,REMINDER,0.8687352468249374,0,0.0
cus_75,pay_2075,ord_2075,3110.0,INR,upi,failed,temporary_bank_failure,temporary_bank_failure,customer,payment_authentication,1071,7,6,1,0.8571428571428571,3763.5821911934977,28571.761381021683,110,0,0,none,413,7,3,health,vip,0.8401729093215596,REMINDER,RETRY,0.8995321323283145,1,3110.0
cus_76,pay_2076,ord_2076,1620.0,INR,wallet,failed,expired_card,expired_card,customer,payment_authentication,398,5,5,0,1.0,2066.3839020215537,10439.718499016768,112,1,1,none,420,7,2,health,new,0.14828548829607313,RETRY,ALTERNATIVE_PAYMENT_METHOD,0.19874951587147885,1,1620.0
cus_77,pay_2077,ord_2077,1310.0,INR,card,failed,temporary_bank_failure,temporary_bank_failure,customer,payment_authentication,504,7,6,1,0.8571428571428571,1359.065217519874,17837.852745249776,133,0,0,none,787,1,0,education,vip,0.8185737037047638,REMINDER,RETRY,0.7352592254019632,1,1310.0
cus_78,pay_2078,ord_2078,410.0,INR,card,failed,insufficient_funds,insufficient_funds,customer,payment_authentication,1300,8,7,1,0.875,490.9519671089498,5547.849588343513,37,0,0,past_due,514,1,0,saas,new,0.7028043839807128,ALTERNATIVE_PAYMENT_METHOD,REMINDER,0.6514253781913393,1,410.0
cus_79,pay_2079,ord_2079,1550.0,INR,card,failed,card_declined,card_declined,customer,payment_authentication,348,11,8,3,0.7272727272727273,1128.6920125736517,25706.34987148591,121,1,0,none,15,23,6,health,new,0.5160921948349758,CUSTOMER_NOTIFICATION,NO_ACTION,0.3654817098519729,0,0.0
cus_80,pay_2080,ord_2080,1630.0,INR,card,failed,temporary_bank_failure,temporary_bank_failure,customer,payment_authentication,922,10,9,1,0.9,1975.811360003626,22812.096107966423,31,1,0,active,751,9,4,education,regular,0.6609497947554818,REMINDER,RETRY,0.6121427379998637,0,0.0
cus_81,pay_2081,ord_2081,5620.0,INR,card,failed,card_declined,card_declined,customer,payment_authentication,987,4,3,1,0.75,4902.438684971821,36708.841997713724,178,0,1,active,769,17,5,saas,new,0.5788573851637271,HUMAN_ESCALATION,REMINDER,0.600179984054717,1,5620.0
cus_82,pay_2082,ord_2082,6200.0,INR,upi,failed,insufficient_funds,insufficient_funds,customer,payment_authentication,275,5,3,2,0.6,4992.694218235776,66393.95854658153,45,0,2,active,510,0,2,saas,regular,0.8144413494078391,NO_ACTION,REMINDER,0.6861884672315637,0,0.0
cus_83,pay_2083,ord_2083,2090.0,INR,card,failed,temporary_bank_failure,temporary_bank_failure,customer,payment_authentication,127,12,8,4,0.6666666666666666,1810.4622882072867,24427.110099247926,8,2,1,none,549,4,0,health,vip,0.5748468603146994,RETRY,REMINDER,0.699274534779667,1,2090.0
cus_84,pay_2084,ord_2084,14230.0,INR,upi,failed,upi_error,upi_error,customer,payment_authentication,51,7,3,4,0.42857142857142855,14213.08119020064,87241.76881975729,33,1,1,past_due,529,12,6,saas,regular,0.5911353783233091,NO_ACTION,RETRY,0.6202233287179112,0,0.0
cus_85,pay_2085,ord_2085,2190.0,INR,card,failed,insufficient_funds,insufficient_funds,customer,payment_authentication,1181,9,8,1,0.8888888888888888,2305.046654159239,15499.367941343275,92,0,0,none,423,13,5,health,regular,0.5157598426387375,CUSTOMER_NOTIFICATION,REMINDER,0.6104609157934864,1,2190.0
cus_86,pay_2086,ord_2086,5080.0,INR,card,failed,network_timeout,network_timeout,customer,payment_authentication,436,9,9,0,1.0,3577.2158986508207,68249.98830199434,128,0,0,none,697,17,4,saas,regular,0.6923768521435922,RETRY,RETRY,0.8044585360898959,1,5080.0
cus_87,pay_2087,ord_2087,1640.0,INR,card,failed,insufficient_funds,insufficient_funds,customer,payment_authentication,341,6,6,0,1.0,1485.5174059185856,20243.890583325152,75,1,0,past_due,142,15,0,saas,regular,0.5939284714363088,REMINDER,REMINDER,0.7025991087708378,1,1640.0
cus_88,pay_2088,ord_2088,580.0,INR,upi,failed,upi_error,upi_error,customer,payment_authentication,1363,5,4,1,0.8,651.1544079401316,5471.468430171191,57,1,0,none,288,10,0,saas,regular,0.6844994335231489,HUMAN_ESCALATION,RETRY,0.7506460600430356,1,580.0
cus_89,pay_2089,ord_2089,1180.0,INR,upi,failed,insufficient_funds,insufficient_funds,customer,payment_authentication,890,5,4,1,0.8,1357.2203728137742,14072.092352264319,35,2,1,active,886,12,6,retail,regular,0.6027138274861485,NO_ACTION,REMINDER,0.5836782902743308,0,0.0
cus_90,pay_2090,ord_2090,7900.0,INR,card,failed,insufficient_funds,insufficient_funds,customer,payment_authentication,37,6,6,0,1.0,6640.972519283051,82560.4148352221,22,1,2,none,802,20,5,health,new,0.6677936505784842,HUMAN_ESCALATION,REMINDER,0.7028573749957401,1,7900.0
cus_91,pay_2091,ord_2091,1390.0,INR,netbanking,failed,network_timeout,network_timeout,customer,payment_authentication,456,6,4,2,0.6666666666666666,1178.5595983469473,13250.512789348188,160,1,0,past_due,53,14,0,retail,regular,0.5024750352780475,NO_ACTION,RETRY,0.47650222227429934,1,1390.0
cus_92,pay_2092,ord_2092,1130.0,INR,upi,failed,insufficient_funds,insufficient_funds,customer,payment_authentication,713,5,2,3,0.4,1251.813755641187,9872.425628850651,134,0,1,none,171,21,3,retail,regular,0.44834674091739984,ALTERNATIVE_PAYMENT_METHOD,NO_ACTION,0.426228307987945,0,0.0
cus_93,pay_2093,ord_2093,1800.0,INR,card,failed,insufficient_funds,insufficient_funds,customer,payment_authentication,716,7,6,1,0.8571428571428571,1918.340968015395,26594.277298058543,25,0,1,none,113,20,2,health,regular,0.5587917686237672,NO_ACTION,REMINDER,0.7924704582200527,1,1800.0
cus_94,pay_2094,ord_2094,1220.0,INR,wallet,failed,upi_error,upi_error,customer,payment_authentication,1175,8,8,0,1.0,1217.9264147250726,7894.9527687888885,27,1,0,past_due,957,23,4,education,regular,0.5267949044975501,NO_ACTION,RETRY,0.5113293857215299,1,1220.0
cus_95,pay_2095,ord_2095,5970.0,INR,card,failed,expired_card,expired_card,customer,payment_authentication,1201,3,2,1,0.6666666666666666,6136.689396752439,31198.027956448695,90,0,1,active,846,21,6,education,regular,0.5403354136884336,NO_ACTION,ALTERNATIVE_PAYMENT_METHOD,0.6153374989428004,1,5970.0
cus_96,pay_2096,ord_2096,11910.0,INR,card,failed,card_declined,card_declined,customer,payment_authentication,48,1,0,1,0.0,11906.106536876981,29406.2916412308,63,2,0,none,574,12,4,education,new,0.07805907569724874,RETRY,NO_ACTION,0.242317551040598,0,0.0
cus_97,pay_2097,ord_2097,1820.0,INR,upi,failed,card_declined,card_declined,customer,payment_authentication,431,13,12,1,0.9230769230769231,1718.6780530976753,49413.69387704087,34,0,1,none,688,0,1,education,new,0.930913608366482,NO_ACTION,REMINDER,0.9082672762545924,1,1820.0
cus_98,pay_2098,ord_2098,3100.0,INR,card,failed,network_timeout,network_timeout,customer,payment_authentication,901,6,4,2,0.6666666666666666,3635.4463708116837,20472.585779553287,79,0,1,none,617,13,2,saas,new,0.7092984965036814,CUSTOMER_NOTIFICATION,RETRY,0.7029312346991113,0,0.0
cus_99,pay_2099,ord_2099,4780.0,INR,card,failed,network_timeout,network_timeout,customer,payment_authentication,50,5,4,1,0.8,5894.461978228719,21028.474815184993,78,0,1,active,843,12,6,health,new,0.8133132604720482,REMINDER,RETRY,0.7985940886508371,0,0.0
cus_100,pay_2100,ord_2100,2020.0,INR,upi,failed,expired_card,expired_card,customer,payment_authentication,856,4,3,1,0.75,2189.4901932082576,15363.979626716506,104,0,1,none,920,22,0,education,new,0.9048370832215457,HUMAN_ESCALATION,ALTERNATIVE_PAYMENT_METHOD,0.8354912362732503,1,2020.0
cus_101,pay_2101,ord_2101,750.0,INR,card,failed,insufficient_funds,insufficient_funds,customer,payment_authentication,117,5,3,2,0.6,646.3847197630563,6806.360786157383,142,0,1,none,971,10,4,retail,regular,0.37892058569163584,CUSTOMER_NOTIFICATION,NO_ACTION,0.44706888227960356,0,0.0
cus_102,pay_2102,ord_2102,1200.0,INR,netbanking,failed,temporary_bank_failure,temporary_bank_failure,customer,payment_authentication,859,9,8,1,0.8888888888888888,1541.5871079022638,13381.677055679744,49,0,0,none,341,18,3,education,new,0.8020536814624512,ALTERNATIVE_PAYMENT_METHOD,RETRY,0.9013009543204097,1,1200.0
cus_103,pay_2103,ord_2103,2730.0,INR,wallet,failed,card_declined,card_declined,customer,payment_authentication,112,3,3,0,1.0,2055.5095458922933,15306.293847675053,126,1,2,past_due,340,0,3,saas,regular,0.6724022633606122,RETRY,REMINDER,0.676494594986089,1,2730.0
cus_104,pay_2104,ord_2104,2680.0,INR,upi,failed,network_timeout,network_timeout,customer,payment_authentication,1108,4,3,1,0.75,3406.912176520154,19774.08160379471,131,0,0,none,114,4,0,health,regular,0.7271454436484571,HUMAN_ESCALATION,RETRY,0.773364795877335,1,2680.0
cus_105,pay_2105,ord_2105,300.0,INR,upi,failed,expired_card,expired_card,customer,payment_authentication,689,4,3,1,0.75,310.07934548368536,1738.4265916950337,126,0,1,none,809,21,0,retail,regular,0.8922812260770986,ALTERNATIVE_PAYMENT_METHOD,ALTERNATIVE_PAYMENT_METHOD,0.6224311678451507,0,0.0
cus_106,pay_2106,ord_2106,1170.0,INR,upi,failed,temporary_bank_failure,temporary_bank_failure,customer,payment_authentication,1426,7,4,3,0.5714285714285714,1317.531751764016,11668.78718810753,167,1,1,active,418,2,3,saas,new,0.6061150100445107,CUSTOMER_NOTIFICATION,RETRY,0.6220610496807385,0,0.0
cus_107,pay_2107,ord_2107,870.0,INR,wallet,failed,insufficient_funds,insufficient_funds,customer,payment_authentication,125,7,5,2,0.7142857142857143,830.0915556995938,6154.983558026073,38,0,0,active,38,23,4,health,regular,0.854152532878014,RETRY,REMINDER,0.8573207979412307,0,0.0
cus_108,pay_2108,ord_2108,4370.0,INR,card,failed,expired_card,expired_card,customer,payment_authentication,1304,9,5,4,0.5555555555555556,3995.2838649742434,74391.93023892528,132,0,0,none,828,13,1,retail,new,0.21186841252251343,REMINDER,ALTERNATIVE_PAYMENT_METHOD,0.30339299684726495,0,0.0
cus_109,pay_2109,ord_2109,900.0,INR,card,failed,network_timeout,network_timeout,customer,payment_authentication,619,5,3,2,0.6,750.583724722238,6512.054256888886,4,0,0,none,911,17,4,education,regular,0.5772045776543596,HUMAN_ESCALATION,RETRY,0.6855439621930816,1,900.0
cus_110,pay_2110,ord_2110,1140.0,INR,upi,failed,temporary_bank_failure,temporary_bank_failure,customer,payment_authentication,731,6,4,2,0.6666666666666666,874.772507828554,12282.421067773595,60,0,0,active,854,20,6,health,regular,0.5594779164137924,REMINDER,RETRY,0.731256698205361,1,1140.0
cus_111,pay_2111,ord_2111,1100.0,INR,upi,failed,card_declined,card_declined,customer,payment_authentication,1047,12,10,2,0.8333333333333334,976.4309984313949,17941.04844969635,129,1,1,none,636,6,2,saas,regular,0.5039955922974163,RETRY,NO_ACTION,0.5429797693487358,0,0.0
cus_112,pay_2112,ord_2112,3990.0,INR,card,failed,network_timeout,network_timeout,customer,payment_authentication,933,8,7,1,0.875,3402.308973924857,32711.582788281787,167,1,2,none,873,9,4,retail,vip,0.8456783988347735,REMINDER,RETRY,0.8730264966942405,1,3990.0
cus_113,pay_2113,ord_2113,4760.0,INR,upi,failed,upi_error,upi_error,customer,payment_authentication,1319,7,5,2,0.7142857142857143,4856.252417470903,61340.468316315244,19,2,0,active,903,1,2,health,regular,0.6976741448610427,NO_ACTION,REMINDER,0.5950121044931009,1,4760.0
cus_114,pay_2114,ord_2114,2960.0,INR,card,failed,temporary_bank_failure,temporary_bank_failure,customer,payment_authentication,1247,9,8,1,0.8888888888888888,3594.450307681088,36779.11388014372,131,1,1,active,544,14,0,education,regular,0.797714285459357,NO_ACTION,RETRY,0.8301760638756842,1,2960.0
cus_115,pay_2115,ord_2115,5470.0,INR,wallet,failed,upi_error,upi_error,customer,payment_authentication,332,6,6,0,1.0,4103.36222524638,36029.41670534408,70,1,1,none,564,6,4,education,new,0.7809524310134316,NO_ACTION,RETRY,0.8292840281987617,1,5470.0
cus_116,pay_2116,ord_2116,6220.0,INR,card,failed,card_declined,card_declined,customer,payment_authentication,412,5,5,0,1.0,7141.742572255539,71413.55236912865,96,1,1,none,322,16,0,health,regular,0.800621844152299,ALTERNATIVE_PAYMENT_METHOD,REMINDER,0.7851341165550201,1,6220.0
cus_117,pay_2117,ord_2117,300.0,INR,card,failed,network_timeout,network_timeout,customer,payment_authentication,1315,8,4,4,0.5,258.1591806175635,5025.551404633178,151,0,1,active,631,14,2,retail,regular,0.6452981698566249,NO_ACTION,RETRY,0.6646560498512835,0,0.0
cus_118,pay_2118,ord_2118,3270.0,INR,card,failed,temporary_bank_failure,temporary_bank_failure,customer,payment_authentication,1215,3,2,1,0.6666666666666666,3546.8106475208556,21520.59882217846,153,0,1,none,996,8,2,retail,regular,0.8996807791601109,NO_ACTION,RETRY,0.8130622879291337,1,3270.0
cus_119,pay_2119,ord_2119,1250.0,INR,card,failed,expired_card,expired_card,customer,payment_authentication,1467,5,3,2,0.6,1345.4460231769601,10866.600781159,73,0,0,active,929,6,4,retail,regular,0.6753719029262614,RETRY,ALTERNATIVE_PAYMENT_METHOD,0.5411654033300577,1,1250.0
cus_120,pay_2120,ord_2120,510.0,INR,card,failed,card_declined,card_declined,customer,payment_authentication,1373,7,3,4,0.42857142857142855,582.6762552307305,6172.003584029896,157,1,1,none,846,9,0,health,regular,0.22459877343448573,ALTERNATIVE_PAYMENT_METHOD,NO_ACTION,0.23804199016267633,0,0.0
cus_121,pay_2121,ord_2121,1310.0,INR,card,failed,insufficient_funds,insufficient_funds,customer,payment_authentication,938,8,5,3,0.625,928.9765018861411,13773.893754696133,83,0,1,past_due,302,17,3,education,new,0.6889553879205822,HUMAN_ESCALATION,REMINDER,0.7960178033549559,1,1310.0
cus_122,pay_2122,ord_2122,3760.0,INR,card,failed,insufficient_funds,insufficient_funds,customer,payment_authentication,1443,7,5,2,0.7142857142857143,2635.109191727551,31338.39895418107,41,1,1,active,756,0,0,education,regular,0.3965401412073979,REMINDER,NO_ACTION,0.4210986350012223,0,0.0
cus_123,pay_2123,ord_2123,7750.0,INR,card,failed,expired_card,expired_card,customer,payment_authentication,1106,9,7,2,0.7777777777777778,6209.617764437863,113900.44946144785,172,1,1,none,344,23,6,health,vip,0.5583332434305897,REMINDER,ALTERNATIVE_PAYMENT_METHOD,0.5472539341033951,1,7750.0
cus_124,pay_2124,ord_2124,470.0,INR,card,failed,expired_card,expired_card,customer,payment_authentication,1331,6,4,2,0.6666666666666666,605.4673302716609,5468.013755989829,64,0,1,none,17,10,4,saas,new,0.27540814454826384,NO_ACTION,ALTERNATIVE_PAYMENT_METHOD,0.4204569073863325,1,470.0
cus_125,pay_2125,ord_2125,3360.0,INR,card,failed,temporary_bank_failure,temporary_bank_failure,customer,payment_authentication,725,7,4,3,0.5714285714285714,3040.8157737143,36118.28029280629,163,0,0,none,851,5,3,retail,regular,0.773611974163956,REMINDER,RETRY,0.8129048143019624,1,3360.0
cus_126,pay_2126,ord_2126,12910.0,INR,card,failed,insufficient_funds,insufficient_funds,customer,payment_authentication,1448,3,1,2,0.3333333333333333,13880.210439024333,96267.89847368123,165,0,1,active,303,5,6,education,new,0.3182819872535548,HUMAN_ESCALATION,NO_ACTION,0.4782986422783129,0,0.0
cus_127,pay_2127,ord_2127,11280.0,INR,card,failed,temporary_bank_failure,temporary_bank_failure,customer,payment_authentication,113,8,6,2,0.75,9980.595292860367,122324.31687867705,16,2,1,none,965,23,0,education,regular,0.8941641697220792,HUMAN_ESCALATION,REMINDER,0.8625430829149897,0,0.0
cus_128,pay_2128,ord_2128,99.0,INR,card,failed,upi_error,upi_error,customer,payment_authentication,1361,8,5,3,0.625,98.2768934448698,1059.7676731302536,128,0,0,past_due,546,13,4,saas,regular,0.6320849981110018,REMINDER,RETRY,0.7529921504453112,1,99.0
cus_129,pay_2129,ord_2129,15980.0,INR,card,failed,upi_error,upi_error,customer,payment_authentication,1439,8,6,2,0.75,15384.556329450821,180231.9600610941,156,0,1,past_due,667,11,6,saas,regular,0.7867414399688031,RETRY,RETRY,0.8293475455975176,1,15980.0
cus_130,pay_2130,ord_2130,4730.0,INR,card,failed,insufficient_funds,insufficient_funds,customer,payment_authentication,1183,6,5,1,0.8333333333333334,3844.704564875682,53487.82029932278,37,1,1,active,575,12,3,retail,regular,0.43911665853491016,RETRY,NO_ACTION,0.4646336705491318,0,0.0
cus_131,pay_2131,ord_2131,180.0,INR,netbanking,failed,temporary_bank_failure,temporary_bank_failure,customer,payment_authentication,1417,13,10,3,0.7692307692307693,164.68854643700644,1853.9464838187582,89,1,1,past_due,430,10,6,retail,regular,0.49546458374534763,NO_ACTION,RETRY,0.6342871399525777,1,180.0
cus_132,pay_2132,ord_2132,840.0,INR,wallet,failed,temporary_bank_failure,temporary_bank_failure,customer,payment_authentication,631,7,7,0,1.0,684.083722215726,7794.87960577895,178,0,1,active,908,5,5,retail,regular,0.867583705963671,REMINDER,RETRY,0.8731797108746812,1,840.0
cus_133,pay_2133,ord_2133,6360.0,INR,wallet,failed,expired_card,expired_card,customer,payment_authentication,484,5,4,1,0.8,5519.246502141993,63566.7225014578,143,1,1,active,111,4,6,health,regular,0.48089700343734654,NO_ACTION,ALTERNATIVE_PAYMENT_METHOD,0.5987743394669668,0,0.0
cus_134,pay_2134,ord_2134,2590.0,INR,upi,failed,network_timeout,network_timeout,customer,payment_authentication,201,10,6,4,0.6,2461.4621571554167,40489.848564703774,61,1,1,none,161,2,1,saas,regular,0.8200696675825818,CUSTOMER_NOTIFICATION,RETRY,0.681212651223776,1,2590.0
cus_135,pay_2135,ord_2135,1020.0,INR,upi,failed,expired_card,expired_card,customer,payment_authentication,294,10,9,1,0.9,1200.872742229751,12373.891279942596,63,0,0,past_due,607,1,2,health,regular,0.6370998002475091,CUSTOMER_NOTIFICATION,ALTERNATIVE_PAYMENT_METHOD,0.5133691729622686,1,1020.0
cus_136,pay_2136,ord_2136,1930.0,INR,card,failed,temporary_bank_failure,temporary_bank_failure,customer,payment_authentication,1299,10,5,5,0.5,1578.457391018039,32985.78108100211,19,0,0,active,967,15,5,health,regular,1.0,CUSTOMER_NOTIFICATION,RETRY,0.9270825918389412,1,1930.0
cus_137,pay_2137,ord_2137,3120.0,INR,netbanking,failed,temporary_bank_failure,temporary_bank_failure,customer,payment_authentication,99,6,6,0,1.0,2550.4300093905877,40872.931786477166,172,1,2,active,824,17,2,health,regular,0.7950215962442008,ALTERNATIVE_PAYMENT_METHOD,RETRY,0.7894332913994481,1,3120.0
cus_138,pay_2138,ord_2138,1010.0,INR,netbanking,failed,temporary_bank_failure,temporary_bank_failure,customer,payment_authentication,301,12,11,1,0.9166666666666666,856.9001255956114,17813.003312641762,158,1,0,active,706,9,5,health,new,0.5967750013986082,NO_ACTION,RETRY,0.5719428502513346,1,1010.0
cus_139,pay_2139,ord_2139,1590.0,INR,netbanking,failed,network_timeout,network_timeout,customer,payment_authentication,747,3,2,1,0.6666666666666666,1866.0305320651287,10563.997108505351,143,0,1,none,109,16,0,saas,regular,0.5819816049723042,NO_ACTION,RETRY,0.608697610850987,1,1590.0
cus_140,pay_2140,ord_2140,4430.0,INR,netbanking,failed,card_declined,card_declined,customer,payment_authentication,540,6,5,1,0.8333333333333334,3758.3560488070743,29705.728392354766,72,1,1,none,58,8,4,education,new,0.5752909562732774,CUSTOMER_NOTIFICATION,NO_ACTION,0.5306450679382837,0,0.0
cus_141,pay_2141,ord_2141,900.0,INR,upi,failed,expired_card,expired_card,customer,payment_authentication,1387,8,7,1,0.875,1072.5046680954767,10650.635432149824,80,0,0,none,290,18,6,retail,regular,1.0,HUMAN_ESCALATION,ALTERNATIVE_PAYMENT_METHOD,0.8719787996705824,1,900.0
cus_142,pay_2142,ord_2142,470.0,INR,netbanking,failed,insufficient_funds,insufficient_funds,customer,payment_authentication,45,8,8,0,1.0,419.99102857051554,4562.820778876529,67,0,1,active,714,19,1,health,regular,0.5383199064256986,HUMAN_ESCALATION,REMINDER,0.6452300357505437,1,470.0
cus_143,pay_2143,ord_2143,960.0,INR,netbanking,failed,upi_error,upi_error,customer,payment_authentication,62,7,5,2,0.7142857142857143,846.4815256513896,15288.006823106172,64,0,1,active,101,5,4,education,vip,0.7719989739362312,RETRY,RETRY,0.7369323094680652,1,960.0
cus_144,pay_2144,ord_2144,740.0,INR,card,failed,insufficient_funds,insufficient_funds,customer,payment_authentication,408,6,5,1,0.8333333333333334,685.9551282224467,5098.951252703997,11,0,0,none,354,15,0,saas,vip,0.5556182157477055,REMINDER,REMINDER,0.7358503572457687,0,0.0
cus_145,pay_2145,ord_2145,990.0,INR,wallet,failed,network_timeout,network_timeout,customer,payment_authentication,917,7,5,2,0.7142857142857143,959.1869334190321,15298.540656698868,37,0,0,active,338,17,1,saas,regular,0.8162835264104837,ALTERNATIVE_PAYMENT_METHOD,RETRY,0.8664949865913721,1,990.0
cus_146,pay_2146,ord_2146,320.0,INR,card,failed,network_timeout,network_timeout,customer,payment_authentication,534,6,5,1,0.8333333333333334,304.59757198769876,2758.19494850343,110,2,1,active,152,14,1,education,regular,0.6697573721741388,RETRY,REMINDER,0.6849719002971469,0,0.0
cus_147,pay_2147,ord_2147,2290.0,INR,wallet,failed,expired_card,expired_card,customer,payment_authentication,1253,5,5,0,1.0,2144.864893792638,18519.503672193157,49,1,1,active,577,15,1,education,regular,0.6786507949519024,ALTERNATIVE_PAYMENT_METHOD,ALTERNATIVE_PAYMENT_METHOD,0.6558318101848619,1,2290.0
cus_148,pay_2148,ord_2148,4310.0,INR,netbanking,failed,network_timeout,network_timeout,customer,payment_authentication,144,4,4,0,1.0,5597.232697914841,29761.829899702065,27,0,0,none,238,4,3,retail,new,0.8087679837702806,CUSTOMER_NOTIFICATION,RETRY,0.7500559728443644,0,0.0
cus_149,pay_2149,ord_2149,800.0,INR,card,failed,insufficient_funds,insufficient_funds,customer,payment_authentication,570,6,6,0,1.0,892.6967759291579,5680.371064592378,79,0,0,past_due,130,9,6,retail,regular,0.6851095576988264,NO_ACTION,REMINDER,0.5630846096212294,0,0.0
cus_150,pay_2150,ord_2150,940.0,INR,upi,failed,card_declined,card_declined,customer,payment_authentication,973,9,5,4,0.5555555555555556,1155.2343724462114,9499.806313031686,144,0,1,active,433,1,0,health,vip,0.14466777423856,HUMAN_ESCALATION,NO_ACTION,0.2936908081208594,0,0.0
cus_151,pay_2151,ord_2151,1500.0,INR,card,failed,temporary_bank_failure,temporary_bank_failure,customer,payment_authentication,918,11,8,3,0.7272727272727273,1854.2651262635031,21399.19066015325,63,0,1,active,473,4,2,saas,regular,0.8474335763603358,NO_ACTION,RETRY,0.7694055592447795,1,1500.0
cus_152,pay_2152,ord_2152,730.0,INR,netbanking,failed,expired_card,expired_card,customer,payment_authentication,776,2,1,1,0.5,697.9984421638201,3654.5868290562007,135,0,1,past_due,205,14,0,saas,regular,0.5850334057082415,HUMAN_ESCALATION,ALTERNATIVE_PAYMENT_METHOD,0.4135726907142627,0,0.0
cus_153,pay_2153,ord_2153,4840.0,INR,netbanking,failed,temporary_bank_failure,temporary_bank_failure,customer,payment_authentication,666,7,4,3,0.5714285714285714,5639.198007525676,62378.043749523604,115,0,1,none,13,15,3,saas,regular,0.6769226949923528,CUSTOMER_NOTIFICATION,RETRY,0.723220609669765,1,4840.0
cus_154,pay_2154,ord_2154,740.0,INR,upi,failed,temporary_bank_failure,temporary_bank_failure,customer,payment_authentication,141,8,7,1,0.875,727.0169058830213,13299.268183049146,58,0,1,none,71,9,4,education,regular,0.7831624639754471,CUSTOMER_NOTIFICATION,RETRY,0.8419565546287737,1,740.0
cus_155,pay_2155,ord_2155,1070.0,INR,netbanking,failed,temporary_bank_failure,temporary_bank_failure,customer,payment_authentication,99,12,7,5,0.5833333333333334,1130.7863761410954,11335.12751687568,114,0,1,active,824,21,1,retail,new,0.657651565156967,RETRY,RETRY,0.6456717780522472,1,1070.0
cus_156,pay_2156,ord_2156,840.0,INR,card,failed,insufficient_funds,insufficient_funds,customer,payment_authentication,82,4,2,2,0.5,958.191784627761,7085.758221573778,91,0,1,none,821,11,1,health,regular,0.4362780749011974,HUMAN_ESCALATION,NO_ACTION,0.45138319591191955,0,0.0
cus_157,pay_2157,ord_2157,4950.0,INR,card,failed,card_declined,card_declined,customer,payment_authentication,757,4,2,2,0.5,5192.968304964835,23597.006949778643,34,0,1,past_due,675,19,1,saas,vip,0.45580252383285724,CUSTOMER_NOTIFICATION,NO_ACTION,0.47760411650494716,0,0.0
cus_158,pay_2158,ord_2158,1440.0,INR,upi,failed,expired_card,expired_card,customer,payment_authentication,1327,3,1,2,0.3333333333333333,1446.2591457162516,7858.520231741223,76,1,2,none,266,9,0,retail,vip,0.4869214166148467,HUMAN_ESCALATION,ALTERNATIVE_PAYMENT_METHOD,0.3434281918956184,0,0.0
cus_159,pay_2159,ord_2159,13270.0,INR,card,failed,insufficient_funds,insufficient_funds,customer,payment_authentication,134,6,6,0,1.0,9383.276016953016,88737.48143638307,46,0,0,none,649,23,2,retail,regular,1.0,ALTERNATIVE_PAYMENT_METHOD,REMINDER,0.809452130424082,1,13270.0
cus_160,pay_2160,ord_2160,2580.0,INR,upi,failed,upi_error,upi_error,customer,payment_authentication,98,7,5,2,0.7142857142857143,3307.1955883251667,39565.44045033008,98,0,1,none,921,21,2,health,regular,0.604836346488063,HUMAN_ESCALATION,RETRY,0.637379173518181,1,2580.0
cus_161,pay_2161,ord_2161,5760.0,INR,card,failed,upi_error,upi_error,customer,payment_authentication,1027,7,5,2,0.7142857142857143,4163.272407705411,62638.925902258874,8,1,0,active,847,3,1,health,regular,1.0,ALTERNATIVE_PAYMENT_METHOD,RETRY,0.8011662112107182,1,5760.0
cus_162,pay_2162,ord_2162,1310.0,INR,card,failed,temporary_bank_failure,temporary_bank_failure,customer,payment_authentication,751,7,5,2,0.7142857142857143,1011.5522501035628,13732.580998726407,14,1,1,active,708,22,5,saas,regular,0.6969534189063903,NO_ACTION,RETRY,0.7325117557515575,1,1310.0
cus_163,pay_2163,ord_2163,700.0,INR,upi,failed,insufficient_funds,insufficient_funds,customer,payment_authentication,465,10,8,2,0.8,507.8387672412769,8467.086273531087,68,1,1,none,138,15,1,retail,new,0.663911267646432,NO_ACTION,REMINDER,0.5882449674347946,0,0.0
cus_164,pay_2164,ord_2164,1750.0,INR,netbanking,failed,card_declined,card_declined,customer,payment_authentication,27,5,5,0,1.0,1882.5130153396694,13478.215616350075,92,2,0,none,445,18,1,education,regular,0.4272762680571195,REMINDER,NO_ACTION,0.5318758335632705,0,0.0
cus_165,pay_2165,ord_2165,920.0,INR,card,failed,network_timeout,network_timeout,customer,payment_authentication,1203,8,3,5,0.375,811.0534723141367,6987.551042633805,85,1,1,active,967,8,2,education,vip,0.5226597497364882,NO_ACTION,RETRY,0.6110043062519994,1,920.0
cus_166,pay_2166,ord_2166,250.0,INR,netbanking,failed,insufficient_funds,insufficient_funds,customer,payment_authentication,989,7,5,2,0.7142857142857143,309.0662134657486,3178.8924591432465,14,1,1,none,778,2,6,saas,regular,0.35412437828649274,HUMAN_ESCALATION,NO_ACTION,0.3866665500695709,0,0.0
cus_167,pay_2167,ord_2167,4980.0,INR,upi,failed,network_timeout,network_timeout,customer,payment_authentication,880,5,4,1,0.8,5256.9781142546135,43083.003747992676,18,0,2,past_due,46,8,1,retail,new,0.9495576467896003,ALTERNATIVE_PAYMENT_METHOD,RETRY,0.8664215535534553,1,4980.0
cus_168,pay_2168,ord_2168,1870.0,INR,card,failed,temporary_bank_failure,temporary_bank_failure,customer,payment_authentication,352,5,5,0,1.0,2185.8733442710836,9306.231377533604,18,1,1,none,880,4,4,education,regular,0.8955468791863512,CUSTOMER_NOTIFICATION,RETRY,0.8747759523579771,1,1870.0
cus_169,pay_2169,ord_2169,900.0,INR,upi,failed,insufficient_funds,insufficient_funds,customer,payment_authentication,1402,7,5,2,0.7142857142857143,708.4178895890622,5998.248551959094,15,1,1,active,445,8,6,saas,regular,0.2319597092557486,NO_ACTION,NO_ACTION,0.3964329561236568,0,0.0
cus_170,pay_2170,ord_2170,2630.0,INR,upi,failed,card_declined,card_declined,customer,payment_authentication,95,0,0,0,0.0,2488.9675041393343,2842.637899998279,149,0,0,none,151,10,5,education,regular,0.10603450943923462,CUSTOMER_NOTIFICATION,NO_ACTION,0.23937612848048234,0,0.0
cus_171,pay_2171,ord_2171,1890.0,INR,card,failed,card_declined,card_declined,customer,payment_authentication,1106,5,5,0,1.0,2031.1213294904692,14912.547536646542,48,0,2,none,1,15,4,health,regular,0.6143272843294285,REMINDER,REMINDER,0.7871628354454574,1,1890.0
cus_172,pay_2172,ord_2172,7400.0,INR,upi,failed,network_timeout,network_timeout,customer,payment_authentication,1091,13,11,2,0.8461538461538461,6013.743878603577,102508.84758155978,143,2,1,none,406,5,5,health,regular,0.6783466866346604,CUSTOMER_NOTIFICATION,REMINDER,0.6466312235533974,1,7400.0
cus_173,pay_2173,ord_2173,2790.0,INR,card,failed,temporary_bank_failure,temporary_bank_failure,customer,payment_authentication,1087,1,0,1,0.0,2592.4859535958753,4858.696745185711,88,0,1,past_due,920,18,0,education,vip,0.4042324046161717,REMINDER,RETRY,0.3895324629943837,0,0.0
cus_174,pay_2174,ord_2174,1550.0,INR,card,failed,temporary_bank_failure,temporary_bank_failure,customer,payment_authentication,903,12,11,1,0.9166666666666666,1786.6467904751325,16628.667568451314,178,0,1,none,606,3,4,retail,regular,0.8787680042017205,ALTERNATIVE_PAYMENT_METHOD,RETRY,0.8659862381370954,1,1550.0
cus_175,pay_2175,ord_2175,3620.0,INR,upi,failed,temporary_bank_failure,temporary_bank_failure,customer,payment_authentication,457,7,6,1,0.8571428571428571,4015.717088403409,31758.68255140947,177,0,1,active,477,13,1,retail,regular,0.8032196233694902,CUSTOMER_NOTIFICATION,RETRY,0.7914950163519247,1,3620.0
cus_176,pay_2176,ord_2176,1740.0,INR,upi,failed,temporary_bank_failure,temporary_bank_failure,customer,payment_authentication,684,6,4,2,0.6666666666666666,2159.5863490206766,18495.276785978745,108,2,1,past_due,519,20,1,health,regular,0.6906233416208993,CUSTOMER_NOTIFICATION,REMINDER,0.7665203258737107,0,0.0
cus_177,pay_2177,ord_2177,2170.0,INR,netbanking,failed,temporary_bank_failure,temporary_bank_failure,customer,payment_authentication,663,2,2,0,1.0,2245.7698275383354,10298.005600782137,164,0,0,none,273,16,3,saas,regular,0.8082383916258206,CUSTOMER_NOTIFICATION,RETRY,0.7914016942028915,0,0.0
cus_178,pay_2178,ord_2178,6160.0,INR,card,failed,expired_card,expired_card,customer,payment_authentication,1299,8,7,1,0.875,5076.545209693886,59194.82630993276,72,3,0,active,18,11,5,education,regular,0.4443070668723116,RETRY,ALTERNATIVE_PAYMENT_METHOD,0.30103806980476483,0,0.0
cus_179,pay_2179,ord_2179,560.0,INR,wallet,failed,expired_card,expired_card,customer,payment_authentication,1118,3,2,1,0.6666666666666666,687.2554753492053,2850.9724731191304,71,0,0,active,443,8,3,education,new,0.5916515233696511,HUMAN_ESCALATION,ALTERNATIVE_PAYMENT_METHOD,0.5348404195284946,0,0.0
cus_180,pay_2180,ord_2180,760.0,INR,netbanking,failed,card_declined,card_declined,customer,payment_authentication,715,2,1,1,0.5,970.6832816158263,3458.7550819640414,22,1,0,none,183,15,1,saas,new,0.32866254299029424,REMINDER,NO_ACTION,0.4457410625474146,0,0.0
cus_181,pay_2181,ord_2181,1190.0,INR,wallet,failed,insufficient_funds,insufficient_funds,customer,payment_authentication,1083,7,5,2,0.7142857142857143,1179.7246330502342,11119.910322380834,100,0,0,active,951,11,4,retail,regular,0.6186402050794509,RETRY,REMINDER,0.6521963592111184,0,0.0
cus_182,pay_2182,ord_2182,1380.0,INR,netbanking,failed,temporary_bank_failure,temporary_bank_failure,customer,payment_authentication,1454,10,6,4,0.6,1035.9427564633038,29937.866504300542,119,0,1,none,250,20,4,retail,new,0.7646037836267144,REMINDER,RETRY,0.8275054196455355,1,1380.0
cus_183,pay_2183,ord_2183,5750.0,INR,card,failed,card_declined,card_declined,customer,payment_authentication,1038,8,5,3,0.625,4897.513054346243,82828.32374498522,100,1,1,active,230,3,5,retail,regular,0.5519445195370344,ALTERNATIVE_PAYMENT_METHOD,NO_ACTION,0.46384504673370514,0,0.0
cus_184,pay_2184,ord_2184,440.0,INR,upi,failed,temporary_bank_failure,temporary_bank_failure,customer,payment_authentication,535,9,6,3,0.6666666666666666,506.56928097567265,6388.571234434722,41,2,1,active,450,18,3,education,regular,0.6169312052353004,RETRY,REMINDER,0.7227329979488027,1,440.0
cus_185,pay_2185,ord_2185,1760.0,INR,card,failed,network_timeout,network_timeout,customer,payment_authentication,12,4,3,1,0.75,1232.242328113652,11856.029133709075,61,1,1,active,345,1,3,retail,regular,0.46545309909961075,HUMAN_ESCALATION,RETRY,0.44737314339598644,1,1760.0
cus_186,pay_2186,ord_2186,1040.0,INR,netbanking,failed,temporary_bank_failure,temporary_bank_failure,customer,payment_authentication,1317,6,3,3,0.5,911.9327875251267,9751.783219213614,45,0,0,past_due,604,22,0,saas,regular,0.5570319890568304,HUMAN_ESCALATION,RETRY,0.5914483874140333,1,1040.0
cus_187,pay_2187,ord_2187,9900.0,INR,upi,failed,expired_card,expired_card,customer,payment_authentication,26,8,8,0,1.0,9121.804610662663,96160.87953120144,154,0,1,active,10,10,2,retail,new,0.6991951224523746,CUSTOMER_NOTIFICATION,ALTERNATIVE_PAYMENT_METHOD,0.7770721794684523,1,9900.0
cus_188,pay_2188,ord_2188,4380.0,INR,card,failed,network_timeout,network_timeout,customer,payment_authentication,764,6,4,2,0.6666666666666666,5137.910144647173,24540.679037827656,24,4,2,none,972,0,0,health,regular,0.3201201361794299,ALTERNATIVE_PAYMENT_METHOD,NO_ACTION,0.2994584982747926,0,0.0
cus_189,pay_2189,ord_2189,2300.0,INR,wallet,failed,card_declined,card_declined,customer,payment_authentication,102,10,9,1,0.9,2213.1245607009414,45268.989509505045,52,1,1,past_due,219,23,1,health,regular,0.5568291714621256,REMINDER,REMINDER,0.5790561535390505,1,2300.0
cus_190,pay_2190,ord_2190,4760.0,INR,card,failed,card_declined,card_declined,customer,payment_authentication,1319,7,6,1,0.8571428571428571,4832.96973484534,71477.45817280909,58,2,0,active,663,4,5,retail,regular,0.44688779104924775,ALTERNATIVE_PAYMENT_METHOD,NO_ACTION,0.3725307741991253,0,0.0
cus_191,pay_2191,ord_2191,480.0,INR,upi,failed,card_declined,card_declined,customer,payment_authentication,48,7,3,4,0.42857142857142855,529.4202997808329,7552.751743494596,76,0,2,past_due,884,22,0,retail,new,0.3997813793453936,CUSTOMER_NOTIFICATION,NO_ACTION,0.4486518638323118,0,0.0
cus_192,pay_2192,ord_2192,13730.0,INR,upi,failed,temporary_bank_failure,temporary_bank_failure,customer,payment_authentication,1025,3,3,0,1.0,16077.228668987651,67286.13529926797,55,0,1,none,47,17,2,retail,vip,0.7872828262527697,CUSTOMER_NOTIFICATION,RETRY,0.9056180190796848,1,13730.0
cus_193,pay_2193,ord_2193,780.0,INR,card,failed,card_declined,card_declined,customer,payment_authentication,1159,10,8,2,0.8,704.2279564420302,16562.21697639442,163,1,1,active,479,21,0,retail,regular,0.44126981465881776,CUSTOMER_NOTIFICATION,NO_ACTION,0.4620052282306021,0,0.0
cus_194,pay_2194,ord_2194,6350.0,INR,upi,failed,network_timeout,network_timeout,customer,payment_authentication,1099,8,7,1,0.875,5099.6890862002765,92186.98482538259,91,0,0,past_due,593,15,3,retail,vip,0.80358384282443,REMINDER,RETRY,0.7785783149050022,1,6350.0
cus_195,pay_2195,ord_2195,3140.0,INR,netbanking,failed,upi_error,upi_error,customer,payment_authentication,820,5,3,2,0.6,2540.8471682423924,23526.61301140351,62,1,1,none,98,8,2,education,vip,0.6731898414714079,CUSTOMER_NOTIFICATION,RETRY,0.6121502384374459,0,0.0
cus_196,pay_2196,ord_2196,2360.0,INR,card,failed,insufficient_funds,insufficient_funds,customer,payment_authentication,886,8,4,4,0.5,1878.7703186958418,40230.37170784843,61,0,1,active,660,11,5,education,new,0.7196333941929423,ALTERNATIVE_PAYMENT_METHOD,REMINDER,0.7382640613591636,1,2360.0
cus_197,pay_2197,ord_2197,6100.0,INR,upi,failed,insufficient_funds,insufficient_funds,customer,payment_authentication,757,10,8,2,0.8,4688.863044807448,131454.7179811689,91,1,1,none,831,17,0,retail,regular,0.8653280491116421,CUSTOMER_NOTIFICATION,REMINDER,0.7810244017529221,1,6100.0
cus_198,pay_2198,ord_2198,4900.0,INR,card,failed,network_timeout,network_timeout,customer,payment_authentication,1135,5,3,2,0.6,4726.232340302094,40986.87350759216,65,0,0,none,127,11,0,education,regular,0.5893814188010514,HUMAN_ESCALATION,RETRY,0.7235126168527858,0,0.0
cus_199,pay_2199,ord_2199,2010.0,INR,upi,failed,expired_card,expired_card,customer,payment_authentication,129,5,4,1,0.8,1627.8385884275904,20665.277857353412,156,1,0,past_due,846,22,2,health,regular,0.7353541814819422,ALTERNATIVE_PAYMENT_METHOD,ALTERNATIVE_PAYMENT_METHOD,0.6373809040527173,0,0.0
cus_200,pay_2200,ord_2200,1190.0,INR,card,failed,insufficient_funds,insufficient_funds,customer,payment_authentication,1335,7,3,4,0.42857142857142855,1391.715930769443,16275.185681442672,22,0,2,none,469,13,0,education,regular,0.5678583196502371,ALTERNATIVE_PAYMENT_METHOD,NO_ACTION,0.5109503745600331,0,0.0
cus_201,pay_2201,ord_2201,2040.0,INR,wallet,failed,temporary_bank_failure,temporary_bank_failure,customer,payment_authentication,1162,9,5,4,0.5555555555555556,1428.0701756739752,30426.280750288945,58,0,1,none,978,1,0,saas,new,0.8352389500688887,REMINDER,RETRY,0.8795886875915242,1,2040.0
cus_202,pay_2202,ord_2202,1630.0,INR,netbanking,failed,temporary_bank_failure,temporary_bank_failure,customer,payment_authentication,1453,8,7,1,0.875,2073.5453275106674,18331.756163403912,77,1,1,none,286,1,4,retail,regular,0.8821403204119624,NO_ACTION,RETRY,0.7773228716645313,1,1630.0
cus_203,pay_2203,ord_2203,2580.0,INR,card,failed,expired_card,expired_card,customer,payment_authentication,140,6,3,3,0.5,1826.4655576665803,15796.103117538856,173,1,1,none,61,10,6,saas,regular,0.43406849859485813,RETRY,ALTERNATIVE_PAYMENT_METHOD,0.4029462951481808,1,2580.0
cus_204,pay_2204,ord_2204,5020.0,INR,card,failed,temporary_bank_failure,temporary_bank_failure,customer,payment_authentication,314,1,1,0,1.0,4493.904700261755,20053.276904385177,53,0,0,active,658,0,0,retail,new,1.0,HUMAN_ESCALATION,RETRY,0.9420452314132888,1,5020.0
cus_205,pay_2205,ord_2205,2890.0,INR,upi,failed,temporary_bank_failure,temporary_bank_failure,customer,payment_authentication,333,5,4,1,0.8,3330.5367380800294,13753.467910600157,36,0,1,none,439,8,1,education,regular,0.6088494856942344,RETRY,RETRY,0.6865405576149531,0,0.0
cus_206,pay_2206,ord_2206,2180.0,INR,upi,failed,temporary_bank_failure,temporary_bank_failure,customer,payment_authentication,619,7,6,1,0.8571428571428571,2666.6586555020654,15265.541254969965,71,0,0,past_due,635,6,6,health,new,0.7766463319503114,CUSTOMER_NOTIFICATION,RETRY,0.8449101698788503,1,2180.0
cus_207,pay_2207,ord_2207,940.0,INR,upi,failed,upi_error,upi_error,customer,payment_authentication,1228,3,2,1,0.6666666666666666,707.1938831602041,4463.962123980794,123,1,0,past_due,885,20,4,education,regular,0.868579006126389,CUSTOMER_NOTIFICATION,RETRY,0.8136067523776671,1,940.0
cus_208,pay_2208,ord_2208,2500.0,INR,card,failed,temporary_bank_failure,temporary_bank_failure,customer,payment_authentication,1180,7,2,5,0.2857142857142857,2951.622680685676,24362.29374418713,177,1,0,none,862,21,2,saas,new,0.6801210524467493,HUMAN_ESCALATION,RETRY,0.6733911352234574,1,2500.0
cus_209,pay_2209,ord_2209,330.0,INR,card,failed,temporary_bank_failure,temporary_bank_failure,customer,payment_authentication,1039,6,4,2,0.6666666666666666,379.7991974143805,2419.262939033924,10,0,0,active,118,13,6,retail,regular,0.46081534768995436,NO_ACTION,RETRY,0.6047865766796603,1,330.0
cus_210,pay_2210,ord_2210,810.0,INR,wallet,failed,expired_card,expired_card,customer,payment_authentication,594,4,3,1,0.75,790.4976746449757,3246.08671358475,116,1,1,past_due,66,19,3,education,regular,0.5265023111748446,HUMAN_ESCALATION,ALTERNATIVE_PAYMENT_METHOD,0.33949272940367425,1,810.0
cus_211,pay_2211,ord_2211,3320.0,INR,upi,failed,temporary_bank_failure,temporary_bank_failure,customer,payment_authentication,139,6,3,3,0.5,3572.8011450898716,43441.10199826873,96,1,1,active,362,23,6,saas,regular,0.6247138924418105,HUMAN_ESCALATION,RETRY,0.4495305704307464,0,0.0
cus_212,pay_2212,ord_2212,4380.0,INR,netbanking,failed,upi_error,upi_error,customer,payment_authentication,1041,7,6,1,0.8571428571428571,4030.885745477068,47907.95234550385,60,0,0,none,132,22,3,saas,regular,0.9531430430449153,CUSTOMER_NOTIFICATION,RETRY,0.9339988176929521,1,4380.0
cus_213,pay_2213,ord_2213,1770.0,INR,upi,failed,upi_error,upi_error,customer,payment_authentication,111,3,3,0,1.0,1570.1618586858883,13882.428457986187,28,1,1,none,905,1,5,saas,new,0.5607111328484956,CUSTOMER_NOTIFICATION,RETRY,0.6294019316417513,1,1770.0
cus_214,pay_2214,ord_2214,2210.0,INR,wallet,failed,insufficient_funds,insufficient_funds,customer,payment_authentication,306,6,3,3,0.5,1590.8118168660055,28485.773303786762,118,2,0,past_due,548,10,2,health,regular,0.4043110811152507,HUMAN_ESCALATION,NO_ACTION,0.4707370789648131,0,0.0
cus_215,pay_2215,ord_2215,2620.0,INR,card,failed,insufficient_funds,insufficient_funds,customer,payment_authentication,610,7,7,0,1.0,1844.7455466404988,28132.873302057527,113,0,2,none,92,7,4,saas,regular,0.558593820050308,CUSTOMER_NOTIFICATION,NO_ACTION,0.5199153797311826,0,0.0
cus_216,pay_2216,ord_2216,3570.0,INR,card,failed,insufficient_funds,insufficient_funds,customer,payment_authentication,1165,2,1,1,0.5,3626.0321788818305,12902.217417155593,23,2,0,none,555,6,1,retail,vip,0.863936285434024,CUSTOMER_NOTIFICATION,REMINDER,0.7202854150774118,1,3570.0
cus_217,pay_2217,ord_2217,1480.0,INR,wallet,failed,temporary_bank_failure,temporary_bank_failure,customer,payment_authentication,905,3,3,0,1.0,1046.2900327344996,6106.851553995142,111,0,0,none,725,13,1,retail,regular,0.9268337625427094,NO_ACTION,RETRY,0.6623104781580296,0,0.0
cus_218,pay_2218,ord_2218,680.0,INR,wallet,failed,insufficient_funds,insufficient_funds,customer,payment_authentication,156,6,5,1,0.8333333333333334,526.1194335964251,9476.987873341976,92,1,1,active,773,1,0,education,regular,0.5148604846421968,REMINDER,NO_ACTION,0.545000832769199,0,0.0
cus_219,pay_2219,ord_2219,2660.0,INR,card,failed,temporary_bank_failure,temporary_bank_failure,customer,payment_authentication,370,11,9,2,0.8181818181818182,2016.0493382395732,47451.461837682094,74,0,0,none,949,5,2,education,regular,0.8822589706920413,NO_ACTION,RETRY,0.9178594903428554,1,2660.0
cus_220,pay_2220,ord_2220,12810.0,INR,card,failed,temporary_bank_failure,temporary_bank_failure,customer,payment_authentication,1273,8,6,2,0.75,13832.901268769838,206707.28226877758,95,1,1,none,617,4,1,retail,regular,0.6961549068330694,HUMAN_ESCALATION,RETRY,0.7126943377090683,1,12810.0
cus_221,pay_2221,ord_2221,720.0,INR,upi,failed,expired_card,expired_card,customer,payment_authentication,878,8,7,1,0.875,792.9861362333166,12830.860041764554,166,1,1,active,602,23,2,education,new,0.6937545712644784,NO_ACTION,ALTERNATIVE_PAYMENT_METHOD,0.6528960669195961,1,720.0
cus_222,pay_2222,ord_2222,1590.0,INR,upi,failed,temporary_bank_failure,temporary_bank_failure,customer,payment_authentication,986,8,7,1,0.875,1832.6151536255918,14183.06994411002,78,0,0,active,57,22,3,health,new,0.7035396153938709,REMINDER,RETRY,0.7890055914504074,1,1590.0
cus_223,pay_2223,ord_2223,1230.0,INR,card,failed,temporary_bank_failure,temporary_bank_failure,customer,payment_authentication,539,12,12,0,1.0,1579.215308146685,30417.66832491125,160,0,1,none,879,16,4,education,regular,0.7519624836468781,RETRY,RETRY,0.8882363314647216,1,1230.0
cus_224,pay_2224,ord_2224,20200.0,INR,netbanking,failed,expired_card,expired_card,customer,payment_authentication,1222,6,4,2,0.6666666666666666,26016.219832143677,245020.90875539542,5,0,1,past_due,774,10,0,retail,regular,0.807814495685078,ALTERNATIVE_PAYMENT_METHOD,ALTERNATIVE_PAYMENT_METHOD,0.8311045101219061,1,20200.0
cus_225,pay_2225,ord_2225,690.0,INR,card,failed,insufficient_funds,insufficient_funds,customer,payment_authentication,883,13,10,3,0.7692307692307693,568.9374350977267,12471.462476935145,132,3,0,active,799,14,2,saas,regular,0.2967017068973484,CUSTOMER_NOTIFICATION,NO_ACTION,0.26571144254493395,0,0.0
cus_226,pay_2226,ord_2226,1540.0,INR,upi,failed,temporary_bank_failure,temporary_bank_failure,customer,payment_authentication,122,7,6,1,0.8571428571428571,1402.9896336821673,23819.861466710983,134,2,1,none,973,15,6,education,regular,1.0,NO_ACTION,REMINDER,0.8451165934937641,1,1540.0
cus_227,pay_2227,ord_2227,1260.0,INR,card,failed,temporary_bank_failure,temporary_bank_failure,customer,payment_authentication,1088,5,5,0,1.0,1306.496270817146,11089.490874868607,129,0,2,active,806,3,0,education,new,0.7594075603233698,HUMAN_ESCALATION,RETRY,0.8673466527532787,1,1260.0
cus_228,pay_2228,ord_2228,520.0,INR,card,failed,temporary_bank_failure,temporary_bank_failure,customer,payment_authentication,433,4,3,1,0.75,377.788529800973,3150.6571160259264,66,0,0,past_due,431,4,6,saas,regular,1.0,REMINDER,RETRY,0.9127505062798451,1,520.0
cus_229,pay_2229,ord_2229,490.0,INR,upi,failed,temporary_bank_failure,temporary_bank_failure,customer,payment_authentication,1264,7,6,1,0.8571428571428571,399.57362572700697,3558.8775917455737,12,0,0,none,629,18,0,saas,new,0.6619513910109174,RETRY,RETRY,0.6721715073792578,1,490.0
cus_230,pay_2230,ord_2230,3190.0,INR,card,failed,network_timeout,network_timeout,customer,payment_authentication,957,12,9,3,0.75,3866.748561327534,68270.60908537106,9,2,0,active,884,22,6,saas,new,0.5574812134021294,CUSTOMER_NOTIFICATION,REMINDER,0.581879539959451,0,0.0
cus_231,pay_2231,ord_2231,3670.0,INR,upi,failed,upi_error,upi_error,customer,payment_authentication,294,5,5,0,1.0,3467.750746238119,37571.403122407064,58,0,1,past_due,70,23,2,education,new,0.6911936378529517,ALTERNATIVE_PAYMENT_METHOD,RETRY,0.8463790245489796,1,3670.0
cus_232,pay_2232,ord_2232,1030.0,INR,card,failed,insufficient_funds,insufficient_funds,customer,payment_authentication,44,14,6,8,0.42857142857142855,1020.4955213993022,14970.818179043214,21,0,2,none,148,6,4,retail,regular,0.3607475821906049,ALTERNATIVE_PAYMENT_METHOD,NO_ACTION,0.3215560874822845,0,0.0
cus_233,pay_2233,ord_2233,7400.0,INR,wallet,failed,insufficient_funds,insufficient_funds,customer,payment_authentication,128,7,6,1,0.8571428571428571,8450.199368130148,70056.92627645124,36,1,1,none,399,19,6,retail,regular,0.7842465743957471,RETRY,REMINDER,0.7567540577038596,1,7400.0
cus_234,pay_2234,ord_2234,190.0,INR,upi,failed,card_declined,card_declined,customer,payment_authentication,370,7,5,2,0.7142857142857143,225.19596026544278,1172.7630286439728,3,1,1,none,659,16,5,health,regular,0.6381748327451316,CUSTOMER_NOTIFICATION,NO_ACTION,0.4113984160374961,0,0.0
cus_235,pay_2235,ord_2235,510.0,INR,netbanking,failed,card_declined,card_declined,customer,payment_authentication,178,9,6,3,0.6666666666666666,621.6613821430382,7264.595632184814,69,1,0,none,833,13,4,education,regular,0.266373817872564,ALTERNATIVE_PAYMENT_METHOD,NO_ACTION,0.29217908628858485,0,0.0
cus_236,pay_2236,ord_2236,790.0,INR,card,failed,temporary_bank_failure,temporary_bank_failure,customer,payment_authentication,987,8,6,2,0.75,977.1702578832404,10523.403558692458,163,0,1,active,308,3,0,saas,regular,0.8301983275960426,RETRY,RETRY,0.6748433181741527,1,790.0
cus_237,pay_2237,ord_2237,1790.0,INR,card,failed,temporary_bank_failure,temporary_bank_failure,customer,payment_authentication,248,5,5,0,1.0,1569.3283335320548,19361.34164040869,19,2,0,none,203,16,2,retail,new,0.5529759678827105,ALTERNATIVE_PAYMENT_METHOD,REMINDER,0.583456222238447,0,0.0
cus_238,pay_2238,ord_2238,1150.0,INR,card,failed,insufficient_funds,insufficient_funds,customer,payment_authentication,670,8,6,2,0.75,1252.8440488911765,7596.848376980258,65,2,0,none,188,2,6,retail,regular,0.5088771982959874,RETRY,NO_ACTION,0.5430506107408968,0,0.0
cus_239,pay_2239,ord_2239,1480.0,INR,upi,failed,expired_card,expired_card,customer,payment_authentication,487,6,4,2,0.6666666666666666,1134.7708137059924,8863.40900230661,57,2,1,none,300,12,6,health,regular,0.2745003165292289,REMINDER,ALTERNATIVE_PAYMENT_METHOD,0.44254350181833885,0,0.0
cus_240,pay_2240,ord_2240,2940.0,INR,card,failed,temporary_bank_failure,temporary_bank_failure,customer,payment_authentication,987,4,2,2,0.5,3767.126292468467,10893.260903670247,78,1,1,past_due,60,8,2,education,regular,0.7111418691829944,CUSTOMER_NOTIFICATION,RETRY,0.5961640740209838,1,2940.0
cus_241,pay_2241,ord_2241,7760.0,INR,card,failed,insufficient_funds,insufficient_funds,customer,payment_authentication,43,5,4,1,0.8,6678.125398079245,89757.58454309696,102,1,1,none,512,0,4,saas,new,0.5769445416846276,ALTERNATIVE_PAYMENT_METHOD,REMINDER,0.5631683019458564,1,7760.0
cus_242,pay_2242,ord_2242,4030.0,INR,card,failed,insufficient_funds,insufficient_funds,customer,payment_authentication,603,4,2,2,0.5,3764.931400150617,27540.083239627507,165,0,1,none,861,8,3,retail,new,0.5240117805561761,RETRY,NO_ACTION,0.524495600960777,0,0.0
cus_243,pay_2243,ord_2243,1910.0,INR,card,failed,insufficient_funds,insufficient_funds,customer,payment_authentication,1248,8,6,2,0.75,2403.561163667647,17530.36003354196,29,1,0,none,422,20,5,education,regular,0.75482509195677,REMINDER,REMINDER,0.783845389177767,1,1910.0
cus_244,pay_2244,ord_2244,1670.0,INR,card,failed,expired_card,expired_card,customer,payment_authentication,370,8,5,3,0.625,1800.4104456422929,10894.233104593142,54,0,1,none,486,18,6,retail,new,0.5562892548760435,RETRY,ALTERNATIVE_PAYMENT_METHOD,0.532741522289309,1,1670.0
cus_245,pay_2245,ord_2245,5440.0,INR,card,failed,card_declined,card_declined,customer,payment_authentication,1273,7,7,0,1.0,4748.994134442852,35924.707358141226,19,0,1,none,817,5,5,retail,vip,0.7618798167362604,NO_ACTION,REMINDER,0.8329951126990606,1,5440.0
cus_246,pay_2246,ord_2246,11900.0,INR,card,failed,expired_card,expired_card,customer,payment_authentication,258,11,6,5,0.5454545454545454,8945.95755215341,233650.1025508936,8,3,0,none,12,17,5,health,new,0.36071165792106274,ALTERNATIVE_PAYMENT_METHOD,ALTERNATIVE_PAYMENT_METHOD,0.31574133637146795,0,0.0
cus_247,pay_2247,ord_2247,3420.0,INR,upi,failed,temporary_bank_failure,temporary_bank_failure,customer,payment_authentication,1070,4,4,0,1.0,3396.8214859435757,22646.700704037503,127,1,0,active,973,7,4,saas,regular,0.8245893889417167,REMINDER,RETRY,0.920048330640902,1,3420.0
cus_248,pay_2248,ord_2248,1110.0,INR,card,failed,temporary_bank_failure,temporary_bank_failure,customer,payment_authentication,423,4,3,1,0.75,1170.418932497674,9183.87045874305,52,0,1,none,204,9,6,retail,new,0.5973107393738072,ALTERNATIVE_PAYMENT_METHOD,RETRY,0.6107034850014458,1,1110.0
cus_249,pay_2249,ord_2249,2340.0,INR,card,failed,network_timeout,network_timeout,customer,payment_authentication,535,5,4,1,0.8,2576.42657271061,14668.267110166606,44,0,1,active,106,21,6,education,new,0.9218614919992213,CUSTOMER_NOTIFICATION,RETRY,0.8721233376102967,1,2340.0
cus_250,pay_2250,ord_2250,3230.0,INR,upi,failed,expired_card,expired_card,customer,payment_authentication,783,6,2,4,0.3333333333333333,2580.134567761765,28746.678724911035,79,0,2,active,591,12,2,health,regular,0.5223250287151042,RETRY,ALTERNATIVE_PAYMENT_METHOD,0.3815636506688169,1,3230.0
cus_251,pay_2251,ord_2251,1040.0,INR,netbanking,failed,temporary_bank_failure,temporary_bank_failure,customer,payment_authentication,1060,3,3,0,1.0,1168.4943750088753,6285.848451348689,86,0,1,past_due,18,17,3,health,new,0.9733834827805792,ALTERNATIVE_PAYMENT_METHOD,RETRY,0.952398177731644,1,1040.0
cus_252,pay_2252,ord_2252,4300.0,INR,card,failed,insufficient_funds,insufficient_funds,customer,payment_authentication,790,9,8,1,0.8888888888888888,3945.47547335951,41968.54870508014,78,1,1,none,447,23,2,saas,vip,0.8494692818680433,ALTERNATIVE_PAYMENT_METHOD,REMINDER,0.7198046737068262,1,4300.0
cus_253,pay_2253,ord_2253,2350.0,INR,upi,failed,network_timeout,network_timeout,customer,payment_authentication,862,7,3,4,0.42857142857142855,2976.055552047508,20187.060796275848,150,0,0,active,774,13,5,education,regular,0.44520140982716094,ALTERNATIVE_PAYMENT_METHOD,RETRY,0.4464566279629686,0,0.0
cus_254,pay_2254,ord_2254,5790.0,INR,wallet,failed,network_timeout,network_timeout,customer,payment_authentication,434,8,5,3,0.625,6323.087273326741,46069.91515005283,122,0,1,none,687,11,6,education,regular,0.5802716194717606,NO_ACTION,RETRY,0.6737821246571675,1,5790.0
cus_255,pay_2255,ord_2255,680.0,INR,upi,failed,network_timeout,network_timeout,customer,payment_authentication,993,4,3,1,0.75,850.5730948634041,5526.136309503138,68,1,0,none,74,6,1,saas,new,0.974541836169818,ALTERNATIVE_PAYMENT_METHOD,RETRY,0.7663824062086985,1,680.0
cus_256,pay_2256,ord_2256,320.0,INR,wallet,failed,card_declined,card_declined,customer,payment_authentication,107,7,5,2,0.7142857142857143,229.78498903918432,3729.8657134047744,34,0,0,past_due,727,14,3,education,new,0.6518916433514765,REMINDER,REMINDER,0.6634473125177291,1,320.0
cus_257,pay_2257,ord_2257,1220.0,INR,netbanking,failed,insufficient_funds,insufficient_funds,customer,payment_authentication,132,8,6,2,0.75,1515.267260495663,14033.255048599702,17,0,1,active,239,19,6,education,regular,0.8039564494839189,NO_ACTION,REMINDER,0.7092777616937506,1,1220.0
cus_258,pay_2258,ord_2258,1850.0,INR,card,failed,insufficient_funds,insufficient_funds,customer,payment_authentication,240,6,2,4,0.3333333333333333,2269.4354731740164,18616.117027297758,127,0,0,none,183,22,1,saas,new,0.44730388279335737,NO_ACTION,NO_ACTION,0.5093796898430705,0,0.0
cus_259,pay_2259,ord_2259,300.0,INR,upi,failed,temporary_bank_failure,temporary_bank_failure,customer,payment_authentication,1312,8,8,0,1.0,301.9420969323429,2485.958588139091,141,1,0,active,349,12,5,education,regular,0.7415082794079965,CUSTOMER_NOTIFICATION,RETRY,0.6894339380733492,1,300.0
cus_260,pay_2260,ord_2260,980.0,INR,upi,failed,card_declined,card_declined,customer,payment_authentication,920,5,3,2,0.6,1260.1285427024636,10329.701103938745,125,0,0,active,444,6,5,retail,regular,0.7542228981434905,HUMAN_ESCALATION,REMINDER,0.7197703395101525,1,980.0
cus_261,pay_2261,ord_2261,6530.0,INR,wallet,failed,card_declined,card_declined,customer,payment_authentication,523,8,6,2,0.75,7506.445335798981,98857.52078916362,132,0,1,active,298,13,1,saas,new,0.572460126249772,RETRY,REMINDER,0.5724788825475031,1,6530.0
cus_262,pay_2262,ord_2262,3080.0,INR,upi,failed,temporary_bank_failure,temporary_bank_failure,customer,payment_authentication,938,4,1,3,0.25,3994.8738367746023,14423.707732987055,114,0,1,active,532,23,1,retail,regular,0.8490621486042039,CUSTOMER_NOTIFICATION,RETRY,0.6461582724394724,1,3080.0
cus_263,pay_2263,ord_2263,2080.0,INR,card,failed,network_timeout,network_timeout,customer,payment_authentication,404,8,6,2,0.75,2399.909331953729,34658.68393927384,109,0,0,past_due,648,4,4,retail,vip,0.7865633711893454,NO_ACTION,RETRY,0.7436880605403301,1,2080.0
cus_264,pay_2264,ord_2264,630.0,INR,upi,failed,insufficient_funds,insufficient_funds,customer,payment_authentication,1099,3,3,0,1.0,786.9409903576806,3054.6644293468685,173,1,1,active,77,14,5,education,regular,0.40738270244139296,RETRY,NO_ACTION,0.4444869619070165,0,0.0
cus_265,pay_2265,ord_2265,6310.0,INR,card,failed,temporary_bank_failure,temporary_bank_failure,customer,payment_authentication,586,9,5,4,0.5555555555555556,5163.398527347664,82202.1546885234,96,1,0,none,276,10,0,retail,new,0.8055300537672623,CUSTOMER_NOTIFICATION,RETRY,0.6481261424550326,1,6310.0
cus_266,pay_2266,ord_2266,1190.0,INR,netbanking,failed,insufficient_funds,insufficient_funds,customer,payment_authentication,928,7,2,5,0.2857142857142857,973.6500266901861,13238.876571374152,162,1,0,none,307,17,6,health,vip,0.07024834159286891,RETRY,NO_ACTION,0.2513784808826385,0,0.0
cus_267,pay_2267,ord_2267,1990.0,INR,upi,failed,network_timeout,network_timeout,customer,payment_authentication,371,9,5,4,0.5555555555555556,1999.2387951155158,34442.24402374985,135,1,0,active,607,8,3,education,vip,0.6068567559403018,RETRY,RETRY,0.7526637558475383,1,1990.0
cus_268,pay_2268,ord_2268,2720.0,INR,upi,failed,upi_error,upi_error,customer,payment_authentication,54,11,9,2,0.8181818181818182,3094.171815561829,29807.25107386126,79,0,1,none,257,11,0,education,regular,0.730176071756296,CUSTOMER_NOTIFICATION,RETRY,0.6421714745340382,0,0.0
cus_269,pay_2269,ord_2269,2150.0,INR,netbanking,failed,expired_card,expired_card,customer,payment_authentication,1491,8,6,2,0.75,1846.8479724734257,20211.539368998765,63,1,0,none,695,7,5,retail,regular,0.629736916466545,ALTERNATIVE_PAYMENT_METHOD,ALTERNATIVE_PAYMENT_METHOD,0.6070620961418531,1,2150.0
cus_270,pay_2270,ord_2270,8040.0,INR,upi,failed,upi_error,upi_error,customer,payment_authentication,980,6,4,2,0.6666666666666666,7639.344686099107,107907.97710571377,29,0,0,none,726,23,3,saas,regular,0.7015701137935856,ALTERNATIVE_PAYMENT_METHOD,RETRY,0.7562110095204243,1,8040.0
cus_271,pay_2271,ord_2271,3210.0,INR,upi,failed,network_timeout,network_timeout,customer,payment_authentication,969,5,3,2,0.6,2579.071770157039,36962.6408625285,59,0,0,active,21,11,2,saas,regular,0.8207079415210418,RETRY,RETRY,0.7814849421964576,0,0.0
cus_272,pay_2272,ord_2272,2540.0,INR,netbanking,failed,network_timeout,network_timeout,customer,payment_authentication,905,8,8,0,1.0,3188.5038485785376,40043.020660329865,94,3,1,active,631,21,2,retail,new,0.7291402365885707,REMINDER,REMINDER,0.6225022951648513,1,2540.0
cus_273,pay_2273,ord_2273,1660.0,INR,netbanking,failed,network_timeout,network_timeout,customer,payment_authentication,1344,2,2,0,1.0,1903.436887065949,4576.437695802779,112,0,0,none,367,20,5,education,new,0.6601482928409993,CUSTOMER_NOTIFICATION,RETRY,0.7658178414505149,1,1660.0
cus_274,pay_2274,ord_2274,2780.0,INR,netbanking,failed,insufficient_funds,insufficient_funds,customer,payment_authentication,28,11,10,1,0.9090909090909091,2010.0152609798768,49154.96775943629,151,1,1,active,292,12,2,health,new,0.7832215475754761,ALTERNATIVE_PAYMENT_METHOD,REMINDER,0.7919776732121433,1,2780.0
cus_275,pay_2275,ord_2275,1470.0,INR,card,failed,network_timeout,network_timeout,customer,payment_authentication,1426,6,5,1,0.8333333333333334,1048.844299266747,13168.748202813427,29,0,0,active,51,7,5,health,new,0.7698948543203297,ALTERNATIVE_PAYMENT_METHOD,RETRY,0.7660452422593342,1,1470.0
cus_276,pay_2276,ord_2276,2190.0,INR,upi,failed,card_declined,card_declined,customer,payment_authentication,689,8,6,2,0.75,2838.847923444314,15865.868242760771,29,1,1,active,485,13,5,health,new,0.6695803077782018,NO_ACTION,REMINDER,0.6389544569639073,1,2190.0
cus_277,pay_2277,ord_2277,1280.0,INR,card,failed,card_declined,card_declined,customer,payment_authentication,872,7,3,4,0.42857142857142855,1200.1931539999641,8173.689749004507,113,3,0,active,765,5,6,retail,new,0.36332160150761017,RETRY,NO_ACTION,0.2988982292114629,0,0.0
cus_278,pay_2278,ord_2278,1100.0,INR,netbanking,failed,temporary_bank_failure,temporary_bank_failure,customer,payment_authentication,1406,9,6,3,0.6666666666666666,1167.507646934602,19952.766117826446,2,0,0,past_due,155,11,6,saas,new,0.5478778404674578,ALTERNATIVE_PAYMENT_METHOD,RETRY,0.7446784952881756,1,1100.0
cus_279,pay_2279,ord_2279,720.0,INR,upi,failed,network_timeout,network_timeout,customer,payment_authentication,1200,11,10,1,0.9090909090909091,913.4706105775995,7064.488135577721,156,1,0,active,58,21,6,health,regular,0.6038851530778675,CUSTOMER_NOTIFICATION,RETRY,0.5502677742659744,0,0.0
cus_280,pay_2280,ord_2280,1380.0,INR,upi,failed,upi_error,upi_error,customer,payment_authentication,525,6,4,2,0.6666666666666666,1757.4097202943221,10170.116080168125,38,3,1,active,139,16,4,health,regular,0.1411710899789782,CUSTOMER_NOTIFICATION,NO_ACTION,0.3320315531798137,0,0.0
cus_281,pay_2281,ord_2281,1290.0,INR,card,failed,insufficient_funds,insufficient_funds,customer,payment_authentication,1358,5,4,1,0.8,977.2532712470239,6934.591047510281,92,1,0,none,861,18,1,education,vip,0.703957317358386,REMINDER,REMINDER,0.7076588294989328,0,0.0
cus_282,pay_2282,ord_2282,11260.0,INR,card,failed,upi_error,upi_error,customer,payment_authentication,125,5,3,2,0.6,12175.051435818103,97802.21998917082,13,2,0,none,206,13,0,retail,regular,0.6068442170223305,CUSTOMER_NOTIFICATION,REMINDER,0.7123694005630938,0,0.0
cus_283,pay_2283,ord_2283,4880.0,INR,upi,failed,insufficient_funds,insufficient_funds,customer,payment_authentication,225,5,2,3,0.4,6322.999876406836,49425.46700978346,14,1,1,none,847,13,2,saas,vip,0.48868478140006244,HUMAN_ESCALATION,NO_ACTION,0.46902605994320656,0,0.0
cus_284,pay_2284,ord_2284,1580.0,INR,card,failed,temporary_bank_failure,temporary_bank_failure,customer,payment_authentication,341,3,3,0,1.0,1276.3124095811409,6602.741420238981,161,1,2,none,189,14,3,health,new,0.7515008061979013,CUSTOMER_NOTIFICATION,RETRY,0.6849390573044495,1,1580.0
cus_285,pay_2285,ord_2285,1180.0,INR,card,failed,temporary_bank_failure,temporary_bank_failure,customer,payment_authentication,404,4,1,3,0.25,1295.2799097426093,10128.296663246758,119,0,1,active,516,16,1,health,new,0.8424888556312539,NO_ACTION,RETRY,0.8367705003753783,1,1180.0
cus_286,pay_2286,ord_2286,3340.0,INR,netbanking,failed,network_timeout,network_timeout,customer,payment_authentication,1010,6,6,0,1.0,3889.102258131163,21683.97771944466,169,0,2,none,445,6,5,retail,regular,0.7027853151544815,HUMAN_ESCALATION,RETRY,0.7681026590584894,1,3340.0
cus_287,pay_2287,ord_2287,12610.0,INR,netbanking,failed,expired_card,expired_card,customer,payment_authentication,603,5,3,2,0.6,9398.718647947684,88049.84072773218,156,0,0,active,942,2,2,education,regular,0.5363456517130003,REMINDER,ALTERNATIVE_PAYMENT_METHOD,0.6679363545265131,0,0.0
cus_288,pay_2288,ord_2288,4010.0,INR,card,failed,insufficient_funds,insufficient_funds,customer,payment_authentication,1275,13,7,6,0.5384615384615384,3738.1774442576598,57023.95952862331,177,1,1,past_due,272,5,6,saas,regular,0.5816635129006285,CUSTOMER_NOTIFICATION,REMINDER,0.5853610983221811,1,4010.0
cus_289,pay_2289,ord_2289,320.0,INR,card,failed,card_declined,card_declined,customer,payment_authentication,934,8,5,3,0.625,263.41583806978065,3717.0529745988297,35,0,1,none,366,17,0,saas,regular,0.28404696049437483,REMINDER,NO_ACTION,0.3247568942365316,0,0.0
cus_290,pay_2290,ord_2290,4290.0,INR,wallet,failed,insufficient_funds,insufficient_funds,customer,payment_authentication,908,5,5,0,1.0,3149.1461155409997,50844.50880044984,131,1,0,none,446,23,0,education,regular,0.5829076252232441,REMINDER,NO_ACTION,0.5492579280678094,0,0.0
cus_291,pay_2291,ord_2291,5120.0,INR,upi,failed,insufficient_funds,insufficient_funds,customer,payment_authentication,1152,12,10,2,0.8333333333333334,3889.0469529948687,110345.59023717747,110,0,0,active,302,21,3,retail,vip,0.6253157242300167,RETRY,REMINDER,0.6683807424731013,0,0.0
cus_292,pay_2292,ord_2292,16310.0,INR,upi,failed,network_timeout,network_timeout,customer,payment_authentication,616,9,9,0,1.0,14761.625185868208,157797.46295026122,38,0,0,none,167,22,2,saas,regular,1.0,HUMAN_ESCALATION,RETRY,0.9353791570957878,1,16310.0
cus_293,pay_2293,ord_2293,1410.0,INR,card,failed,card_declined,card_declined,customer,payment_authentication,518,3,3,0,1.0,1476.9768216007137,11033.895699351462,35,2,2,none,114,11,6,retail,regular,0.43590582128130567,ALTERNATIVE_PAYMENT_METHOD,NO_ACTION,0.43123735768484045,0,0.0
cus_294,pay_2294,ord_2294,2080.0,INR,card,failed,network_timeout,network_timeout,customer,payment_authentication,162,12,11,1,0.9166666666666666,2646.1179139511405,42878.46433319746,70,0,1,none,593,7,3,education,regular,0.7866323252078044,HUMAN_ESCALATION,RETRY,0.6946889592189798,1,2080.0
cus_295,pay_2295,ord_2295,2840.0,INR,card,failed,card_declined,card_declined,customer,payment_authentication,1264,9,8,1,0.8888888888888888,3582.38568139068,36648.120070178404,147,0,0,past_due,727,20,5,saas,new,0.422727119463345,NO_ACTION,NO_ACTION,0.4726374945991997,0,0.0
cus_296,pay_2296,ord_2296,840.0,INR,upi,failed,upi_error,upi_error,customer,payment_authentication,350,7,5,2,0.7142857142857143,1027.6861946525914,12708.383535756417,83,1,1,none,169,9,4,retail,new,0.6538341360765401,REMINDER,RETRY,0.5803280930060277,0,0.0
cus_297,pay_2297,ord_2297,770.0,INR,card,failed,temporary_bank_failure,temporary_bank_failure,customer,payment_authentication,981,11,10,1,0.9090909090909091,895.403718595408,15631.12266268019,45,0,1,active,425,13,3,health,new,0.708299391238313,RETRY,RETRY,0.6459068914860185,1,770.0
cus_298,pay_2298,ord_2298,2700.0,INR,card,failed,insufficient_funds,insufficient_funds,customer,payment_authentication,1186,15,11,4,0.7333333333333333,1955.9239179305528,71191.50118734624,104,0,0,none,706,22,4,saas,regular,0.7126564908108586,HUMAN_ESCALATION,REMINDER,0.7807249936171193,0,0.0
cus_299,pay_2299,ord_2299,390.0,INR,upi,failed,temporary_bank_failure,temporary_bank_failure,customer,payment_authentication,558,9,6,3,0.6666666666666666,367.9178227257129,3748.7273919456497,113,2,0,active,978,0,1,saas,regular,0.5107506785220808,REMINDER,REMINDER,0.6604979478098134,0,0.0
cus_300,pay_2300,ord_2300,480.0,INR,wallet,failed,expired_card,expired_card,customer,payment_authentication,246,8,8,0,1.0,560.4537767259263,3742.6482064472393,111,1,1,none,130,18,2,health,regular,0.6926351873843964,HUMAN_ESCALATION,ALTERNATIVE_PAYMENT_METHOD,0.5658092248933767,1,480.0
cus_301,pay_2301,ord_2301,4090.0,INR,netbanking,failed,card_declined,card_declined,customer,payment_authentication,1021,5,3,2,0.6,5237.222810534053,44792.97003208198,106,1,0,past_due,870,0,1,saas,vip,0.4323581811040913,HUMAN_ESCALATION,NO_ACTION,0.47435222431088303,0,0.0
cus_302,pay_2302,ord_2302,2970.0,INR,upi,failed,network_timeout,network_timeout,customer,payment_authentication,488,6,4,2,0.6666666666666666,2902.7210723720887,32935.56036637556,68,1,0,active,386,14,6,education,regular,0.7370083688132401,HUMAN_ESCALATION,RETRY,0.8016185476482431,1,2970.0
cus_303,pay_2303,ord_2303,6310.0,INR,upi,failed,insufficient_funds,insufficient_funds,customer,payment_authentication,1278,7,5,2,0.7142857142857143,7072.029613115577,88966.70492084185,67,2,1,active,512,3,0,education,regular,0.5678007487730155,CUSTOMER_NOTIFICATION,REMINDER,0.5978331194533152,0,0.0
cus_304,pay_2304,ord_2304,2870.0,INR,upi,failed,temporary_bank_failure,temporary_bank_failure,customer,payment_authentication,668,5,4,1,0.8,3722.9651849825123,29196.171190453548,68,0,0,active,65,18,6,education,regular,0.6105002846864329,REMINDER,RETRY,0.7051714501359588,0,0.0
cus_305,pay_2305,ord_2305,1830.0,INR,card,failed,card_declined,card_declined,customer,payment_authentication,504,6,4,2,0.6666666666666666,1965.0655227980099,24006.44905618932,162,1,1,none,451,23,0,health,regular,0.4424025109909949,REMINDER,NO_ACTION,0.3794014390296387,1,1830.0
cus_306,pay_2306,ord_2306,6560.0,INR,upi,failed,upi_error,upi_error,customer,payment_authentication,1090,8,6,2,0.75,7657.299906309123,70149.98135586735,77,0,0,none,285,13,3,education,regular,0.8852445935823859,CUSTOMER_NOTIFICATION,RETRY,0.8861410713324964,1,6560.0
cus_307,pay_2307,ord_2307,1180.0,INR,upi,failed,insufficient_funds,insufficient_funds,customer,payment_authentication,581,3,2,1,0.6666666666666666,1510.1505697537302,5452.800118333241,162,1,1,none,235,22,5,health,regular,0.5031029008263522,REMINDER,NO_ACTION,0.4978683799055371,0,0.0
cus_308,pay_2308,ord_2308,1300.0,INR,upi,failed,temporary_bank_failure,temporary_bank_failure,customer,payment_authentication,1195,9,5,4,0.5555555555555556,1463.8663497349662,13102.977381016626,56,0,0,none,874,16,3,education,regular,0.9168225538762058,ALTERNATIVE_PAYMENT_METHOD,RETRY,0.8029817617758662,1,1300.0
cus_309,pay_2309,ord_2309,1700.0,INR,netbanking,failed,insufficient_funds,insufficient_funds,customer,payment_authentication,1038,6,3,3,0.5,1324.5394233899717,9960.991848282227,61,1,1,none,152,0,6,saas,regular,0.2949193992946484,RETRY,NO_ACTION,0.28494387574771146,0,0.0
cus_310,pay_2310,ord_2310,2840.0,INR,wallet,failed,insufficient_funds,insufficient_funds,customer,payment_authentication,1326,4,3,1,0.75,3656.4045462598965,18854.271311697983,63,0,0,past_due,235,8,6,education,new,0.6761323827682523,REMINDER,NO_ACTION,0.5185755361746518,0,0.0
cus_311,pay_2311,ord_2311,1690.0,INR,card,failed,insufficient_funds,insufficient_funds,customer,payment_authentication,645,8,6,2,0.75,1998.2245915332655,20498.328835758173,62,0,0,active,241,8,5,saas,regular,0.7045854399521159,RETRY,REMINDER,0.7065658775416722,0,0.0
cus_312,pay_2312,ord_2312,410.0,INR,card,failed,insufficient_funds,insufficient_funds,customer,payment_authentication,131,6,3,3,0.5,352.08881266514703,2436.052707485074,58,1,0,none,775,22,4,retail,new,0.12010718064651082,REMINDER,NO_ACTION,0.27069579993464915,0,0.0
cus_313,pay_2313,ord_2313,1380.0,INR,card,failed,card_declined,card_declined,customer,payment_authentication,267,9,6,3,0.6666666666666666,1783.5021261529776,20487.23610895006,117,1,0,none,550,22,6,education,regular,0.18905836095755954,ALTERNATIVE_PAYMENT_METHOD,NO_ACTION,0.2777162165522911,0,0.0
cus_314,pay_2314,ord_2314,1750.0,INR,card,failed,insufficient_funds,insufficient_funds,customer,payment_authentication,8,11,7,4,0.6363636363636364,1308.6261780133316,24619.915436852392,173,1,0,active,457,18,2,health,regular,0.32496575005410394,RETRY,NO_ACTION,0.3976957608519228,0,0.0
cus_315,pay_2315,ord_2315,2030.0,INR,card,failed,insufficient_funds,insufficient_funds,customer,payment_authentication,1281,8,7,1,0.875,2565.738683373303,23625.188736508848,51,0,1,none,141,13,0,retail,new,0.6696030478088139,RETRY,REMINDER,0.6583249631801139,1,2030.0
cus_316,pay_2316,ord_2316,1150.0,INR,card,failed,temporary_bank_failure,temporary_bank_failure,customer,payment_authentication,365,4,4,0,1.0,1385.3698807569833,7837.434962171539,54,0,1,none,395,1,3,saas,regular,1.0,HUMAN_ESCALATION,RETRY,0.93691421453823,1,1150.0
cus_317,pay_2317,ord_2317,3000.0,INR,netbanking,failed,upi_error,upi_error,customer,payment_authentication,303,9,6,3,0.6666666666666666,2594.9222306828797,33111.021481638236,54,1,1,active,884,19,2,saas,regular,0.6104054250249193,REMINDER,RETRY,0.5915415115255412,1,3000.0
cus_318,pay_2318,ord_2318,360.0,INR,upi,failed,insufficient_funds,insufficient_funds,customer,payment_authentication,909,8,5,3,0.625,437.8493570418383,5153.452769844196,43,0,1,active,498,9,0,retail,new,0.5082201679306316,ALTERNATIVE_PAYMENT_METHOD,NO_ACTION,0.5310765016011457,0,0.0
cus_319,pay_2319,ord_2319,2740.0,INR,wallet,failed,insufficient_funds,insufficient_funds,customer,payment_authentication,370,8,6,2,0.75,2017.312966117195,33606.797642349746,3,1,0,none,967,4,1,saas,new,0.7975810560005147,NO_ACTION,REMINDER,0.8279021995242245,1,2740.0
cus_320,pay_2320,ord_2320,10860.0,INR,card,failed,temporary_bank_failure,temporary_bank_failure,customer,payment_authentication,1468,6,2,4,0.3333333333333333,13806.659585182057,96838.92896188283,0,0,2,active,45,20,0,retail,new,0.6324749369622067,RETRY,RETRY,0.5779304014499179,1,10860.0
cus_321,pay_2321,ord_2321,990.0,INR,card,failed,card_declined,card_declined,customer,payment_authentication,1301,5,3,2,0.6,1052.2689968325312,7320.888304122298,16,1,0,none,266,2,0,health,new,0.5890786263130136,RETRY,NO_ACTION,0.5475302166170946,1,990.0
cus_322,pay_2322,ord_2322,1920.0,INR,upi,failed,network_timeout,network_timeout,customer,payment_authentication,676,10,6,4,0.6,1944.2976922866537,15435.066340453497,26,2,0,active,151,15,5,retail,regular,0.530371891453487,ALTERNATIVE_PAYMENT_METHOD,NO_ACTION,0.45060179287619073,0,0.0
cus_323,pay_2323,ord_2323,1410.0,INR,card,failed,temporary_bank_failure,temporary_bank_failure,customer,payment_authentication,963,6,3,3,0.5,1825.4209042000793,16804.645135777013,118,0,0,none,644,7,1,education,regular,0.70334521574595,HUMAN_ESCALATION,RETRY,0.773714109696813,1,1410.0
cus_324,pay_2324,ord_2324,1440.0,INR,card,failed,temporary_bank_failure,temporary_bank_failure,customer,payment_authentication,580,7,6,1,0.8571428571428571,1030.776087012632,22538.152488675634,23,2,0,none,104,19,3,saas,regular,1.0,NO_ACTION,REMINDER,0.9030676157231425,0,0.0
cus_325,pay_2325,ord_2325,650.0,INR,wallet,failed,temporary_bank_failure,temporary_bank_failure,customer,payment_authentication,647,4,3,1,0.75,654.848626112106,2828.3600830686432,57,0,1,active,410,16,4,retail,regular,0.7949157846431629,ALTERNATIVE_PAYMENT_METHOD,RETRY,0.8293667689437342,1,650.0
cus_326,pay_2326,ord_2326,13250.0,INR,card,failed,card_declined,card_declined,customer,payment_authentication,721,6,6,0,1.0,15119.989878080436,99824.512663218,83,1,0,past_due,38,4,2,retail,new,0.6492846189746542,REMINDER,REMINDER,0.7128194233722999,1,13250.0
cus_327,pay_2327,ord_2327,2660.0,INR,card,failed,upi_error,upi_error,customer,payment_authentication,573,4,3,1,0.75,2041.176108706755,23953.22730576807,14,0,0,active,523,22,3,education,regular,0.806399769686504,ALTERNATIVE_PAYMENT_METHOD,RETRY,0.6869353456539169,0,0.0
cus_328,pay_2328,ord_2328,920.0,INR,upi,failed,insufficient_funds,insufficient_funds,customer,payment_authentication,655,4,4,0,1.0,652.2609306435941,7457.94483156811,85,0,0,past_due,186,1,3,education,regular,0.7518225755670679,CUSTOMER_NOTIFICATION,REMINDER,0.6615693449066123,0,0.0
cus_329,pay_2329,ord_2329,820.0,INR,upi,failed,insufficient_funds,insufficient_funds,customer,payment_authentication,275,5,3,2,0.6,876.685116036644,5442.088214718254,167,0,0,past_due,770,18,6,health,regular,0.3778315574214648,NO_ACTION,NO_ACTION,0.4422170765765549,0,0.0
cus_330,pay_2330,ord_2330,1920.0,INR,upi,failed,network_timeout,network_timeout,customer,payment_authentication,978,5,3,2,0.6,1733.4055203782657,17791.414813627056,1,0,1,none,461,12,6,health,regular,0.6139403102092855,REMINDER,RETRY,0.5461560841438163,0,0.0
cus_331,pay_2331,ord_2331,210.0,INR,card,failed,network_timeout,network_timeout,customer,payment_authentication,102,5,4,1,0.8,207.707483955221,2384.438659487508,53,0,0,none,609,9,0,health,new,0.39169421877933874,CUSTOMER_NOTIFICATION,RETRY,0.43429616186744746,0,0.0
cus_332,pay_2332,ord_2332,5180.0,INR,netbanking,failed,temporary_bank_failure,temporary_bank_failure,customer,payment_authentication,1364,5,4,1,0.8,5560.112573585155,30631.686207457165,16,0,0,none,189,11,4,health,regular,0.7693846322629472,NO_ACTION,RETRY,0.727494105429881,0,0.0
cus_333,pay_2333,ord_2333,1080.0,INR,card,failed,temporary_bank_failure,temporary_bank_failure,customer,payment_authentication,1364,8,5,3,0.625,1006.2429944259353,15391.890525745568,37,0,1,none,665,8,4,education,new,0.7775322264811134,RETRY,RETRY,0.7540659114537206,1,1080.0
cus_334,pay_2334,ord_2334,2670.0,INR,upi,failed,insufficient_funds,insufficient_funds,customer,payment_authentication,312,11,7,4,0.6363636363636364,2212.7120024327974,56248.41101847734,151,1,1,active,33,18,6,education,regular,0.9635962813035441,CUSTOMER_NOTIFICATION,REMINDER,0.7090210661794913,0,0.0
cus_335,pay_2335,ord_2335,2800.0,INR,upi,failed,network_timeout,network_timeout,customer,payment_authentication,68,4,1,3,0.25,2360.816996315549,11534.544217110588,94,0,2,active,145,20,4,health,regular,0.651607286386209,HUMAN_ESCALATION,RETRY,0.5125735815534349,1,2800.0
cus_336,pay_2336,ord_2336,4750.0,INR,netbanking,failed,card_declined,card_declined,customer,payment_authentication,719,6,5,1,0.8333333333333334,3859.0132073025807,63669.11584647828,62,3,0,active,818,20,3,education,vip,0.548185014746798,ALTERNATIVE_PAYMENT_METHOD,NO_ACTION,0.44152397280088646,0,0.0
cus_337,pay_2337,ord_2337,2960.0,INR,card,failed,card_declined,card_declined,customer,payment_authentication,93,5,4,1,0.8,3343.6033398036434,34581.02538885928,149,1,1,none,239,12,5,health,regular,0.39026226875354253,CUSTOMER_NOTIFICATION,NO_ACTION,0.3137061689904912,0,0.0
cus_338,pay_2338,ord_2338,3800.0,INR,upi,failed,network_timeout,network_timeout,customer,payment_authentication,605,8,4,4,0.5,2966.185988337772,56532.17626194737,165,1,0,active,735,22,4,education,regular,0.4341732838899284,NO_ACTION,RETRY,0.5595067774253756,1,3800.0
cus_339,pay_2339,ord_2339,5010.0,INR,card,failed,insufficient_funds,insufficient_funds,customer,payment_authentication,1128,6,6,0,1.0,6429.376533653234,48055.98587196813,157,0,1,none,864,10,3,education,new,0.398388371737402,HUMAN_ESCALATION,NO_ACTION,0.3798862702919438,0,0.0
cus_340,pay_2340,ord_2340,1300.0,INR,card,failed,insufficient_funds,insufficient_funds,customer,payment_authentication,465,2,1,1,0.5,913.7282238881838,5792.070299234815,91,0,1,active,130,11,5,retail,new,0.7656492602101053,CUSTOMER_NOTIFICATION,REMINDER,0.809538891837236,1,1300.0
cus_341,pay_2341,ord_2341,15540.0,INR,card,failed,temporary_bank_failure,temporary_bank_failure,customer,payment_authentication,1340,10,9,1,0.9,13708.863936831225,263754.808862297,54,1,0,past_due,969,6,0,retail,regular,0.8484398821688662,RETRY,RETRY,0.8535699516532778,1,15540.0
cus_342,pay_2342,ord_2342,2570.0,INR,upi,failed,network_timeout,network_timeout,customer,payment_authentication,22,9,7,2,0.7777777777777778,3036.7507252184805,23139.542135818847,91,0,0,active,814,19,6,retail,regular,0.8332111955924187,REMINDER,RETRY,0.8246141710704219,1,2570.0
cus_343,pay_2343,ord_2343,1760.0,INR,card,failed,card_declined,card_declined,customer,payment_authentication,1064,9,6,3,0.6666666666666666,1327.1417715172236,19066.96021541472,133,1,0,none,555,16,2,health,regular,0.41942662793461033,REMINDER,REMINDER,0.5909094436197703,1,1760.0
cus_344,pay_2344,ord_2344,780.0,INR,upi,failed,insufficient_funds,insufficient_funds,customer,payment_authentication,755,8,5,3,0.625,821.1739806024547,5834.616664459402,78,2,0,active,318,13,2,saas,new,0.7006008672895787,HUMAN_ESCALATION,REMINDER,0.728987624758354,0,0.0
cus_345,pay_2345,ord_2345,1470.0,INR,card,failed,temporary_bank_failure,temporary_bank_failure,customer,payment_authentication,363,11,10,1,0.9090909090909091,1285.3425552449849,20843.427786959022,94,1,1,none,207,3,1,saas,new,0.7268936613830999,NO_ACTION,RETRY,0.7141876334178181,0,0.0
cus_346,pay_2346,ord_2346,2700.0,INR,netbanking,failed,network_timeout,network_timeout,customer,payment_authentication,645,6,3,3,0.5,3453.9879367720578,31537.211723789474,139,0,0,active,229,8,0,retail,regular,0.7006360426005611,CUSTOMER_NOTIFICATION,RETRY,0.6080983797475326,1,2700.0
cus_347,pay_2347,ord_2347,1990.0,INR,netbanking,failed,network_timeout,network_timeout,customer,payment_authentication,406,5,3,2,0.6,1654.463914318375,22102.92411743331,107,0,1,none,511,9,2,education,vip,0.8433103519024496,ALTERNATIVE_PAYMENT_METHOD,RETRY,0.9216739016042642,1,1990.0
cus_348,pay_2348,ord_2348,11240.0,INR,card,failed,card_declined,card_declined,customer,payment_authentication,930,6,3,3,0.5,8346.61471814975,93051.68260598261,136,1,1,active,151,13,0,saas,regular,0.24131142676341463,NO_ACTION,NO_ACTION,0.3203456244229629,0,0.0
cus_349,pay_2349,ord_2349,1220.0,INR,card,failed,temporary_bank_failure,temporary_bank_failure,customer,payment_authentication,1442,5,2,3,0.4,1303.258545632543,10986.882271605042,79,0,0,none,474,18,1,saas,vip,0.7450693234972485,CUSTOMER_NOTIFICATION,RETRY,0.8307383245221719,1,1220.0
cus_350,pay_2350,ord_2350,3570.0,INR,card,failed,upi_error,upi_error,customer,payment_authentication,752,5,2,3,0.4,3304.4767531378193,31557.824647119727,145,0,0,none,507,4,4,retail,vip,0.6747923977751887,HUMAN_ESCALATION,RETRY,0.706606758432421,1,3570.0
cus_351,pay_2351,ord_2351,590.0,INR,netbanking,failed,network_timeout,network_timeout,customer,payment_authentication,1050,5,3,2,0.6,732.9796272685579,4652.630811422737,31,1,0,none,663,16,4,saas,new,0.5715009347017346,CUSTOMER_NOTIFICATION,RETRY,0.6842683402979444,1,590.0
cus_352,pay_2352,ord_2352,16050.0,INR,card,failed,card_declined,card_declined,customer,payment_authentication,917,2,1,1,0.5,20046.24551408191,77158.99222739352,125,0,0,active,7,13,3,health,vip,0.5103958703402957,NO_ACTION,NO_ACTION,0.377707686920974,0,0.0
cus_353,pay_2353,ord_2353,550.0,INR,upi,failed,card_declined,card_declined,customer,payment_authentication,1241,10,6,4,0.6,647.3673630814524,5421.120751150632,147,0,2,active,327,3,6,saas,regular,0.9382231950494647,CUSTOMER_NOTIFICATION,REMINDER,0.8606322951351641,1,550.0
cus_354,pay_2354,ord_2354,14390.0,INR,upi,failed,upi_error,upi_error,customer,payment_authentication,844,2,0,2,0.0,11183.741956568794,34419.52770183074,75,1,2,past_due,133,5,5,health,new,0.6906366369428194,ALTERNATIVE_PAYMENT_METHOD,RETRY,0.41913081961406684,0,0.0
cus_355,pay_2355,ord_2355,1580.0,INR,netbanking,failed,upi_error,upi_error,customer,payment_authentication,670,3,2,1,0.6666666666666666,1729.8458574062383,7283.44910489406,97,0,0,none,880,8,1,retail,regular,0.5981422707522459,HUMAN_ESCALATION,RETRY,0.6512838278177776,0,0.0
cus_356,pay_2356,ord_2356,190.0,INR,upi,failed,card_declined,card_declined,customer,payment_authentication,179,8,7,1,0.875,143.50985988152246,3351.7841514588185,110,1,0,none,839,13,3,education,regular,0.6880101591280638,RETRY,REMINDER,0.6019619230379244,1,190.0
cus_357,pay_2357,ord_2357,6990.0,INR,upi,failed,insufficient_funds,insufficient_funds,customer,payment_authentication,1165,4,4,0,1.0,4998.862391911777,67769.92279712456,72,1,1,active,978,9,2,health,new,0.45853701006710745,REMINDER,REMINDER,0.5798874342573338,1,6990.0
cus_358,pay_2358,ord_2358,1960.0,INR,wallet,failed,insufficient_funds,insufficient_funds,customer,payment_authentication,1347,8,5,3,0.625,1603.8898774017512,26865.65557706954,86,1,1,none,904,17,3,retail,new,0.7195208865251025,RETRY,REMINDER,0.5725664573623618,1,1960.0
cus_359,pay_2359,ord_2359,1150.0,INR,card,failed,network_timeout,network_timeout,customer,payment_authentication,1471,9,3,6,0.3333333333333333,1146.1715602571007,16701.678842389552,121,1,1,none,911,5,2,saas,regular,0.3508395689969334,NO_ACTION,RETRY,0.37229602960694974,0,0.0
cus_360,pay_2360,ord_2360,3430.0,INR,netbanking,failed,card_declined,card_declined,customer,payment_authentication,1095,8,7,1,0.875,3329.3560476305947,47020.51886964443,134,0,1,none,326,10,6,health,regular,0.7234266684583157,NO_ACTION,REMINDER,0.7318518606822935,1,3430.0
cus_361,pay_2361,ord_2361,3510.0,INR,card,failed,temporary_bank_failure,temporary_bank_failure,customer,payment_authentication,535,4,1,3,0.25,4091.2634023150786,22081.211308005717,76,0,0,none,988,4,0,health,vip,0.6892193768391341,RETRY,RETRY,0.5616757581112448,1,3510.0
cus_362,pay_2362,ord_2362,2740.0,INR,upi,failed,temporary_bank_failure,temporary_bank_failure,customer,payment_authentication,1055,3,3,0,1.0,2778.4810558769764,11780.947646319712,159,0,1,none,2,5,0,education,regular,0.8808730421566207,REMINDER,RETRY,0.759415240439005,1,2740.0
cus_363,pay_2363,ord_2363,5630.0,INR,netbanking,failed,upi_error,upi_error,customer,payment_authentication,481,11,8,3,0.7272727272727273,4833.553610883153,47779.840889537394,152,0,1,active,137,12,2,health,regular,0.6085697521618479,ALTERNATIVE_PAYMENT_METHOD,RETRY,0.7065661986770653,1,5630.0
cus_364,pay_2364,ord_2364,2330.0,INR,upi,failed,network_timeout,network_timeout,customer,payment_authentication,1348,5,2,3,0.4,1826.3198734093567,10135.05084619006,130,2,1,active,299,4,6,education,regular,0.604694744342725,NO_ACTION,REMINDER,0.6152959721339728,1,2330.0
cus_365,pay_2365,ord_2365,3460.0,INR,upi,failed,upi_error,upi_error,customer,payment_authentication,65,8,3,5,0.375,3604.72079393381,61153.195225546595,24,3,0,active,251,8,5,education,vip,0.5242893720284921,NO_ACTION,NO_ACTION,0.38179648249784404,0,0.0
cus_366,pay_2366,ord_2366,1070.0,INR,card,failed,insufficient_funds,insufficient_funds,customer,payment_authentication,1347,5,4,1,0.8,1182.248711798537,10708.26475690061,69,0,0,none,793,15,2,health,regular,0.5674874571121808,CUSTOMER_NOTIFICATION,REMINDER,0.6042792111859269,0,0.0
cus_367,pay_2367,ord_2367,3890.0,INR,upi,failed,network_timeout,network_timeout,customer,payment_authentication,1105,7,3,4,0.42857142857142855,3219.9593906548275,49704.83704629426,5,2,0,none,765,14,1,health,regular,0.6500247532850325,CUSTOMER_NOTIFICATION,REMINDER,0.6194309977495466,0,0.0
cus_368,pay_2368,ord_2368,1080.0,INR,card,failed,network_timeout,network_timeout,customer,payment_authentication,1333,6,3,3,0.5,1165.426966199242,13591.12243698981,167,0,2,none,165,17,2,education,regular,0.8958575680795682,REMINDER,RETRY,0.8420521003804394,1,1080.0
cus_369,pay_2369,ord_2369,590.0,INR,upi,failed,insufficient_funds,insufficient_funds,customer,payment_authentication,361,6,3,3,0.5,717.5148873545039,6149.624273770452,102,0,1,none,466,15,1,education,regular,0.4961439957127843,ALTERNATIVE_PAYMENT_METHOD,NO_ACTION,0.35524925691971143,0,0.0
cus_370,pay_2370,ord_2370,1470.0,INR,upi,failed,temporary_bank_failure,temporary_bank_failure,customer,payment_authentication,762,4,2,2,0.5,1242.6187908328338,11524.292492294548,59,0,0,active,93,22,4,health,new,0.8072455379170087,NO_ACTION,RETRY,0.7404672075572578,0,0.0
cus_371,pay_2371,ord_2371,1370.0,INR,card,failed,upi_error,upi_error,customer,payment_authentication,381,5,4,1,0.8,1632.5763478368938,14197.136192228783,46,0,0,none,960,22,6,retail,regular,0.665310675912085,NO_ACTION,RETRY,0.6896587283480466,1,1370.0
cus_372,pay_2372,ord_2372,4570.0,INR,card,failed,temporary_bank_failure,temporary_bank_failure,customer,payment_authentication,1066,6,6,0,1.0,5804.924402399537,27598.16710253265,122,1,0,past_due,705,9,4,education,regular,0.5806245988702464,CUSTOMER_NOTIFICATION,RETRY,0.77696514724045,0,0.0
cus_373,pay_2373,ord_2373,420.0,INR,card,failed,card_declined,card_declined,customer,payment_authentication,948,5,5,0,1.0,529.9965925095354,2378.6910352907303,21,0,1,none,148,14,4,retail,regular,0.8581108460209937,RETRY,REMINDER,0.7877564286778568,0,0.0
cus_374,pay_2374,ord_2374,5400.0,INR,card,failed,card_declined,card_declined,customer,payment_authentication,1037,6,6,0,1.0,4237.46327735078,53780.14822651801,65,0,2,none,768,2,2,retail,new,0.4175066797561748,REMINDER,NO_ACTION,0.40027109708354713,0,0.0
cus_375,pay_2375,ord_2375,970.0,INR,card,failed,card_declined,card_declined,customer,payment_authentication,1108,6,5,1,0.8333333333333334,707.483885256042,5608.2001898999315,5,0,0,past_due,307,19,1,education,new,0.650120579792435,ALTERNATIVE_PAYMENT_METHOD,NO_ACTION,0.4725338573484971,0,0.0
cus_376,pay_2376,ord_2376,150.0,INR,netbanking,failed,insufficient_funds,insufficient_funds,customer,payment_authentication,68,9,8,1,0.8888888888888888,170.39199459019113,2335.8758538037346,134,0,0,past_due,230,14,0,health,regular,0.6319743054111475,REMINDER,REMINDER,0.5743994880614604,0,0.0
cus_377,pay_2377,ord_2377,540.0,INR,upi,failed,network_timeout,network_timeout,customer,payment_authentication,611,8,7,1,0.875,501.7828440106114,8659.845709678499,138,0,0,active,645,21,0,saas,new,0.7846637060683617,NO_ACTION,RETRY,0.8413278383495646,1,540.0
cus_378,pay_2378,ord_2378,1330.0,INR,card,failed,temporary_bank_failure,temporary_bank_failure,customer,payment_authentication,379,7,5,2,0.7142857142857143,1072.83106589234,19033.56686263184,133,1,1,none,222,2,3,health,regular,0.718775975134007,CUSTOMER_NOTIFICATION,RETRY,0.8434072249004388,1,1330.0
cus_379,pay_2379,ord_2379,2820.0,INR,upi,failed,network_timeout,network_timeout,customer,payment_authentication,1416,7,6,1,0.8571428571428571,2730.450749402462,25274.14458891469,172,0,1,none,409,10,6,retail,regular,0.5983300758531876,HUMAN_ESCALATION,RETRY,0.6155795018677857,1,2820.0
cus_380,pay_2380,ord_2380,1580.0,INR,netbanking,failed,temporary_bank_failure,temporary_bank_failure,customer,payment_authentication,794,13,10,3,0.7692307692307693,1620.4657655556132,21312.48507079226,87,0,0,active,882,12,5,education,regular,0.9478383728778772,HUMAN_ESCALATION,RETRY,0.9115601014489356,1,1580.0
cus_381,pay_2381,ord_2381,540.0,INR,card,failed,card_declined,card_declined,customer,payment_authentication,243,9,8,1,0.8888888888888888,430.4130860703056,10510.211123639525,110,1,2,active,362,4,6,saas,new,0.6542098131380496,ALTERNATIVE_PAYMENT_METHOD,REMINDER,0.6437390041249298,1,540.0
cus_382,pay_2382,ord_2382,830.0,INR,card,failed,network_timeout,network_timeout,customer,payment_authentication,588,5,5,0,1.0,599.8509781508337,9392.799995848136,155,1,1,none,150,7,2,health,new,0.6135998709662451,HUMAN_ESCALATION,RETRY,0.7398120868079925,1,830.0
cus_383,pay_2383,ord_2383,550.0,INR,card,failed,temporary_bank_failure,temporary_bank_failure,customer,payment_authentication,791,6,4,2,0.6666666666666666,642.9956120535498,4264.115299982423,139,0,0,none,551,6,4,education,vip,0.23233876783214835,NO_ACTION,RETRY,0.5110210607803939,0,0.0
cus_384,pay_2384,ord_2384,2340.0,INR,card,failed,temporary_bank_failure,temporary_bank_failure,customer,payment_authentication,487,7,4,3,0.5714285714285714,2278.360096622214,34864.24330791915,82,0,0,none,144,15,4,education,regular,0.6005327602903633,ALTERNATIVE_PAYMENT_METHOD,RETRY,0.6962306967441801,1,2340.0
cus_385,pay_2385,ord_2385,1650.0,INR,netbanking,failed,network_timeout,network_timeout,customer,payment_authentication,926,5,3,2,0.6,1396.931953631925,18268.593481051328,150,1,1,none,804,16,0,saas,regular,0.5548884804423231,HUMAN_ESCALATION,RETRY,0.7988144650704991,1,1650.0
cus_386,pay_2386,ord_2386,3340.0,INR,wallet,failed,temporary_bank_failure,temporary_bank_failure,customer,payment_authentication,1154,4,3,1,0.75,4252.2106418071935,19028.68812072458,138,1,1,none,739,15,0,education,vip,0.6252973548356124,CUSTOMER_NOTIFICATION,RETRY,0.7234551360203648,0,0.0
cus_387,pay_2387,ord_2387,310.0,INR,card,failed,temporary_bank_failure,temporary_bank_failure,customer,payment_authentication,926,7,2,5,0.2857142857142857,358.18439220413256,2906.921516491896,144,0,1,active,432,7,5,health,new,0.5878857051384284,NO_ACTION,RETRY,0.563736837868856,1,310.0
cus_388,pay_2388,ord_2388,1060.0,INR,upi,failed,expired_card,expired_card,customer,payment_authentication,868,5,3,2,0.6,998.0871205298902,12156.917361990943,87,1,1,active,537,3,1,retail,new,0.45729172529080675,HUMAN_ESCALATION,ALTERNATIVE_PAYMENT_METHOD,0.31268167035018407,1,1060.0
cus_389,pay_2389,ord_2389,13750.0,INR,card,failed,upi_error,upi_error,customer,payment_authentication,985,6,6,0,1.0,11876.021952328723,160201.9431662096,58,1,0,none,34,3,3,retail,regular,0.6529804444148088,CUSTOMER_NOTIFICATION,RETRY,0.8977428202753024,1,13750.0
cus_390,pay_2390,ord_2390,3430.0,INR,upi,failed,expired_card,expired_card,customer,payment_authentication,432,8,7,1,0.875,3901.7072317826546,46391.017909740985,140,0,0,active,640,19,5,education,regular,0.5895201285792078,HUMAN_ESCALATION,ALTERNATIVE_PAYMENT_METHOD,0.692046974892315,1,3430.0
cus_391,pay_2391,ord_2391,1340.0,INR,netbanking,failed,insufficient_funds,insufficient_funds,customer,payment_authentication,951,2,1,1,0.5,1520.3778700336275,7793.8370758634355,0,1,0,past_due,781,3,0,education,new,0.40947154616813397,RETRY,NO_ACTION,0.3699397717730291,0,0.0
cus_392,pay_2392,ord_2392,670.0,INR,card,failed,upi_error,upi_error,customer,payment_authentication,77,7,5,2,0.7142857142857143,824.3651748437602,9778.589852615749,157,2,0,none,903,20,1,education,regular,0.5287729157648504,NO_ACTION,REMINDER,0.5738281298864312,1,670.0
cus_393,pay_2393,ord_2393,5470.0,INR,card,failed,expired_card,expired_card,customer,payment_authentication,1187,9,5,4,0.5555555555555556,3872.096971111576,43605.681637693284,113,0,1,active,721,8,0,retail,regular,0.515646754337463,NO_ACTION,ALTERNATIVE_PAYMENT_METHOD,0.49938410867889405,1,5470.0
cus_394,pay_2394,ord_2394,8370.0,INR,upi,failed,insufficient_funds,insufficient_funds,customer,payment_authentication,570,8,7,1,0.875,9020.928921409179,101577.37988580106,149,0,2,active,288,14,4,retail,new,0.6639497554231645,HUMAN_ESCALATION,REMINDER,0.6262276352994479,1,8370.0
cus_395,pay_2395,ord_2395,570.0,INR,wallet,failed,insufficient_funds,insufficient_funds,customer,payment_authentication,1221,10,4,6,0.4,495.35771350942014,11689.960613708472,170,0,0,none,505,3,0,health,regular,0.22183581843466305,HUMAN_ESCALATION,NO_ACTION,0.2630170702502455,0,0.0
cus_396,pay_2396,ord_2396,630.0,INR,card,failed,insufficient_funds,insufficient_funds,customer,payment_authentication,381,3,2,1,0.6666666666666666,809.4058694104398,2128.1701287260075,131,0,0,active,322,19,4,saas,regular,0.5466683977362904,ALTERNATIVE_PAYMENT_METHOD,NO_ACTION,0.4261992355713329,0,0.0
cus_397,pay_2397,ord_2397,2390.0,INR,card,failed,insufficient_funds,insufficient_funds,customer,payment_authentication,1466,5,2,3,0.4,1708.5930688889664,11384.442572694483,159,0,1,active,603,22,0,health,regular,0.4713371177458987,CUSTOMER_NOTIFICATION,NO_ACTION,0.22843927857195395,0,0.0
cus_398,pay_2398,ord_2398,2620.0,INR,card,failed,card_declined,card_declined,customer,payment_authentication,781,12,9,3,0.75,2600.26065404806,61879.29744183945,115,1,1,active,870,22,3,retail,regular,0.5539150915274589,RETRY,REMINDER,0.660634903841939,0,0.0
cus_399,pay_2399,ord_2399,2930.0,INR,upi,failed,temporary_bank_failure,temporary_bank_failure,customer,payment_authentication,1409,9,8,1,0.8888888888888888,3300.600887206135,50120.50552506177,0,0,0,none,368,0,3,retail,regular,0.8797913442396502,RETRY,RETRY,0.7870986819253292,1,2930.0
cus_400,pay_2400,ord_2400,11420.0,INR,upi,failed,card_declined,card_declined,customer,payment_authentication,439,8,6,2,0.75,13141.658267549916,94286.8998018588,67,0,1,none,796,21,5,saas,regular,0.854203961598721,ALTERNATIVE_PAYMENT_METHOD,REMINDER,0.6434212878485527,1,11420.0
cus_401,pay_2401,ord_2401,680.0,INR,netbanking,failed,temporary_bank_failure,temporary_bank_failure,customer,payment_authentication,780,2,2,0,1.0,734.294408134976,1908.2687938138322,162,1,1,active,105,5,5,retail,regular,0.8654328404548102,NO_ACTION,RETRY,0.7207173963305731,1,680.0
cus_402,pay_2402,ord_2402,1880.0,INR,netbanking,failed,insufficient_funds,insufficient_funds,customer,payment_authentication,1071,5,4,1,0.8,1848.5534374787317,20105.362997915316,40,3,1,none,714,13,3,retail,new,0.17479283644733012,CUSTOMER_NOTIFICATION,NO_ACTION,0.24369825039242377,0,0.0
cus_403,pay_2403,ord_2403,3720.0,INR,netbanking,failed,temporary_bank_failure,temporary_bank_failure,customer,payment_authentication,1059,8,4,4,0.5,4633.847827219473,32539.469692226103,1,1,2,none,797,22,6,education,new,0.4418391199823203,CUSTOMER_NOTIFICATION,RETRY,0.47465614581246013,0,0.0
cus_404,pay_2404,ord_2404,3680.0,INR,netbanking,failed,expired_card,expired_card,customer,payment_authentication,379,5,4,1,0.8,3849.4877316563193,19588.846276053977,75,1,1,none,782,15,1,health,new,0.417873329666274,NO_ACTION,ALTERNATIVE_PAYMENT_METHOD,0.5911308031105345,0,0.0
cus_405,pay_2405,ord_2405,950.0,INR,card,failed,network_timeout,network_timeout,customer,payment_authentication,604,8,7,1,0.875,962.0877700611808,16072.501923372683,95,0,1,active,393,19,6,health,regular,0.882979295364277,RETRY,RETRY,0.9399754984450926,1,950.0
cus_406,pay_2406,ord_2406,980.0,INR,upi,failed,insufficient_funds,insufficient_funds,customer,payment_authentication,346,12,9,3,0.75,1189.9842514254535,22251.275487432387,89,1,1,active,741,5,6,health,regular,0.6280238704871406,RETRY,REMINDER,0.6819903422927631,1,980.0
cus_407,pay_2407,ord_2407,1140.0,INR,card,failed,temporary_bank_failure,temporary_bank_failure,customer,payment_authentication,976,3,2,1,0.6666666666666666,1101.1475243617522,5585.640420772495,153,0,1,none,985,22,5,saas,regular,0.9123491080631692,ALTERNATIVE_PAYMENT_METHOD,RETRY,0.8665966123800907,1,1140.0
cus_408,pay_2408,ord_2408,9930.0,INR,card,failed,temporary_bank_failure,temporary_bank_failure,customer,payment_authentication,623,6,5,1,0.8333333333333334,10572.775214971036,105227.93181727176,31,0,0,none,63,15,3,retail,regular,0.6066512939564698,REMINDER,RETRY,0.7202741299705632,1,9930.0
cus_409,pay_2409,ord_2409,680.0,INR,wallet,failed,network_timeout,network_timeout,customer,payment_authentication,12,8,8,0,1.0,610.2383395831636,7708.2382217464165,74,0,0,past_due,977,21,0,education,regular,0.8195330753193056,NO_ACTION,RETRY,0.812314146068232,1,680.0
cus_410,pay_2410,ord_2410,1310.0,INR,upi,failed,insufficient_funds,insufficient_funds,customer,payment_authentication,439,9,5,4,0.5555555555555556,1083.7679172375733,13844.11099491165,107,2,1,none,360,0,3,education,regular,0.3416967080377153,REMINDER,NO_ACTION,0.3208647459098016,0,0.0
cus_411,pay_2411,ord_2411,3930.0,INR,wallet,failed,network_timeout,network_timeout,customer,payment_authentication,552,4,4,0,1.0,3836.4767230671514,38962.86386502029,123,0,0,active,319,10,3,saas,regular,0.8956722939538186,CUSTOMER_NOTIFICATION,RETRY,0.9422586931282697,1,3930.0
cus_412,pay_2412,ord_2412,610.0,INR,upi,failed,insufficient_funds,insufficient_funds,customer,payment_authentication,841,6,3,3,0.5,549.9868783815629,6017.845726883544,151,0,2,none,105,19,2,health,new,0.7287263202325613,RETRY,REMINDER,0.6448916552775965,0,0.0
cus_413,pay_2413,ord_2413,2340.0,INR,upi,failed,temporary_bank_failure,temporary_bank_failure,customer,payment_authentication,1371,11,10,1,0.9090909090909091,1690.9774378099037,42929.64091496396,41,1,0,active,194,2,0,health,new,0.726475435383089,HUMAN_ESCALATION,RETRY,0.7716785263579417,1,2340.0
cus_414,pay_2414,ord_2414,270.0,INR,upi,failed,network_timeout,network_timeout,customer,payment_authentication,1475,12,8,4,0.6666666666666666,267.84478934126474,4319.929625489156,159,1,1,none,515,5,6,health,regular,0.32024842616698623,NO_ACTION,RETRY,0.28770165180172236,0,0.0
cus_415,pay_2415,ord_2415,2190.0,INR,card,failed,expired_card,expired_card,customer,payment_authentication,1012,14,9,5,0.6428571428571429,2395.2940391072407,44379.14775204989,174,0,0,active,759,19,4,health,regular,0.31971090317993534,CUSTOMER_NOTIFICATION,ALTERNATIVE_PAYMENT_METHOD,0.44961421316211037,0,0.0
cus_416,pay_2416,ord_2416,1910.0,INR,card,failed,temporary_bank_failure,temporary_bank_failure,customer,payment_authentication,1356,4,4,0,1.0,1396.5961780494129,10257.024238786316,178,0,1,past_due,724,22,0,education,new,0.8078152513938961,ALTERNATIVE_PAYMENT_METHOD,RETRY,0.8856638526884031,1,1910.0
cus_417,pay_2417,ord_2417,2130.0,INR,upi,failed,upi_error,upi_error,customer,payment_authentication,26,7,5,2,0.7142857142857143,2216.0325979281715,21437.425570058218,7,0,1,none,764,8,1,health,new,0.8505525992524751,CUSTOMER_NOTIFICATION,RETRY,0.7545224531514493,1,2130.0
cus_418,pay_2418,ord_2418,760.0,INR,card,failed,temporary_bank_failure,temporary_bank_failure,customer,payment_authentication,1290,3,2,1,0.6666666666666666,673.3763364267927,4609.107649032661,66,1,0,none,728,3,5,saas,regular,0.4597551088291443,ALTERNATIVE_PAYMENT_METHOD,RETRY,0.6268563211751046,1,760.0
cus_419,pay_2419,ord_2419,2270.0,INR,wallet,failed,insufficient_funds,insufficient_funds,customer,payment_authentication,784,8,6,2,0.75,1644.5470102987026,35870.1977474407,113,1,0,none,31,2,4,saas,new,0.7329952079563197,HUMAN_ESCALATION,REMINDER,0.6577297359562386,1,2270.0
cus_420,pay_2420,ord_2420,1740.0,INR,card,failed,insufficient_funds,insufficient_funds,customer,payment_authentication,559,3,1,2,0.3333333333333333,1319.15045853734,12131.495890979459,52,1,0,past_due,452,19,1,education,regular,0.511928777817721,RETRY,NO_ACTION,0.5446749094579021,0,0.0
cus_421,pay_2421,ord_2421,6630.0,INR,card,failed,expired_card,expired_card,customer,payment_authentication,549,3,1,2,0.3333333333333333,7490.521815149985,18957.69443394301,6,0,0,past_due,537,18,1,saas,regular,0.15865095666666112,REMINDER,ALTERNATIVE_PAYMENT_METHOD,0.36184020719683513,1,6630.0
cus_422,pay_2422,ord_2422,3420.0,INR,netbanking,failed,network_timeout,network_timeout,customer,payment_authentication,524,6,5,1,0.8333333333333334,3500.307525859349,33405.03238656269,47,0,0,past_due,48,15,0,retail,regular,0.8332865380620329,CUSTOMER_NOTIFICATION,RETRY,0.8777669621866657,1,3420.0
cus_423,pay_2423,ord_2423,420.0,INR,card,failed,temporary_bank_failure,temporary_bank_failure,customer,payment_authentication,1213,8,5,3,0.625,534.8860156682445,4480.477213817971,7,0,0,none,283,0,4,retail,regular,0.9532850058119712,ALTERNATIVE_PAYMENT_METHOD,RETRY,0.8798655333754387,1,420.0
cus_424,pay_2424,ord_2424,790.0,INR,wallet,failed,upi_error,upi_error,customer,payment_authentication,688,4,4,0,1.0,876.0713856389785,5882.170804154513,132,0,1,active,284,8,0,health,vip,1.0,NO_ACTION,RETRY,0.9223985276382174,1,790.0
cus_425,pay_2425,ord_2425,980.0,INR,upi,failed,card_declined,card_declined,customer,payment_authentication,173,4,4,0,1.0,1251.9919643727708,9046.260014818148,48,0,0,active,49,5,5,saas,new,0.8020119087829286,NO_ACTION,REMINDER,0.61544637494265,1,980.0
cus_426,pay_2426,ord_2426,2170.0,INR,card,failed,upi_error,upi_error,customer,payment_authentication,1351,3,3,0,1.0,1890.2305999292273,14821.526207857049,119,1,0,active,449,13,2,health,new,0.7198131790526103,NO_ACTION,RETRY,0.8128622011759166,1,2170.0
cus_427,pay_2427,ord_2427,1530.0,INR,upi,failed,network_timeout,network_timeout,customer,payment_authentication,906,6,4,2,0.6666666666666666,1605.719594194547,12101.785694160679,2,2,0,past_due,430,15,2,saas,regular,0.7722535733365339,REMINDER,REMINDER,0.6923402790004147,1,1530.0
cus_428,pay_2428,ord_2428,1520.0,INR,upi,failed,upi_error,upi_error,customer,payment_authentication,587,7,4,3,0.5714285714285714,1573.4764856636739,20196.67134693201,142,1,1,past_due,542,20,2,health,regular,0.6233927120442069,REMINDER,RETRY,0.6681728211139885,0,0.0
cus_429,pay_2429,ord_2429,30260.0,INR,netbanking,failed,card_declined,card_declined,customer,payment_authentication,1068,10,7,3,0.7,30688.7037744651,276870.3506144097,37,1,0,active,133,5,6,saas,regular,0.5329501105424641,ALTERNATIVE_PAYMENT_METHOD,REMINDER,0.59409313215608,1,30260.0
cus_430,pay_2430,ord_2430,1080.0,INR,netbanking,failed,insufficient_funds,insufficient_funds,customer,payment_authentication,527,6,2,4,0.3333333333333333,1337.523170225501,6551.526475608129,43,0,0,active,974,13,2,health,regular,0.3046934309378121,HUMAN_ESCALATION,NO_ACTION,0.2040967561836391,0,0.0
cus_431,pay_2431,ord_2431,7270.0,INR,upi,failed,insufficient_funds,insufficient_funds,customer,payment_authentication,893,4,2,2,0.5,7390.861046121698,36103.68582242215,27,1,0,none,283,1,1,saas,regular,0.35856953734903757,RETRY,NO_ACTION,0.3358528038142927,0,0.0
cus_432,pay_2432,ord_2432,1560.0,INR,upi,failed,card_declined,card_declined,customer,payment_authentication,12,5,5,0,1.0,1338.7652969895476,11416.112320289527,14,0,0,none,617,4,6,health,regular,0.6221336322657456,HUMAN_ESCALATION,REMINDER,0.599037443459604,1,1560.0
cus_433,pay_2433,ord_2433,200.0,INR,card,failed,insufficient_funds,insufficient_funds,customer,payment_authentication,412,5,4,1,0.8,224.2357379874882,1636.6604070723972,164,0,1,none,566,16,0,saas,new,0.19919638859739186,NO_ACTION,NO_ACTION,0.36693640857402043,0,0.0
cus_434,pay_2434,ord_2434,2190.0,INR,upi,failed,network_timeout,network_timeout,customer,payment_authentication,513,6,4,2,0.6666666666666666,1881.010761416482,18659.687374745317,168,2,1,past_due,6,13,1,retail,regular,0.5181194299241115,NO_ACTION,REMINDER,0.6147484488599136,1,2190.0
cus_435,pay_2435,ord_2435,5540.0,INR,wallet,failed,temporary_bank_failure,temporary_bank_failure,customer,payment_authentication,1189,5,4,1,0.8,4155.081326315932,50396.38089880325,7,0,1,none,247,7,4,retail,regular,0.8076773817185351,REMINDER,RETRY,0.8977421100143136,1,5540.0
cus_436,pay_2436,ord_2436,3410.0,INR,upi,failed,network_timeout,network_timeout,customer,payment_authentication,1131,6,6,0,1.0,3591.3565469264245,20562.314352970916,48,1,1,none,698,11,3,retail,regular,0.7940108997573955,ALTERNATIVE_PAYMENT_METHOD,RETRY,0.7427429138547859,1,3410.0
cus_437,pay_2437,ord_2437,2340.0,INR,upi,failed,temporary_bank_failure,temporary_bank_failure,customer,payment_authentication,1190,4,4,0,1.0,1831.0168341784859,16121.710645028872,110,0,0,none,363,22,2,education,regular,0.6424538737254885,CUSTOMER_NOTIFICATION,RETRY,0.5692655577037115,0,0.0
cus_438,pay_2438,ord_2438,1850.0,INR,upi,failed,upi_error,upi_error,customer,payment_authentication,718,3,2,1,0.6666666666666666,2087.780019799961,7800.539458680149,101,0,0,none,331,7,2,health,new,0.9074483454648725,REMINDER,RETRY,0.7339045572160399,1,1850.0
cus_439,pay_2439,ord_2439,1100.0,INR,netbanking,failed,temporary_bank_failure,temporary_bank_failure,customer,payment_authentication,542,5,4,1,0.8,1059.2099050856157,7748.685464697396,120,1,1,none,709,1,5,saas,regular,0.6463769276055883,ALTERNATIVE_PAYMENT_METHOD,RETRY,0.740485581027132,1,1100.0
cus_440,pay_2440,ord_2440,4430.0,INR,wallet,failed,temporary_bank_failure,temporary_bank_failure,customer,payment_authentication,792,10,7,3,0.7,5403.355994291669,66348.32491762507,163,0,1,none,798,2,0,saas,new,1.0,ALTERNATIVE_PAYMENT_METHOD,RETRY,0.837795582306178,1,4430.0
cus_441,pay_2441,ord_2441,1170.0,INR,card,failed,network_timeout,network_timeout,customer,payment_authentication,400,4,2,2,0.5,1103.1234120027643,5103.853318880355,147,0,2,past_due,806,8,3,education,regular,0.5500905397839029,ALTERNATIVE_PAYMENT_METHOD,RETRY,0.5761191002216909,0,0.0
cus_442,pay_2442,ord_2442,950.0,INR,card,failed,network_timeout,network_timeout,customer,payment_authentication,793,6,2,4,0.3333333333333333,890.8307348949606,8011.27812997048,56,0,2,past_due,438,12,4,saas,new,0.4611590289081561,ALTERNATIVE_PAYMENT_METHOD,RETRY,0.4532567900929029,1,950.0
cus_443,pay_2443,ord_2443,2730.0,INR,upi,failed,network_timeout,network_timeout,customer,payment_authentication,996,9,5,4,0.5555555555555556,2613.471902851219,46108.47487556175,66,0,1,none,459,21,1,education,regular,0.8468168232897426,REMINDER,RETRY,0.8585057951424854,0,0.0
cus_444,pay_2444,ord_2444,1340.0,INR,upi,failed,upi_error,upi_error,customer,payment_authentication,1453,14,11,3,0.7857142857142857,1511.834968336933,21322.88833734483,60,1,0,active,675,13,5,saas,regular,0.801985605816705,ALTERNATIVE_PAYMENT_METHOD,RETRY,0.776642272022706,1,1340.0
cus_445,pay_2445,ord_2445,6510.0,INR,upi,failed,insufficient_funds,insufficient_funds,customer,payment_authentication,552,4,3,1,0.75,5163.136057475192,55137.68684447652,32,0,2,past_due,589,1,3,retail,regular,0.6459257954067064,NO_ACTION,REMINDER,0.5762026744842819,1,6510.0
cus_446,pay_2446,ord_2446,2890.0,INR,card,failed,network_timeout,network_timeout,customer,payment_authentication,170,4,4,0,1.0,2614.8225252090706,14452.60950735014,102,0,0,none,372,4,2,education,regular,0.7757080655614366,REMINDER,RETRY,0.6719527386404718,1,2890.0
cus_447,pay_2447,ord_2447,830.0,INR,upi,failed,insufficient_funds,insufficient_funds,customer,payment_authentication,518,8,3,5,0.375,714.4044906059595,12552.770830991709,21,0,0,active,330,21,6,retail,new,0.4946466667763982,REMINDER,NO_ACTION,0.5190859150911918,0,0.0
cus_448,pay_2448,ord_2448,580.0,INR,upi,failed,expired_card,expired_card,customer,payment_authentication,1239,8,6,2,0.75,541.0095447375212,4973.198535169111,20,1,1,none,967,3,0,education,regular,0.35035701495662036,REMINDER,ALTERNATIVE_PAYMENT_METHOD,0.341482723919125,0,0.0
cus_449,pay_2449,ord_2449,1020.0,INR,upi,failed,insufficient_funds,insufficient_funds,customer,payment_authentication,676,7,6,1,0.8571428571428571,1271.9400684955156,15802.481769268727,25,4,1,none,885,20,1,health,regular,0.2324060604603277,ALTERNATIVE_PAYMENT_METHOD,NO_ACTION,0.3235158287772834,0,0.0
cus_450,pay_2450,ord_2450,18730.0,INR,upi,failed,temporary_bank_failure,temporary_bank_failure,customer,payment_authentication,625,12,8,4,0.6666666666666666,20205.81039940012,219115.5215756969,133,1,0,none,303,18,5,retail,regular,0.8624903405985688,RETRY,RETRY,0.7947079576885655,1,18730.0
cus_451,pay_2451,ord_2451,1430.0,INR,upi,failed,card_declined,card_declined,customer,payment_authentication,687,5,4,1,0.8,1432.8069204831995,17158.26449500494,94,1,1,active,81,3,0,retail,new,0.8517822103378317,REMINDER,REMINDER,0.8251783254853452,1,1430.0
cus_452,pay_2452,ord_2452,3860.0,INR,upi,failed,network_timeout,network_timeout,customer,payment_authentication,379,6,1,5,0.16666666666666666,3000.7837228869125,26957.50035016958,54,2,1,none,954,13,0,saas,regular,0.3378204310398919,REMINDER,NO_ACTION,0.4155391212526631,1,3860.0
cus_453,pay_2453,ord_2453,490.0,INR,netbanking,failed,temporary_bank_failure,temporary_bank_failure,customer,payment_authentication,1244,9,8,1,0.8888888888888888,512.4221259738151,7953.994874972732,107,1,0,none,97,13,6,health,new,0.7852305229719375,CUSTOMER_NOTIFICATION,RETRY,0.9095707149818142,1,490.0
cus_454,pay_2454,ord_2454,610.0,INR,upi,failed,upi_error,upi_error,customer,payment_authentication,1007,10,8,2,0.8,719.3368676880261,7358.463068690258,129,0,1,active,233,2,0,health,new,0.8078173846815151,ALTERNATIVE_PAYMENT_METHOD,RETRY,0.7917378557282858,1,610.0
cus_455,pay_2455,ord_2455,1500.0,INR,upi,failed,expired_card,expired_card,customer,payment_authentication,1429,3,1,2,0.3333333333333333,1374.850769745221,4841.053675782021,141,3,0,none,37,2,6,saas,regular,0.2524175683700807,RETRY,ALTERNATIVE_PAYMENT_METHOD,0.12176531016960557,0,0.0
cus_456,pay_2456,ord_2456,9910.0,INR,upi,failed,temporary_bank_failure,temporary_bank_failure,customer,payment_authentication,148,8,6,2,0.75,12305.498764916341,65319.174544220106,82,1,0,none,774,4,5,saas,new,0.7749326052485465,CUSTOMER_NOTIFICATION,RETRY,0.6163165760574639,0,0.0
cus_457,pay_2457,ord_2457,500.0,INR,card,failed,card_declined,card_declined,customer,payment_authentication,1070,8,6,2,0.75,455.4402596693778,4011.6262010440887,144,1,0,active,101,22,5,saas,regular,0.20803254629766957,CUSTOMER_NOTIFICATION,NO_ACTION,0.33738885661464924,1,500.0
cus_458,pay_2458,ord_2458,960.0,INR,card,failed,temporary_bank_failure,temporary_bank_failure,customer,payment_authentication,122,7,5,2,0.7142857142857143,764.4227218743033,9450.222623759597,57,2,1,active,318,1,0,education,regular,0.7465545037029083,CUSTOMER_NOTIFICATION,REMINDER,0.6531065708227025,1,960.0
cus_459,pay_2459,ord_2459,4450.0,INR,upi,failed,temporary_bank_failure,temporary_bank_failure,customer,payment_authentication,133,5,3,2,0.6,5325.025842166683,38829.1904288599,151,0,0,active,628,23,1,health,new,0.8734182564559914,CUSTOMER_NOTIFICATION,RETRY,0.7936685060295927,1,4450.0
cus_460,pay_2460,ord_2460,8890.0,INR,netbanking,failed,card_declined,card_declined,customer,payment_authentication,1268,3,3,0,1.0,9239.852981724218,47012.95255376423,34,1,1,none,53,14,1,saas,regular,0.511746964498624,REMINDER,NO_ACTION,0.3732612888211365,0,0.0
cus_461,pay_2461,ord_2461,2800.0,INR,upi,failed,temporary_bank_failure,temporary_bank_failure,customer,payment_authentication,507,6,5,1,0.8333333333333334,2828.2179954146523,29784.08663187356,28,0,1,none,998,8,5,education,new,0.9504630855226616,CUSTOMER_NOTIFICATION,RETRY,0.9029083867845334,1,2800.0
cus_462,pay_2462,ord_2462,3550.0,INR,card,failed,temporary_bank_failure,temporary_bank_failure,customer,payment_authentication,474,7,6,1,0.8571428571428571,4456.720483149471,23417.874136700695,136,1,0,past_due,780,7,1,education,regular,0.8575495300769611,NO_ACTION,RETRY,0.8909867688958568,1,3550.0
cus_463,pay_2463,ord_2463,740.0,INR,upi,failed,network_timeout,network_timeout,customer,payment_authentication,285,6,5,1,0.8333333333333334,884.2038105295468,8181.056879034807,134,1,1,active,601,23,1,health,new,0.5108538140191043,RETRY,RETRY,0.43226219385596415,0,0.0
cus_464,pay_2464,ord_2464,480.0,INR,card,failed,temporary_bank_failure,temporary_bank_failure,customer,payment_authentication,163,7,5,2,0.7142857142857143,621.908073379659,6607.636589469246,157,0,0,active,560,10,4,education,regular,0.5997932596846836,HUMAN_ESCALATION,RETRY,0.8574771301235001,1,480.0
cus_465,pay_2465,ord_2465,570.0,INR,upi,failed,network_timeout,network_timeout,customer,payment_authentication,995,7,6,1,0.8571428571428571,635.5478193403393,4559.310137234893,13,0,0,none,254,6,4,education,regular,0.816791472901542,HUMAN_ESCALATION,RETRY,0.9159469229230829,1,570.0
cus_466,pay_2466,ord_2466,750.0,INR,netbanking,failed,network_timeout,network_timeout,customer,payment_authentication,785,7,4,3,0.5714285714285714,785.8237243536727,10376.93674428711,162,0,1,active,589,22,3,retail,new,0.37000234658399267,REMINDER,RETRY,0.45695386509081537,0,0.0
cus_467,pay_2467,ord_2467,2270.0,INR,upi,failed,temporary_bank_failure,temporary_bank_failure,customer,payment_authentication,897,9,6,3,0.6666666666666666,2322.8979286685094,23267.66226145533,158,0,2,active,818,14,0,health,regular,0.6579157482363349,RETRY,RETRY,0.725184499633292,1,2270.0
cus_468,pay_2468,ord_2468,530.0,INR,upi,failed,expired_card,expired_card,customer,payment_authentication,232,10,8,2,0.8,484.2053414549328,7446.647493057092,100,1,1,none,501,17,2,retail,regular,0.22832698819033875,CUSTOMER_NOTIFICATION,ALTERNATIVE_PAYMENT_METHOD,0.3803350423358573,0,0.0
cus_469,pay_2469,ord_2469,2320.0,INR,card,failed,temporary_bank_failure,temporary_bank_failure,customer,payment_authentication,1473,5,4,1,0.8,1875.8557430070528,24325.898252238567,94,0,1,none,354,5,2,saas,vip,0.8358940085459744,NO_ACTION,RETRY,0.8923296866058024,1,2320.0
cus_470,pay_2470,ord_2470,1320.0,INR,upi,failed,card_declined,card_declined,customer,payment_authentication,12,8,6,2,0.75,1577.5012853406724,18929.436834340697,27,2,0,active,292,23,3,health,regular,0.31144068421611837,HUMAN_ESCALATION,NO_ACTION,0.36680411425221116,0,0.0
cus_471,pay_2471,ord_2471,1030.0,INR,netbanking,failed,temporary_bank_failure,temporary_bank_failure,customer,payment_authentication,672,9,8,1,0.8888888888888888,725.0993137736139,13954.970912809988,115,1,0,none,593,0,6,saas,regular,0.6646436060140412,HUMAN_ESCALATION,RETRY,0.6909951131731678,0,0.0
cus_472,pay_2472,ord_2472,4380.0,INR,upi,failed,upi_error,upi_error,customer,payment_authentication,783,10,5,5,0.5,5399.287508600956,56879.6676204874,138,0,1,active,893,22,2,health,regular,0.8390469101528266,ALTERNATIVE_PAYMENT_METHOD,RETRY,0.8106637573047346,1,4380.0
cus_473,pay_2473,ord_2473,690.0,INR,upi,failed,temporary_bank_failure,temporary_bank_failure,customer,payment_authentication,159,8,7,1,0.875,591.6654776182318,8897.45344097679,111,0,1,active,440,8,0,saas,regular,0.7946193180231542,RETRY,RETRY,0.9197431601732698,1,690.0
cus_474,pay_2474,ord_2474,7600.0,INR,card,failed,card_declined,card_declined,customer,payment_authentication,868,4,2,2,0.5,6411.6650867089675,52276.76022316451,40,0,0,active,664,0,0,health,regular,0.535391276761093,CUSTOMER_NOTIFICATION,REMINDER,0.5806690818866619,0,0.0
cus_475,pay_2475,ord_2475,4150.0,INR,card,failed,temporary_bank_failure,temporary_bank_failure,customer,payment_authentication,897,11,8,3,0.7272727272727273,2922.583626831855,97751.14983300745,100,1,0,past_due,510,10,1,education,regular,0.7000696736377439,CUSTOMER_NOTIFICATION,RETRY,0.709220372760158,1,4150.0
cus_476,pay_2476,ord_2476,670.0,INR,card,failed,temporary_bank_failure,temporary_bank_failure,customer,payment_authentication,796,9,5,4,0.5555555555555556,613.7189689756004,11885.78296827654,29,1,1,active,488,9,6,health,regular,0.41055563483809354,CUSTOMER_NOTIFICATION,RETRY,0.5959471688220873,1,670.0
cus_477,pay_2477,ord_2477,6020.0,INR,card,failed,expired_card,expired_card,customer,payment_authentication,551,8,4,4,0.5,4534.77447863836,46126.67968546669,94,0,1,active,105,4,4,retail,vip,0.6764361575207944,NO_ACTION,ALTERNATIVE_PAYMENT_METHOD,0.6838031205190231,0,0.0
cus_478,pay_2478,ord_2478,600.0,INR,card,failed,card_declined,card_declined,customer,payment_authentication,1395,9,5,4,0.5555555555555556,486.4351596962057,7416.58119043058,158,0,1,active,338,20,2,retail,regular,0.34499269396844084,HUMAN_ESCALATION,NO_ACTION,0.32112014566734554,0,0.0
cus_479,pay_2479,ord_2479,6590.0,INR,wallet,failed,upi_error,upi_error,customer,payment_authentication,267,6,4,2,0.6666666666666666,7334.575593885733,67511.23169665695,165,1,0,none,930,12,5,health,regular,0.8127543955689374,REMINDER,RETRY,0.7369497650046626,1,6590.0
cus_480,pay_2480,ord_2480,2520.0,INR,upi,failed,temporary_bank_failure,temporary_bank_failure,customer,payment_authentication,1116,8,7,1,0.875,2391.9814278534877,36672.90543249297,129,1,0,active,883,0,6,health,vip,0.5219011451413947,HUMAN_ESCALATION,RETRY,0.6538896571509679,1,2520.0
cus_481,pay_2481,ord_2481,370.0,INR,card,failed,temporary_bank_failure,temporary_bank_failure,customer,payment_authentication,557,7,5,2,0.7142857142857143,261.4291157303168,2754.4882497200947,62,0,1,active,305,22,3,saas,regular,0.541499470694769,RETRY,RETRY,0.5566584800178144,1,370.0
cus_482,pay_2482,ord_2482,500.0,INR,card,failed,insufficient_funds,insufficient_funds,customer,payment_authentication,581,4,4,0,1.0,445.06456750675085,4449.977909898295,62,2,0,none,589,11,5,retail,regular,0.32197892073375556,ALTERNATIVE_PAYMENT_METHOD,NO_ACTION,0.19800166920170761,0,0.0
cus_483,pay_2483,ord_2483,1210.0,INR,card,failed,insufficient_funds,insufficient_funds,customer,payment_authentication,358,8,6,2,0.75,851.4495487227452,16541.83591357639,140,0,1,none,600,19,5,saas,new,0.37769908241964,ALTERNATIVE_PAYMENT_METHOD,REMINDER,0.5512894438699827,0,0.0
cus_484,pay_2484,ord_2484,4310.0,INR,netbanking,failed,network_timeout,network_timeout,customer,payment_authentication,1012,6,3,3,0.5,5383.665303922427,23763.946857509578,2,1,1,none,882,2,1,retail,new,0.7866465234253144,ALTERNATIVE_PAYMENT_METHOD,RETRY,0.7873228834931578,1,4310.0
cus_485,pay_2485,ord_2485,1520.0,INR,card,failed,upi_error,upi_error,customer,payment_authentication,296,7,5,2,0.7142857142857143,1848.752299333508,9446.220247005536,65,1,2,none,7,9,6,saas,regular,0.22166636846432966,RETRY,RETRY,0.3739177478093988,1,1520.0
cus_486,pay_2486,ord_2486,1490.0,INR,netbanking,failed,network_timeout,network_timeout,customer,payment_authentication,559,5,4,1,0.8,1358.8313166674527,14232.763605809005,99,2,0,past_due,304,16,6,education,vip,0.6686101786584255,REMINDER,REMINDER,0.7115631075038393,0,0.0
cus_487,pay_2487,ord_2487,1880.0,INR,netbanking,failed,temporary_bank_failure,temporary_bank_failure,customer,payment_authentication,725,10,5,5,0.5,1587.2256902309946,34788.19676449436,8,1,1,active,459,10,4,health,regular,0.482225086725968,HUMAN_ESCALATION,RETRY,0.562724898180786,0,0.0
cus_488,pay_2488,ord_2488,250.0,INR,card,failed,insufficient_funds,insufficient_funds,customer,payment_authentication,15,11,11,0,1.0,191.03778095058874,3310.617826088291,144,0,1,none,519,0,6,health,regular,0.5303746492541664,RETRY,NO_ACTION,0.49294744814425545,0,0.0
cus_489,pay_2489,ord_2489,4120.0,INR,upi,failed,network_timeout,network_timeout,customer,payment_authentication,1215,11,6,5,0.5454545454545454,4627.226800994046,45017.18708113599,68,1,0,active,766,20,3,education,new,0.703676947326205,NO_ACTION,RETRY,0.7332008778382482,0,0.0
cus_490,pay_2490,ord_2490,6900.0,INR,wallet,failed,insufficient_funds,insufficient_funds,customer,payment_authentication,497,6,4,2,0.6666666666666666,5328.60898053135,47613.49188548265,150,0,0,none,340,14,4,saas,new,0.6824865611273895,HUMAN_ESCALATION,REMINDER,0.8101477868256353,1,6900.0
cus_491,pay_2491,ord_2491,3980.0,INR,upi,failed,card_declined,card_declined,customer,payment_authentication,1328,11,9,2,0.8181818181818182,4384.864895618778,57784.48104350742,27,2,0,none,612,13,4,saas,new,0.8822520684823341,ALTERNATIVE_PAYMENT_METHOD,REMINDER,0.7299297784272565,1,3980.0
cus_492,pay_2492,ord_2492,1180.0,INR,card,failed,temporary_bank_failure,temporary_bank_failure,customer,payment_authentication,973,6,6,0,1.0,1008.9142152110995,12567.077001016934,6,0,0,none,847,4,4,education,new,0.8823752811552631,REMINDER,RETRY,0.8645703987997864,1,1180.0
cus_493,pay_2493,ord_2493,750.0,INR,wallet,failed,insufficient_funds,insufficient_funds,customer,payment_authentication,391,2,0,2,0.0,853.183213581627,2124.0816103934135,79,0,0,none,318,10,2,education,new,0.3794554565727637,NO_ACTION,NO_ACTION,0.2807711482355387,0,0.0
cus_494,pay_2494,ord_2494,610.0,INR,netbanking,failed,network_timeout,network_timeout,customer,payment_authentication,993,4,4,0,1.0,570.925577204106,5272.574559383587,173,0,0,active,500,20,2,saas,new,0.74679279283917,NO_ACTION,RETRY,0.8563160317864675,1,610.0
cus_495,pay_2495,ord_2495,580.0,INR,upi,failed,insufficient_funds,insufficient_funds,customer,payment_authentication,673,5,2,3,0.4,453.6204059449111,3561.903317125959,14,1,1,past_due,650,6,0,retail,regular,0.6844496847028267,REMINDER,REMINDER,0.7237657730462217,1,580.0
cus_496,pay_2496,ord_2496,17410.0,INR,upi,failed,upi_error,upi_error,customer,payment_authentication,730,8,6,2,0.75,15084.514985792805,274589.0383779136,22,1,1,active,802,4,3,health,regular,0.8730567265414957,HUMAN_ESCALATION,RETRY,0.7731461227912335,1,17410.0
cus_497,pay_2497,ord_2497,1670.0,INR,card,failed,insufficient_funds,insufficient_funds,customer,payment_authentication,1264,6,5,1,0.8333333333333334,1860.4388686549744,22225.566336177537,141,1,1,active,795,22,1,health,regular,0.6626654891822885,NO_ACTION,REMINDER,0.737662562473505,1,1670.0
cus_498,pay_2498,ord_2498,4470.0,INR,netbanking,failed,temporary_bank_failure,temporary_bank_failure,customer,payment_authentication,961,4,3,1,0.75,4966.412917663097,20414.675050214457,20,3,1,past_due,406,8,3,education,regular,0.4327658349280396,NO_ACTION,NO_ACTION,0.4332733002174163,0,0.0
cus_499,pay_2499,ord_2499,4230.0,INR,upi,failed,insufficient_funds,insufficient_funds,customer,payment_authentication,1483,8,6,2,0.75,4476.836235584813,72068.42584559112,106,1,0,none,158,11,3,saas,regular,0.45292861736273754,REMINDER,NO_ACTION,0.4594747158131937,0,0.0
cus_500,pay_2500,ord_2500,2090.0,INR,card,failed,temporary_bank_failure,temporary_bank_failure,customer,payment_authentication,1392,7,5,2,0.7142857142857143,1868.3517819647343,27035.906629452733,7,1,1,past_due,119,0,0,saas,new,0.6547287704072213,CUSTOMER_NOTIFICATION,RETRY,0.8910237675515202,1,2090.0
cus_501,pay_2501,ord_2501,710.0,INR,upi,failed,expired_card,expired_card,customer,payment_authentication,1275,5,3,2,0.6,767.6197216962574,7895.258300248631,6,0,0,active,65,7,1,saas,regular,0.5417499497662568,NO_ACTION,ALTERNATIVE_PAYMENT_METHOD,0.5486259660527353,0,0.0
cus_502,pay_2502,ord_2502,3040.0,INR,wallet,failed,temporary_bank_failure,temporary_bank_failure,customer,payment_authentication,699,6,5,1,0.8333333333333334,2204.9895264910915,24490.21843549715,69,0,0,active,481,22,6,saas,new,0.8008675474084032,CUSTOMER_NOTIFICATION,RETRY,0.8427536873493356,1,3040.0
cus_503,pay_2503,ord_2503,610.0,INR,netbanking,failed,card_declined,card_declined,customer,payment_authentication,741,6,6,0,1.0,648.1634541301873,7783.182076315046,116,0,1,none,461,21,0,saas,regular,0.7423054634668419,NO_ACTION,REMINDER,0.7588943121097758,1,610.0
cus_504,pay_2504,ord_2504,3300.0,INR,card,failed,network_timeout,network_timeout,customer,payment_authentication,1323,6,3,3,0.5,3856.9412665357504,30487.748633693674,107,1,2,active,248,23,1,health,new,0.4457210048276008,REMINDER,RETRY,0.5176691293449184,0,0.0
cus_505,pay_2505,ord_2505,640.0,INR,card,failed,insufficient_funds,insufficient_funds,customer,payment_authentication,1305,8,6,2,0.75,501.07290596700045,5452.21522161831,171,0,0,none,437,16,2,health,new,0.3900300204257661,ALTERNATIVE_PAYMENT_METHOD,NO_ACTION,0.5189206325004795,0,0.0
cus_506,pay_2506,ord_2506,1170.0,INR,wallet,failed,temporary_bank_failure,temporary_bank_failure,customer,payment_authentication,556,8,5,3,0.625,1392.1710285532372,21013.20987169867,9,1,1,active,691,17,5,health,new,0.5068794466935755,NO_ACTION,RETRY,0.5882329416056662,0,0.0
cus_507,pay_2507,ord_2507,1170.0,INR,wallet,failed,insufficient_funds,insufficient_funds,customer,payment_authentication,1060,9,6,3,0.6666666666666666,1454.3141895869899,22610.251535247324,11,0,0,active,46,21,5,health,new,0.612179699240916,RETRY,REMINDER,0.6648577920027066,1,1170.0
cus_508,pay_2508,ord_2508,7320.0,INR,upi,failed,network_timeout,network_timeout,customer,payment_authentication,899,8,5,3,0.625,9336.02537629558,56805.84627686069,139,0,1,none,251,1,5,education,new,0.8935609387310924,NO_ACTION,RETRY,0.8328676958244079,1,7320.0
cus_509,pay_2509,ord_2509,160.0,INR,upi,failed,card_declined,card_declined,customer,payment_authentication,171,3,3,0,1.0,114.88371347521209,827.5548353094644,64,1,0,active,679,7,0,saas,vip,0.36913592248547555,REMINDER,NO_ACTION,0.42511838029970095,0,0.0
cus_510,pay_2510,ord_2510,18600.0,INR,upi,failed,temporary_bank_failure,temporary_bank_failure,customer,payment_authentication,185,3,1,2,0.3333333333333333,23015.196509257683,147464.8814276337,38,0,0,active,241,2,2,health,new,0.9291902420313786,RETRY,RETRY,0.9181979562974567,1,18600.0
cus_511,pay_2511,ord_2511,810.0,INR,upi,failed,expired_card,expired_card,customer,payment_authentication,127,5,4,1,0.8,597.8343688965292,6867.111902388597,161,0,0,active,581,23,6,education,regular,0.6315812858276002,ALTERNATIVE_PAYMENT_METHOD,ALTERNATIVE_PAYMENT_METHOD,0.611468288176284,1,810.0
cus_512,pay_2512,ord_2512,1600.0,INR,card,failed,expired_card,expired_card,customer,payment_authentication,385,7,3,4,0.42857142857142855,1484.2472326639313,17231.547477680662,57,1,0,active,777,14,5,saas,regular,0.37446095413129055,ALTERNATIVE_PAYMENT_METHOD,ALTERNATIVE_PAYMENT_METHOD,0.4285506022324374,0,0.0
cus_513,pay_2513,ord_2513,2730.0,INR,card,failed,insufficient_funds,insufficient_funds,customer,payment_authentication,1404,11,7,4,0.6363636363636364,2809.2448495986923,31251.932713860562,6,3,1,none,312,20,1,education,regular,0.6203887644771535,NO_ACTION,NO_ACTION,0.5232481447063605,0,0.0
cus_514,pay_2514,ord_2514,2510.0,INR,card,failed,temporary_bank_failure,temporary_bank_failure,customer,payment_authentication,476,11,7,4,0.6363636363636364,2090.90131894821,37510.823439241576,3,0,1,none,101,14,2,retail,regular,0.640148659685219,ALTERNATIVE_PAYMENT_METHOD,RETRY,0.677653998008576,1,2510.0
cus_515,pay_2515,ord_2515,4200.0,INR,netbanking,failed,upi_error,upi_error,customer,payment_authentication,1386,4,3,1,0.75,3808.3337269941944,28300.697698195625,165,1,1,none,277,15,3,saas,new,0.6063795269196322,HUMAN_ESCALATION,RETRY,0.6624884440395035,1,4200.0
cus_516,pay_2516,ord_2516,3330.0,INR,card,failed,temporary_bank_failure,temporary_bank_failure,customer,payment_authentication,661,10,10,0,1.0,4145.324547755704,59643.36237107537,28,0,2,none,641,16,1,saas,new,1.0,REMINDER,RETRY,0.8932598153687843,1,3330.0
cus_517,pay_2517,ord_2517,13860.0,INR,card,failed,temporary_bank_failure,temporary_bank_failure,customer,payment_authentication,688,6,5,1,0.8333333333333334,11157.959528730149,124674.98176376865,177,0,0,active,288,23,6,saas,regular,0.7165446858805965,CUSTOMER_NOTIFICATION,RETRY,0.7028467048265995,1,13860.0
cus_518,pay_2518,ord_2518,3760.0,INR,upi,failed,temporary_bank_failure,temporary_bank_failure,customer,payment_authentication,384,9,6,3,0.6666666666666666,3847.5194361884355,57358.24675344916,35,0,1,active,912,20,5,retail,regular,0.5428730034616254,HUMAN_ESCALATION,RETRY,0.7820484280187375,1,3760.0
cus_519,pay_2519,ord_2519,1610.0,INR,card,failed,card_declined,card_declined,customer,payment_authentication,993,8,6,2,0.75,1925.8666821857178,12055.26315505078,70,0,0,past_due,113,10,0,saas,regular,0.5947494024264076,CUSTOMER_NOTIFICATION,REMINDER,0.8606290328846242,1,1610.0
cus_520,pay_2520,ord_2520,1040.0,INR,card,failed,insufficient_funds,insufficient_funds,customer,payment_authentication,884,5,5,0,1.0,878.4486811014579,10563.825097946275,11,0,0,active,456,15,1,education,regular,1.0,CUSTOMER_NOTIFICATION,REMINDER,0.8838556299950072,1,1040.0
cus_521,pay_2521,ord_2521,1010.0,INR,upi,failed,temporary_bank_failure,temporary_bank_failure,customer,payment_authentication,457,8,6,2,0.75,1273.6543948939532,6401.706198426969,83,0,1,none,928,12,4,education,regular,0.8625609259454053,ALTERNATIVE_PAYMENT_METHOD,RETRY,0.8542708439643942,1,1010.0
cus_522,pay_2522,ord_2522,6590.0,INR,card,failed,insufficient_funds,insufficient_funds,customer,payment_authentication,1177,8,7,1,0.875,8488.35658442133,91029.08912377965,173,1,1,active,737,4,5,education,regular,0.7808423344864762,HUMAN_ESCALATION,REMINDER,0.7982299353881133,1,6590.0
cus_523,pay_2523,ord_2523,10460.0,INR,upi,failed,card_declined,card_declined,customer,payment_authentication,1052,6,5,1,0.8333333333333334,8991.944318261822,129907.49121504868,177,1,0,none,60,14,5,health,regular,0.49483759124235505,HUMAN_ESCALATION,REMINDER,0.7166908734579662,1,10460.0
cus_524,pay_2524,ord_2524,4930.0,INR,wallet,failed,insufficient_funds,insufficient_funds,customer,payment_authentication,1067,6,4,2,0.6666666666666666,4850.140102443629,58557.63237175306,67,3,1,none,281,8,6,health,regular,0.2734317691115487,REMINDER,NO_ACTION,0.2880579491935202,0,0.0
cus_525,pay_2525,ord_2525,99.0,INR,card,failed,upi_error,upi_error,customer,payment_authentication,669,12,10,2,0.8333333333333334,69.96663148493855,1147.3767976861002,10,0,1,none,43,18,4,saas,regular,0.7907499823882996,REMINDER,RETRY,0.8962178344894998,1,99.0
cus_526,pay_2526,ord_2526,190.0,INR,wallet,failed,insufficient_funds,insufficient_funds,customer,payment_authentication,971,4,4,0,1.0,242.52661412930956,1707.6456122098775,124,2,0,active,958,21,1,retail,vip,0.26214953883590664,RETRY,NO_ACTION,0.29370822684670195,0,0.0
cus_527,pay_2527,ord_2527,1790.0,INR,wallet,failed,temporary_bank_failure,temporary_bank_failure,customer,payment_authentication,523,6,5,1,0.8333333333333334,1400.455748377762,10061.020730968135,57,3,1,past_due,782,16,0,saas,regular,0.6068014145371132,HUMAN_ESCALATION,REMINDER,0.6796398199133299,1,1790.0
cus_528,pay_2528,ord_2528,1530.0,INR,netbanking,failed,upi_error,upi_error,customer,payment_authentication,1499,4,3,1,0.75,1463.7258990290848,6014.921153046394,156,0,1,none,249,4,0,retail,regular,0.6704920133196935,RETRY,RETRY,0.6994487373197654,1,1530.0
cus_529,pay_2529,ord_2529,1840.0,INR,upi,failed,network_timeout,network_timeout,customer,payment_authentication,661,6,3,3,0.5,2030.631114317379,22789.725289686805,11,0,0,none,459,22,3,retail,vip,0.6938615273445635,CUSTOMER_NOTIFICATION,RETRY,0.6745051068454997,1,1840.0
cus_530,pay_2530,ord_2530,6320.0,INR,upi,failed,insufficient_funds,insufficient_funds,customer,payment_authentication,411,1,1,0,1.0,6890.878917986878,11847.175163348265,17,0,1,past_due,447,7,4,health,regular,0.807522819044645,ALTERNATIVE_PAYMENT_METHOD,REMINDER,0.7702444298832889,0,0.0
cus_531,pay_2531,ord_2531,6010.0,INR,upi,failed,network_timeout,network_timeout,customer,payment_authentication,683,8,5,3,0.625,6560.122460569537,69298.8450366055,134,0,2,active,811,11,1,retail,new,0.9319579847000545,HUMAN_ESCALATION,RETRY,0.9384904522603396,1,6010.0
cus_532,pay_2532,ord_2532,2150.0,INR,upi,failed,expired_card,expired_card,customer,payment_authentication,1412,3,3,0,1.0,1527.0825816490028,16491.559214079556,117,0,1,none,107,15,2,saas,regular,0.8740509024011962,RETRY,ALTERNATIVE_PAYMENT_METHOD,0.8633903291446879,1,2150.0
cus_533,pay_2533,ord_2533,390.0,INR,card,failed,insufficient_funds,insufficient_funds,customer,payment_authentication,1414,6,4,2,0.6666666666666666,444.7988572655929,2652.612171536181,117,1,0,past_due,509,13,2,saas,regular,0.30490604849674635,RETRY,NO_ACTION,0.4833497104960314,0,0.0
cus_534,pay_2534,ord_2534,530.0,INR,wallet,failed,network_timeout,network_timeout,customer,payment_authentication,534,5,5,0,1.0,608.2298513039716,5452.93320257087,98,1,0,past_due,729,18,2,health,regular,0.7523009028495681,HUMAN_ESCALATION,RETRY,0.7606931533743423,1,530.0
cus_535,pay_2535,ord_2535,1930.0,INR,upi,failed,network_timeout,network_timeout,customer,payment_authentication,1327,15,9,6,0.6,1982.5324181992257,45077.75199601534,155,3,0,active,898,9,1,saas,new,0.6519037652281932,CUSTOMER_NOTIFICATION,REMINDER,0.6312117945710268,1,1930.0
cus_536,pay_2536,ord_2536,2740.0,INR,netbanking,failed,insufficient_funds,insufficient_funds,customer,payment_authentication,459,4,2,2,0.5,3120.3669766416047,16815.441484561365,121,0,0,none,349,15,2,education,new,0.7339514858203033,NO_ACTION,REMINDER,0.7418810059752763,0,0.0
cus_537,pay_2537,ord_2537,540.0,INR,card,failed,card_declined,card_declined,customer,payment_authentication,292,5,3,2,0.6,378.19332134577627,4202.279920380541,34,1,0,active,349,18,5,saas,regular,0.33590529598340024,REMINDER,NO_ACTION,0.18731910229434082,0,0.0
cus_538,pay_2538,ord_2538,3500.0,INR,card,failed,insufficient_funds,insufficient_funds,customer,payment_authentication,333,9,9,0,1.0,2799.050396551056,43169.13098299247,144,1,1,none,645,12,4,health,regular,0.6144783327738377,RETRY,REMINDER,0.6409036080476487,0,0.0
cus_539,pay_2539,ord_2539,310.0,INR,upi,failed,temporary_bank_failure,temporary_bank_failure,customer,payment_authentication,418,4,2,2,0.5,230.80923762617084,2752.01564913565,98,0,1,none,585,17,5,retail,new,0.36854889272776004,REMINDER,RETRY,0.5009826893791602,1,310.0
cus_540,pay_2540,ord_2540,130.0,INR,upi,failed,upi_error,upi_error,customer,payment_authentication,439,4,4,0,1.0,115.40464018063366,1142.817778920429,32,0,1,none,909,20,6,health,new,0.7675935774522061,REMINDER,RETRY,0.7676412372548851,1,130.0
cus_541,pay_2541,ord_2541,750.0,INR,upi,failed,expired_card,expired_card,customer,payment_authentication,449,17,12,5,0.7058823529411765,616.6224759576734,16003.51673556526,128,0,1,active,219,22,1,health,regular,0.35624718481791673,HUMAN_ESCALATION,ALTERNATIVE_PAYMENT_METHOD,0.41367373065219254,1,750.0
cus_542,pay_2542,ord_2542,7140.0,INR,card,failed,card_declined,card_declined,customer,payment_authentication,575,16,10,6,0.625,5795.1591877901155,194987.65010392395,121,1,0,active,387,12,2,education,regular,0.13617017339122933,CUSTOMER_NOTIFICATION,NO_ACTION,0.3086592075604701,1,7140.0
cus_543,pay_2543,ord_2543,8290.0,INR,card,failed,card_declined,card_declined,customer,payment_authentication,18,8,5,3,0.625,7889.948138624519,103814.38235518517,50,1,2,active,448,23,4,retail,new,0.32328824089476765,ALTERNATIVE_PAYMENT_METHOD,NO_ACTION,0.3537447521254629,0,0.0
cus_544,pay_2544,ord_2544,370.0,INR,upi,failed,expired_card,expired_card,customer,payment_authentication,566,8,5,3,0.625,397.44518271098303,5570.038238346471,33,0,2,active,519,11,3,retail,new,0.6018543242091923,NO_ACTION,ALTERNATIVE_PAYMENT_METHOD,0.4542714759080094,0,0.0
cus_545,pay_2545,ord_2545,400.0,INR,card,failed,insufficient_funds,insufficient_funds,customer,payment_authentication,796,8,5,3,0.625,410.4199126097006,2754.2171654942053,160,0,0,active,132,13,5,health,regular,0.5753812124097657,RETRY,REMINDER,0.612272027257816,0,0.0
cus_546,pay_2546,ord_2546,3870.0,INR,wallet,failed,upi_error,upi_error,customer,payment_authentication,601,5,3,2,0.6,4652.311320324459,26397.530773840008,154,3,0,none,155,3,6,health,regular,0.46423963023455644,HUMAN_ESCALATION,NO_ACTION,0.3559116776459283,0,0.0
cus_547,pay_2547,ord_2547,1160.0,INR,card,failed,card_declined,card_declined,customer,payment_authentication,724,9,7,2,0.7777777777777778,1086.0869073617648,13183.959455873182,35,0,1,none,498,0,3,health,new,0.5670912197456998,NO_ACTION,NO_ACTION,0.49533482461812156,0,0.0
cus_548,pay_2548,ord_2548,7090.0,INR,card,failed,card_declined,card_declined,customer,payment_authentication,338,8,6,2,0.75,6697.5843326606255,94174.36644189592,124,2,1,none,85,10,4,health,vip,0.8018759100454346,RETRY,REMINDER,0.5651877598634025,1,7090.0
cus_549,pay_2549,ord_2549,3810.0,INR,card,failed,expired_card,expired_card,customer,payment_authentication,187,7,5,2,0.7142857142857143,2691.4886580551465,29563.38243371603,21,0,2,none,459,14,6,education,vip,0.7296471414537822,RETRY,ALTERNATIVE_PAYMENT_METHOD,0.6842571844368635,0,0.0
cus_550,pay_2550,ord_2550,4520.0,INR,upi,failed,insufficient_funds,insufficient_funds,customer,payment_authentication,1350,12,8,4,0.6666666666666666,5225.690717655523,81747.03016996273,164,0,0,active,162,11,3,education,regular,0.8659467764176592,REMINDER,REMINDER,0.8583025761781021,1,4520.0
cus_551,pay_2551,ord_2551,790.0,INR,upi,failed,temporary_bank_failure,temporary_bank_failure,customer,payment_authentication,1485,4,2,2,0.5,838.4657331206115,7796.578666060071,50,1,1,past_due,26,15,1,health,vip,0.7456478776302312,ALTERNATIVE_PAYMENT_METHOD,RETRY,0.7367086686874456,0,0.0
cus_552,pay_2552,ord_2552,2820.0,INR,upi,failed,insufficient_funds,insufficient_funds,customer,payment_authentication,612,3,2,1,0.6666666666666666,2186.8591114708856,8533.970977262852,30,0,1,active,416,6,5,education,regular,0.4385753068934342,ALTERNATIVE_PAYMENT_METHOD,NO_ACTION,0.410727274721974,0,0.0
cus_553,pay_2553,ord_2553,13580.0,INR,wallet,failed,temporary_bank_failure,temporary_bank_failure,customer,payment_authentication,1142,11,7,4,0.6363636363636364,11067.572354498749,220725.56608081557,143,0,1,active,90,1,0,saas,regular,0.7409179241493951,ALTERNATIVE_PAYMENT_METHOD,RETRY,0.7669084483739745,1,13580.0
cus_554,pay_2554,ord_2554,2080.0,INR,card,failed,card_declined,card_declined,customer,payment_authentication,211,11,9,2,0.8181818181818182,1669.5978320684499,21959.180303240042,172,1,0,active,642,17,4,saas,regular,0.6297614091986423,HUMAN_ESCALATION,REMINDER,0.6806051343839157,0,0.0
cus_555,pay_2555,ord_2555,1730.0,INR,upi,failed,network_timeout,network_timeout,customer,payment_authentication,275,8,6,2,0.75,1634.016020734525,22687.383608285174,128,0,1,none,563,4,1,education,new,0.7400073149314944,ALTERNATIVE_PAYMENT_METHOD,RETRY,0.693903307843935,1,1730.0
cus_556,pay_2556,ord_2556,1170.0,INR,card,failed,insufficient_funds,insufficient_funds,customer,payment_authentication,780,8,4,4,0.5,845.6801976205071,10668.171326386058,161,1,0,none,148,7,1,health,regular,0.30525307530616674,NO_ACTION,NO_ACTION,0.36851664815574925,0,0.0
cus_557,pay_2557,ord_2557,360.0,INR,card,failed,insufficient_funds,insufficient_funds,customer,payment_authentication,1058,5,4,1,0.8,420.1913948594767,4046.244771872196,160,0,0,active,716,20,6,health,vip,0.14060579018217867,RETRY,NO_ACTION,0.3272967284720289,0,0.0
cus_558,pay_2558,ord_2558,600.0,INR,upi,failed,card_declined,card_declined,customer,payment_authentication,1052,9,8,1,0.8888888888888888,534.5327132746585,6680.329630052402,52,0,1,past_due,293,0,1,retail,regular,0.307037135752252,REMINDER,NO_ACTION,0.4380665638091376,0,0.0
cus_559,pay_2559,ord_2559,740.0,INR,card,failed,temporary_bank_failure,temporary_bank_failure,customer,payment_authentication,511,11,7,4,0.6363636363636364,925.9010310609259,17278.762840715586,111,0,0,none,661,10,4,education,new,1.0,REMINDER,RETRY,0.8803950134997532,1,740.0
cus_560,pay_2560,ord_2560,350.0,INR,upi,failed,upi_error,upi_error,customer,payment_authentication,1315,6,5,1,0.8333333333333334,302.03952215045103,1728.1691781962832,124,0,0,none,945,15,3,education,new,0.7435449466380685,RETRY,RETRY,0.7754471766656211,1,350.0
cus_561,pay_2561,ord_2561,390.0,INR,upi,failed,insufficient_funds,insufficient_funds,customer,payment_authentication,949,3,2,1,0.6666666666666666,358.7267574252429,2779.528656084376,165,0,0,active,720,22,0,retail,new,0.5098554062598465,RETRY,NO_ACTION,0.43302292650787744,0,0.0
cus_562,pay_2562,ord_2562,160.0,INR,upi,failed,temporary_bank_failure,temporary_bank_failure,customer,payment_authentication,475,9,6,3,0.6666666666666666,200.41391723530046,1664.302031933541,97,0,1,active,303,8,4,education,new,0.5664090546504048,RETRY,RETRY,0.6361896440829886,1,160.0
cus_563,pay_2563,ord_2563,830.0,INR,upi,failed,temporary_bank_failure,temporary_bank_failure,customer,payment_authentication,706,6,4,2,0.6666666666666666,664.8945606825441,5589.854558406089,97,2,0,active,478,7,2,education,regular,0.8771639702313813,RETRY,REMINDER,0.7882385846002566,1,830.0
cus_564,pay_2564,ord_2564,3550.0,INR,upi,failed,upi_error,upi_error,customer,payment_authentication,447,12,7,5,0.5833333333333334,4286.279603145345,85349.31769663887,147,1,2,active,300,4,6,saas,new,0.6698520106640663,ALTERNATIVE_PAYMENT_METHOD,RETRY,0.6296189530746066,1,3550.0
cus_565,pay_2565,ord_2565,1320.0,INR,card,failed,temporary_bank_failure,temporary_bank_failure,customer,payment_authentication,209,5,2,3,0.4,1043.9501214852337,8677.834236767225,165,1,1,past_due,340,23,2,saas,vip,0.8439038498591139,RETRY,RETRY,0.6447999326170595,1,1320.0
cus_566,pay_2566,ord_2566,1320.0,INR,card,failed,card_declined,card_declined,customer,payment_authentication,9,5,4,1,0.8,1316.3948148230386,11555.612215939267,11,0,1,active,881,5,4,saas,regular,0.8859972942267819,ALTERNATIVE_PAYMENT_METHOD,REMINDER,0.7543371142089544,1,1320.0
cus_567,pay_2567,ord_2567,3890.0,INR,card,failed,temporary_bank_failure,temporary_bank_failure,customer,payment_authentication,690,10,5,5,0.5,4762.893595329919,70937.83550604178,156,0,0,active,687,16,6,retail,regular,0.9700640447164928,HUMAN_ESCALATION,RETRY,0.8964952422155613,1,3890.0
cus_568,pay_2568,ord_2568,9790.0,INR,upi,failed,temporary_bank_failure,temporary_bank_failure,customer,payment_authentication,10,4,3,1,0.75,7791.407313896359,60940.90162776681,70,0,1,active,544,20,3,education,regular,0.6750298548937164,ALTERNATIVE_PAYMENT_METHOD,RETRY,0.7339040952766376,1,9790.0
cus_569,pay_2569,ord_2569,17560.0,INR,wallet,failed,network_timeout,network_timeout,customer,payment_authentication,1442,10,8,2,0.8,12686.52414006572,160658.77563824496,85,0,1,none,270,17,2,retail,new,0.5945539096236458,RETRY,RETRY,0.7121296938868934,0,0.0
cus_570,pay_2570,ord_2570,2090.0,INR,card,failed,temporary_bank_failure,temporary_bank_failure,customer,payment_authentication,1316,8,5,3,0.625,1763.1799167907354,35720.9077017723,77,0,2,active,521,12,2,education,regular,0.6244398446934809,CUSTOMER_NOTIFICATION,RETRY,0.6384664474596298,0,0.0
cus_571,pay_2571,ord_2571,1360.0,INR,upi,failed,temporary_bank_failure,temporary_bank_failure,customer,payment_authentication,1122,12,8,4,0.6666666666666666,1165.8960492962099,27258.160628048565,1,1,1,active,629,14,0,saas,regular,0.797113322211659,REMINDER,RETRY,0.7952096041317305,1,1360.0
cus_572,pay_2572,ord_2572,1200.0,INR,netbanking,failed,expired_card,expired_card,customer,payment_authentication,1125,5,4,1,0.8,1133.1063764207897,13392.83991830732,103,0,2,active,708,8,5,education,new,0.826113756946925,NO_ACTION,ALTERNATIVE_PAYMENT_METHOD,0.8670069378450247,0,0.0
cus_573,pay_2573,ord_2573,3270.0,INR,netbanking,failed,network_timeout,network_timeout,customer,payment_authentication,940,9,7,2,0.7777777777777778,3748.308907608719,55526.061546397425,177,1,0,none,91,13,0,education,regular,0.9121801518783604,CUSTOMER_NOTIFICATION,RETRY,0.8416662284766571,1,3270.0
cus_574,pay_2574,ord_2574,1550.0,INR,upi,failed,insufficient_funds,insufficient_funds,customer,payment_authentication,1098,9,8,1,0.8888888888888888,1129.580115686994,26445.73153133684,129,0,0,none,866,18,5,health,regular,0.6066453501698986,REMINDER,REMINDER,0.5988939128242734,0,0.0
cus_575,pay_2575,ord_2575,1550.0,INR,upi,failed,temporary_bank_failure,temporary_bank_failure,customer,payment_authentication,1265,9,7,2,0.7777777777777778,1616.8461721836345,22736.132071158372,89,0,0,none,537,17,3,education,regular,0.9007962777914698,RETRY,RETRY,0.9010381386835068,1,1550.0
cus_576,pay_2576,ord_2576,1660.0,INR,upi,failed,upi_error,upi_error,customer,payment_authentication,769,11,8,3,0.7272727272727273,1884.364091208219,14104.397289071207,4,0,0,none,353,3,0,health,new,0.878464928391135,ALTERNATIVE_PAYMENT_METHOD,RETRY,0.7260541063570836,1,1660.0
cus_577,pay_2577,ord_2577,700.0,INR,netbanking,failed,card_declined,card_declined,customer,payment_authentication,1243,4,2,2,0.5,829.0179409599778,6466.095401242728,133,1,2,none,719,4,1,health,new,0.28960274257521207,CUSTOMER_NOTIFICATION,NO_ACTION,0.2791378608813704,0,0.0
cus_578,pay_2578,ord_2578,180.0,INR,card,failed,network_timeout,network_timeout,customer,payment_authentication,356,6,3,3,0.5,230.3901566150481,2243.0538772248187,120,0,0,active,549,17,0,education,regular,0.474243604532125,RETRY,RETRY,0.609769296065358,1,180.0
cus_579,pay_2579,ord_2579,930.0,INR,wallet,failed,network_timeout,network_timeout,customer,payment_authentication,1332,10,7,3,0.7,1111.5526412129732,16829.491352907437,81,2,0,none,316,11,6,education,new,0.6150954179864544,ALTERNATIVE_PAYMENT_METHOD,NO_ACTION,0.5127031505977541,1,930.0
cus_580,pay_2580,ord_2580,7770.0,INR,card,failed,card_declined,card_declined,customer,payment_authentication,1060,6,4,2,0.6666666666666666,5920.110846849511,100165.01619529387,65,0,0,active,912,10,0,saas,regular,0.589217631608177,HUMAN_ESCALATION,REMINDER,0.5682666684824388,0,0.0
cus_581,pay_2581,ord_2581,7410.0,INR,netbanking,failed,insufficient_funds,insufficient_funds,customer,payment_authentication,164,6,6,0,1.0,5968.500921274519,48730.333917580916,65,0,1,past_due,918,22,6,health,new,0.8423387020424721,NO_ACTION,REMINDER,0.8695893910193888,1,7410.0
cus_582,pay_2582,ord_2582,4630.0,INR,card,failed,insufficient_funds,insufficient_funds,customer,payment_authentication,273,9,7,2,0.7777777777777778,5242.752969971305,49375.0810429675,38,1,0,none,909,3,0,saas,regular,0.4086345066408366,HUMAN_ESCALATION,NO_ACTION,0.5042305840465492,0,0.0
cus_583,pay_2583,ord_2583,1100.0,INR,card,failed,card_declined,card_declined,customer,payment_authentication,195,11,8,3,0.7272727272727273,909.7490052405632,11936.204318716911,64,2,1,none,72,21,3,saas,regular,0.32077775962144006,RETRY,NO_ACTION,0.19465778424271296,0,0.0
cus_584,pay_2584,ord_2584,820.0,INR,card,failed,card_declined,card_declined,customer,payment_authentication,364,5,3,2,0.6,695.5294443203767,7579.773910936337,29,0,2,none,917,13,3,saas,regular,0.8072633679411443,REMINDER,REMINDER,0.6382343956749426,1,820.0
cus_585,pay_2585,ord_2585,9180.0,INR,upi,failed,upi_error,upi_error,customer,payment_authentication,1198,6,5,1,0.8333333333333334,11103.239710851141,81604.3831756397,63,4,0,none,265,22,4,saas,regular,0.29723794947745535,RETRY,NO_ACTION,0.364478123851497,0,0.0
cus_586,pay_2586,ord_2586,610.0,INR,card,failed,expired_card,expired_card,customer,payment_authentication,1240,3,1,2,0.3333333333333333,595.9486815664411,2033.5871679093668,168,1,0,none,347,11,3,health,regular,0.22445099111852965,CUSTOMER_NOTIFICATION,ALTERNATIVE_PAYMENT_METHOD,0.19469246745612953,0,0.0
cus_587,pay_2587,ord_2587,1880.0,INR,card,failed,insufficient_funds,insufficient_funds,customer,payment_authentication,1493,8,5,3,0.625,1763.6532424310176,24505.711932746708,104,2,0,active,676,19,1,retail,new,0.5529762298857983,RETRY,NO_ACTION,0.5090761357170409,0,0.0
cus_588,pay_2588,ord_2588,9790.0,INR,upi,failed,expired_card,expired_card,customer,payment_authentication,194,4,4,0,1.0,9609.799382113357,55836.358601013424,104,1,0,none,476,5,1,saas,regular,0.38430062784694585,RETRY,ALTERNATIVE_PAYMENT_METHOD,0.5586546221528146,0,0.0
cus_589,pay_2589,ord_2589,2050.0,INR,upi,failed,card_declined,card_declined,customer,payment_authentication,844,5,2,3,0.4,1750.7205795929267,16453.220956634552,145,0,0,active,826,18,0,saas,regular,0.42617316505427894,ALTERNATIVE_PAYMENT_METHOD,NO_ACTION,0.4305429175651094,0,0.0
cus_590,pay_2590,ord_2590,1350.0,INR,netbanking,failed,insufficient_funds,insufficient_funds,customer,payment_authentication,1232,4,4,0,1.0,1015.8992680471196,7018.625921192882,157,1,1,none,664,5,5,education,regular,0.4202666102236565,HUMAN_ESCALATION,REMINDER,0.5943873253433276,0,0.0
cus_591,pay_2591,ord_2591,5770.0,INR,netbanking,failed,network_timeout,network_timeout,customer,payment_authentication,1446,5,2,3,0.4,7422.05451658857,31486.66007057301,102,1,0,active,113,22,0,health,regular,0.577601968462733,RETRY,RETRY,0.5794283006253593,0,0.0
cus_592,pay_2592,ord_2592,1940.0,INR,upi,failed,card_declined,card_declined,customer,payment_authentication,148,8,5,3,0.625,1697.825368543176,22454.585722568903,65,0,0,none,140,13,4,saas,regular,0.7578644457699436,REMINDER,NO_ACTION,0.5315631026164059,0,0.0
cus_593,pay_2593,ord_2593,2200.0,INR,card,failed,temporary_bank_failure,temporary_bank_failure,customer,payment_authentication,994,4,3,1,0.75,2215.909861127875,10933.92169336089,94,0,1,past_due,99,18,3,retail,regular,0.29250938036310015,CUSTOMER_NOTIFICATION,RETRY,0.4374241572189862,1,2200.0
cus_594,pay_2594,ord_2594,8220.0,INR,card,failed,expired_card,expired_card,customer,payment_authentication,120,6,5,1,0.8333333333333334,6043.294017324701,70573.82684788287,156,1,1,none,329,21,2,retail,regular,0.7830341112745204,CUSTOMER_NOTIFICATION,ALTERNATIVE_PAYMENT_METHOD,0.5954086617708353,0,0.0
cus_595,pay_2595,ord_2595,140.0,INR,wallet,failed,card_declined,card_declined,customer,payment_authentication,128,9,6,3,0.6666666666666666,110.532862573823,1675.7410771612188,55,1,1,none,465,2,1,health,new,0.8471340734990634,HUMAN_ESCALATION,REMINDER,0.6694959637365735,0,0.0
cus_596,pay_2596,ord_2596,2590.0,INR,card,failed,upi_error,upi_error,customer,payment_authentication,1252,4,2,2,0.5,1971.7354254823695,24897.056628795795,176,0,1,none,882,8,4,saas,regular,0.8086720834674194,RETRY,RETRY,0.8092295746521136,1,2590.0
cus_597,pay_2597,ord_2597,840.0,INR,upi,failed,insufficient_funds,insufficient_funds,customer,payment_authentication,1389,12,7,5,0.5833333333333334,613.7705098681387,10296.445736751983,83,2,1,none,345,13,5,saas,vip,0.34621503174542,CUSTOMER_NOTIFICATION,NO_ACTION,0.2946994572843488,0,0.0
cus_598,pay_2598,ord_2598,1470.0,INR,wallet,failed,card_declined,card_declined,customer,payment_authentication,278,9,7,2,0.7777777777777778,1603.1649239286473,15763.9133349656,131,0,1,active,97,0,3,saas,regular,0.6784279578607578,ALTERNATIVE_PAYMENT_METHOD,REMINDER,0.7067693321166567,0,0.0
cus_599,pay_2599,ord_2599,2020.0,INR,wallet,failed,expired_card,expired_card,customer,payment_authentication,1258,2,1,1,0.5,1434.5065790385052,10480.30699896433,32,0,0,none,549,0,4,health,new,0.5770593692083894,ALTERNATIVE_PAYMENT_METHOD,ALTERNATIVE_PAYMENT_METHOD,0.6217772607556779,1,2020.0
cus_600,pay_2600,ord_2600,920.0,INR,upi,failed,expired_card,expired_card,customer,payment_authentication,1367,9,7,2,0.7777777777777778,896.1921206808762,9978.514152556943,177,1,0,past_due,416,15,4,saas,new,0.4050903018274492,CUSTOMER_NOTIFICATION,ALTERNATIVE_PAYMENT_METHOD,0.3847573854870871,0,0.0
cus_601,pay_2601,ord_2601,2270.0,INR,upi,failed,temporary_bank_failure,temporary_bank_failure,customer,payment_authentication,804,6,5,1,0.8333333333333334,2494.7015061321413,21043.793271990442,134,1,1,none,842,4,6,education,new,0.7928588995619229,ALTERNATIVE_PAYMENT_METHOD,RETRY,0.8703333280102932,1,2270.0
cus_602,pay_2602,ord_2602,2660.0,INR,upi,failed,network_timeout,network_timeout,customer,payment_authentication,257,5,4,1,0.8,2441.5109543261983,26980.878892856857,161,1,0,past_due,35,11,1,retail,new,0.8132768339603577,NO_ACTION,RETRY,0.7659661607365025,0,0.0
cus_603,pay_2603,ord_2603,2220.0,INR,netbanking,failed,upi_error,upi_error,customer,payment_authentication,1116,11,7,4,0.6363636363636364,1754.0494894341894,18799.952759701162,140,0,2,past_due,288,16,5,health,regular,0.7330314633890122,REMINDER,RETRY,0.7288811614391951,1,2220.0
cus_604,pay_2604,ord_2604,2020.0,INR,card,failed,expired_card,expired_card,customer,payment_authentication,823,8,5,3,0.625,1684.7417522422506,35333.31583812673,77,1,0,active,696,18,2,saas,regular,0.6431465207902596,HUMAN_ESCALATION,ALTERNATIVE_PAYMENT_METHOD,0.749880749010285,1,2020.0
cus_605,pay_2605,ord_2605,1610.0,INR,card,failed,expired_card,expired_card,customer,payment_authentication,527,1,1,0,1.0,1275.3936439366398,4191.419127959216,42,0,1,active,10,22,3,retail,regular,0.41440423292211787,NO_ACTION,ALTERNATIVE_PAYMENT_METHOD,0.3434508141684892,0,0.0
cus_606,pay_2606,ord_2606,1640.0,INR,upi,failed,temporary_bank_failure,temporary_bank_failure,customer,payment_authentication,1297,9,6,3,0.6666666666666666,1438.6648286570496,27671.468851461534,144,0,2,none,563,0,3,retail,regular,0.7053332641170422,NO_ACTION,RETRY,0.631762723365745,1,1640.0
cus_607,pay_2607,ord_2607,1960.0,INR,card,failed,card_declined,card_declined,customer,payment_authentication,924,7,4,3,0.5714285714285714,1790.9602308270912,29745.735197076832,102,1,0,active,670,0,2,retail,new,0.7039576724718446,REMINDER,REMINDER,0.5916570298912469,0,0.0
cus_608,pay_2608,ord_2608,700.0,INR,upi,failed,insufficient_funds,insufficient_funds,customer,payment_authentication,397,7,6,1,0.8571428571428571,656.5933097074517,10303.13457531249,43,0,0,active,33,1,4,retail,regular,0.6947942167299782,ALTERNATIVE_PAYMENT_METHOD,REMINDER,0.7427637814082498,1,700.0
cus_609,pay_2609,ord_2609,6440.0,INR,card,failed,card_declined,card_declined,customer,payment_authentication,620,12,9,3,0.75,5370.003427386986,82589.16610038672,51,1,0,active,562,18,6,education,regular,0.9162672264402141,NO_ACTION,REMINDER,0.8133730137127202,1,6440.0
cus_610,pay_2610,ord_2610,1650.0,INR,netbanking,failed,temporary_bank_failure,temporary_bank_failure,customer,payment_authentication,464,1,1,0,1.0,1386.8600681498797,4691.753350649119,34,0,1,none,930,1,3,saas,regular,0.7283258042901234,HUMAN_ESCALATION,RETRY,0.5116567025104227,0,0.0
cus_611,pay_2611,ord_2611,1210.0,INR,netbanking,failed,card_declined,card_declined,customer,payment_authentication,791,11,10,1,0.9090909090909091,1311.1968894962947,17915.51998698294,175,0,1,none,515,10,1,health,regular,0.7972591385905259,NO_ACTION,REMINDER,0.7942910610700532,1,1210.0
cus_612,pay_2612,ord_2612,2690.0,INR,upi,failed,insufficient_funds,insufficient_funds,customer,payment_authentication,407,5,4,1,0.8,1920.2067451593673,22468.032371752794,126,0,1,active,172,0,3,health,new,0.476561630063029,ALTERNATIVE_PAYMENT_METHOD,NO_ACTION,0.4646934083908573,0,0.0
cus_613,pay_2613,ord_2613,1610.0,INR,netbanking,failed,card_declined,card_declined,customer,payment_authentication,955,11,7,4,0.6363636363636364,1553.4411982096888,33105.20523632068,53,0,0,active,784,19,1,saas,regular,0.7496829531940103,REMINDER,REMINDER,0.6818162910591754,1,1610.0
cus_614,pay_2614,ord_2614,6260.0,INR,card,failed,card_declined,card_declined,customer,payment_authentication,672,6,5,1,0.8333333333333334,7872.021238131856,50867.2588256315,38,0,1,none,59,19,3,health,new,0.4773504166185618,HUMAN_ESCALATION,REMINDER,0.6939184304302949,1,6260.0
cus_615,pay_2615,ord_2615,4420.0,INR,upi,failed,temporary_bank_failure,temporary_bank_failure,customer,payment_authentication,81,9,5,4,0.5555555555555556,5113.3276731732685,58360.46978446351,155,0,1,none,849,15,4,education,regular,0.7240536094158786,NO_ACTION,RETRY,0.8606646664129995,1,4420.0
cus_616,pay_2616,ord_2616,1980.0,INR,card,failed,insufficient_funds,insufficient_funds,customer,payment_authentication,9,18,10,8,0.5555555555555556,1781.4914249865817,56067.830199225726,129,1,0,none,953,23,3,health,regular,0.4170316683901172,NO_ACTION,NO_ACTION,0.4721048441827577,0,0.0
cus_617,pay_2617,ord_2617,4620.0,INR,netbanking,failed,network_timeout,network_timeout,customer,payment_authentication,144,7,6,1,0.8571428571428571,4754.456416818339,38872.02985922596,126,3,1,active,144,14,6,saas,regular,0.7059585426964748,NO_ACTION,REMINDER,0.7400630242490114,1,4620.0
cus_618,pay_2618,ord_2618,2290.0,INR,netbanking,failed,card_declined,card_declined,customer,payment_authentication,241,11,8,3,0.7272727272727273,2952.1776960519232,40906.34700324261,11,0,1,none,274,16,1,health,vip,0.5424366024966932,NO_ACTION,NO_ACTION,0.5312176057965886,0,0.0
cus_619,pay_2619,ord_2619,570.0,INR,wallet,failed,temporary_bank_failure,temporary_bank_failure,customer,payment_authentication,124,2,2,0,1.0,643.9829030141101,1528.0321149957706,173,1,1,active,832,10,0,retail,regular,0.7364410913134632,CUSTOMER_NOTIFICATION,RETRY,0.7097150884384796,1,570.0
cus_620,pay_2620,ord_2620,4400.0,INR,netbanking,failed,insufficient_funds,insufficient_funds,customer,payment_authentication,992,12,8,4,0.6666666666666666,4636.627998208546,86265.62130127102,79,1,0,past_due,741,23,4,retail,regular,0.4637214324943444,RETRY,REMINDER,0.601021331700111,1,4400.0
cus_621,pay_2621,ord_2621,270.0,INR,wallet,failed,insufficient_funds,insufficient_funds,customer,payment_authentication,892,11,8,3,0.7272727272727273,279.5984623379074,2871.2918016945414,129,0,0,past_due,540,8,6,education,regular,0.9051399709449327,NO_ACTION,REMINDER,0.7899146119568666,1,270.0
cus_622,pay_2622,ord_2622,99.0,INR,card,failed,card_declined,card_declined,customer,payment_authentication,32,4,3,1,0.75,122.41859992011291,845.6371815826436,32,0,0,active,673,5,0,health,regular,0.6963199007076106,REMINDER,REMINDER,0.6630073843969541,0,0.0
cus_623,pay_2623,ord_2623,3630.0,INR,wallet,failed,card_declined,card_declined,customer,payment_authentication,619,6,4,2,0.6666666666666666,2965.2490706600584,24196.100811409935,109,1,0,active,871,12,2,saas,regular,0.5542396820361942,ALTERNATIVE_PAYMENT_METHOD,NO_ACTION,0.5482588255803921,0,0.0
cus_624,pay_2624,ord_2624,2820.0,INR,upi,failed,temporary_bank_failure,temporary_bank_failure,customer,payment_authentication,441,9,5,4,0.5555555555555556,2953.1300680704344,43426.69799249483,16,1,1,active,714,4,3,saas,new,0.8197245795312994,HUMAN_ESCALATION,RETRY,0.7706700795039517,1,2820.0
cus_625,pay_2625,ord_2625,2640.0,INR,upi,failed,card_declined,card_declined,customer,payment_authentication,750,10,7,3,0.7,2402.6652207692373,42269.38035586121,82,0,0,active,567,16,4,saas,regular,0.7299912861920907,CUSTOMER_NOTIFICATION,REMINDER,0.7915247585225167,1,2640.0
cus_626,pay_2626,ord_2626,7260.0,INR,upi,failed,network_timeout,network_timeout,customer,payment_authentication,878,9,5,4,0.5555555555555556,7121.398961491772,90962.78127656775,42,0,0,none,387,14,6,health,regular,0.8068527368227425,CUSTOMER_NOTIFICATION,RETRY,0.8307048994915022,1,7260.0
cus_627,pay_2627,ord_2627,1760.0,INR,card,failed,network_timeout,network_timeout,customer,payment_authentication,750,10,5,5,0.5,1274.1514713215997,29796.920278776597,84,1,0,active,894,9,4,saas,vip,0.3868631036938581,ALTERNATIVE_PAYMENT_METHOD,RETRY,0.49513176336158216,1,1760.0
cus_628,pay_2628,ord_2628,1240.0,INR,card,failed,temporary_bank_failure,temporary_bank_failure,customer,payment_authentication,598,4,3,1,0.75,1458.1528893981915,11162.919174303359,156,1,0,active,572,0,6,saas,regular,0.559167428876585,REMINDER,RETRY,0.7795686385927891,0,0.0
cus_629,pay_2629,ord_2629,4010.0,INR,card,failed,insufficient_funds,insufficient_funds,customer,payment_authentication,61,12,11,1,0.9166666666666666,3250.401832161063,44634.742812206154,0,2,0,none,832,11,3,saas,regular,0.5024170418737518,NO_ACTION,NO_ACTION,0.5260554111574409,0,0.0
cus_630,pay_2630,ord_2630,890.0,INR,card,failed,insufficient_funds,insufficient_funds,customer,payment_authentication,1189,6,4,2,0.6666666666666666,923.4839350867796,9839.398327737836,82,2,0,none,856,12,1,retail,regular,0.49536241692334276,HUMAN_ESCALATION,NO_ACTION,0.3229015435810977,0,0.0
cus_631,pay_2631,ord_2631,1420.0,INR,upi,failed,temporary_bank_failure,temporary_bank_failure,customer,payment_authentication,1194,4,2,2,0.5,1780.6704986873685,8755.445485184116,179,0,1,active,325,14,6,saas,vip,0.5296537540872522,CUSTOMER_NOTIFICATION,RETRY,0.5865215325145433,0,0.0
cus_632,pay_2632,ord_2632,2330.0,INR,netbanking,failed,insufficient_funds,insufficient_funds,customer,payment_authentication,1289,7,5,2,0.7142857142857143,1990.9296801773485,29378.54412742177,175,0,0,active,743,1,2,retail,regular,0.5679467262955156,REMINDER,REMINDER,0.7236154899800019,1,2330.0
cus_633,pay_2633,ord_2633,2520.0,INR,upi,failed,temporary_bank_failure,temporary_bank_failure,customer,payment_authentication,1051,5,3,2,0.6,2259.5308476558903,27783.742526107173,102,1,0,active,643,0,2,saas,regular,0.8100097115238557,REMINDER,RETRY,0.7535370423516062,1,2520.0
cus_634,pay_2634,ord_2634,1300.0,INR,upi,failed,temporary_bank_failure,temporary_bank_failure,customer,payment_authentication,491,9,7,2,0.7777777777777778,1226.7691483883889,20132.954799213854,119,1,0,active,228,18,4,retail,new,0.5447230964686283,CUSTOMER_NOTIFICATION,RETRY,0.5925938837293651,1,1300.0
cus_635,pay_2635,ord_2635,1110.0,INR,upi,failed,card_declined,card_declined,customer,payment_authentication,1032,9,7,2,0.7777777777777778,1139.2912001759448,10076.31168978372,105,2,0,active,568,5,5,retail,regular,0.3011535241742364,HUMAN_ESCALATION,NO_ACTION,0.25741632572027295,0,0.0
cus_636,pay_2636,ord_2636,590.0,INR,upi,failed,insufficient_funds,insufficient_funds,customer,payment_authentication,1352,6,3,3,0.5,494.45970849996064,5125.224206293222,82,0,0,none,954,21,4,retail,new,0.8356350959544949,HUMAN_ESCALATION,REMINDER,0.7695532165284897,1,590.0
cus_637,pay_2637,ord_2637,820.0,INR,card,failed,card_declined,card_declined,customer,payment_authentication,52,11,6,5,0.5454545454545454,937.3095989311391,13916.547168526817,32,0,2,past_due,535,4,3,retail,new,0.6315755855333127,HUMAN_ESCALATION,REMINDER,0.6822290621498115,0,0.0
cus_638,pay_2638,ord_2638,11150.0,INR,netbanking,failed,temporary_bank_failure,temporary_bank_failure,customer,payment_authentication,761,5,5,0,1.0,12017.719204638937,57864.48668162068,145,1,0,active,688,8,4,saas,new,0.8692501447951855,CUSTOMER_NOTIFICATION,RETRY,0.827771231379574,1,11150.0
cus_639,pay_2639,ord_2639,1390.0,INR,card,failed,expired_card,expired_card,customer,payment_authentication,977,4,4,0,1.0,1050.753171265586,10680.026329165046,77,2,1,active,109,20,5,saas,new,0.5942956658312201,NO_ACTION,ALTERNATIVE_PAYMENT_METHOD,0.5978411211932256,1,1390.0
cus_640,pay_2640,ord_2640,2180.0,INR,upi,failed,insufficient_funds,insufficient_funds,customer,payment_authentication,1477,6,5,1,0.8333333333333334,2192.5838941071274,24831.292904725306,157,1,2,active,389,2,1,health,regular,0.3060278350576712,CUSTOMER_NOTIFICATION,NO_ACTION,0.5028147265462587,0,0.0
cus_641,pay_2641,ord_2641,410.0,INR,netbanking,failed,network_timeout,network_timeout,customer,payment_authentication,751,6,5,1,0.8333333333333334,375.511398453448,4853.944713473043,39,0,2,active,23,21,6,saas,regular,0.7081510472862016,RETRY,RETRY,0.7606092454299362,1,410.0
cus_642,pay_2642,ord_2642,23460.0,INR,upi,failed,network_timeout,network_timeout,customer,payment_authentication,1319,7,4,3,0.5714285714285714,21357.3979357118,160630.2169499323,35,1,1,none,366,0,3,retail,new,0.6609462680056073,RETRY,RETRY,0.7439218120643007,1,23460.0
cus_643,pay_2643,ord_2643,760.0,INR,netbanking,failed,insufficient_funds,insufficient_funds,customer,payment_authentication,1141,10,10,0,1.0,980.2876141923626,13515.504507139747,39,0,1,none,342,4,2,retail,regular,0.6679989413111418,HUMAN_ESCALATION,REMINDER,0.8188144621730541,1,760.0
cus_644,pay_2644,ord_2644,560.0,INR,card,failed,card_declined,card_declined,customer,payment_authentication,1185,5,3,2,0.6,528.2403074613934,3951.4910758652763,117,1,0,active,189,7,2,saas,vip,0.13784631810891368,NO_ACTION,NO_ACTION,0.22257585103906702,0,0.0
cus_645,pay_2645,ord_2645,1700.0,INR,netbanking,failed,temporary_bank_failure,temporary_bank_failure,customer,payment_authentication,146,6,4,2,0.6666666666666666,1214.4610865767233,11597.699099913008,98,1,0,active,497,16,0,saas,regular,0.5853287895137291,CUSTOMER_NOTIFICATION,RETRY,0.5182081370239208,1,1700.0
cus_646,pay_2646,ord_2646,740.0,INR,upi,failed,card_declined,card_declined,customer,payment_authentication,756,6,4,2,0.6666666666666666,675.5892497541123,7156.946478386215,118,1,1,active,504,14,3,saas,new,0.2826491399891665,NO_ACTION,NO_ACTION,0.28124680631794224,0,0.0
cus_647,pay_2647,ord_2647,2600.0,INR,netbanking,failed,temporary_bank_failure,temporary_bank_failure,customer,payment_authentication,1120,6,4,2,0.6666666666666666,2755.335377556619,26290.53029665633,43,0,1,active,552,9,5,saas,regular,0.6785183182541029,HUMAN_ESCALATION,RETRY,0.8640922987822429,1,2600.0
cus_648,pay_2648,ord_2648,400.0,INR,upi,failed,insufficient_funds,insufficient_funds,customer,payment_authentication,187,6,3,3,0.5,406.6674067451531,3622.6210229480344,64,0,1,none,397,13,6,health,regular,0.3539625425768559,HUMAN_ESCALATION,NO_ACTION,0.4650518937920603,0,0.0
cus_649,pay_2649,ord_2649,5640.0,INR,netbanking,failed,temporary_bank_failure,temporary_bank_failure,customer,payment_authentication,1442,8,6,2,0.75,4208.854036008831,91017.68777772812,119,1,0,none,517,13,0,saas,new,0.6524892899995897,CUSTOMER_NOTIFICATION,RETRY,0.6509712500280974,0,0.0
cus_650,pay_2650,ord_2650,4630.0,INR,wallet,failed,network_timeout,network_timeout,customer,payment_authentication,1026,2,2,0,1.0,3708.2184200271613,12536.223494586135,90,0,0,active,579,19,4,health,regular,0.8209733046453521,HUMAN_ESCALATION,RETRY,0.8212703334453126,1,4630.0
cus_651,pay_2651,ord_2651,1610.0,INR,upi,failed,insufficient_funds,insufficient_funds,customer,payment_authentication,1276,6,4,2,0.6666666666666666,1870.2070386700366,13854.205864956248,67,0,1,active,145,9,1,saas,vip,0.46171141350089207,REMINDER,NO_ACTION,0.49375468704463,0,0.0
cus_652,pay_2652,ord_2652,350.0,INR,netbanking,failed,card_declined,card_declined,customer,payment_authentication,949,13,10,3,0.7692307692307693,246.52053284352175,5130.893691371773,58,1,1,none,481,22,0,saas,regular,0.3497808003583611,NO_ACTION,NO_ACTION,0.2744422095714881,0,0.0
cus_653,pay_2653,ord_2653,800.0,INR,upi,failed,insufficient_funds,insufficient_funds,customer,payment_authentication,1341,9,7,2,0.7777777777777778,670.6556699486966,6107.521725653445,67,0,0,none,817,11,4,education,vip,0.8122729743271794,RETRY,REMINDER,0.7753729101275023,0,0.0
cus_654,pay_2654,ord_2654,1920.0,INR,upi,failed,insufficient_funds,insufficient_funds,customer,payment_authentication,1350,12,6,6,0.5,2473.7873681631586,28473.9494328398,50,1,0,active,705,20,0,health,regular,0.3787081518283236,RETRY,NO_ACTION,0.43584514299706784,0,0.0
cus_655,pay_2655,ord_2655,540.0,INR,wallet,failed,temporary_bank_failure,temporary_bank_failure,customer,payment_authentication,114,10,6,4,0.6,590.4272183507658,9702.980326554549,126,0,1,none,719,16,1,saas,new,0.797876504167934,REMINDER,RETRY,0.8654060054492061,1,540.0
cus_656,pay_2656,ord_2656,630.0,INR,card,failed,upi_error,upi_error,customer,payment_authentication,1405,10,8,2,0.8,533.8096038412783,9564.950412889184,29,1,1,none,294,9,1,education,regular,0.4705089889785188,REMINDER,RETRY,0.49066394776974936,0,0.0
cus_657,pay_2657,ord_2657,5160.0,INR,upi,failed,network_timeout,network_timeout,customer,payment_authentication,794,11,7,4,0.6363636363636364,4212.661684785967,77051.42126488691,120,2,0,active,863,6,5,retail,regular,0.5080449968700974,CUSTOMER_NOTIFICATION,REMINDER,0.716395317014964,0,0.0
cus_658,pay_2658,ord_2658,2110.0,INR,card,failed,temporary_bank_failure,temporary_bank_failure,customer,payment_authentication,733,6,5,1,0.8333333333333334,2004.315326838666,19453.806477135517,13,1,1,none,488,12,1,health,new,0.5630699076657261,HUMAN_ESCALATION,RETRY,0.53385869734204,0,0.0
cus_659,pay_2659,ord_2659,2050.0,INR,card,failed,network_timeout,network_timeout,customer,payment_authentication,370,6,5,1,0.8333333333333334,2229.0482441240824,15874.723247392094,72,2,0,none,883,0,1,health,new,0.7753307118001487,RETRY,REMINDER,0.9009785694023426,0,0.0
cus_660,pay_2660,ord_2660,3060.0,INR,netbanking,failed,insufficient_funds,insufficient_funds,customer,payment_authentication,607,6,5,1,0.8333333333333334,2456.0359988325154,18395.765322414758,89,1,0,active,157,8,6,education,regular,0.41820072393094065,REMINDER,NO_ACTION,0.2972478692588801,0,0.0
cus_661,pay_2661,ord_2661,1530.0,INR,card,failed,temporary_bank_failure,temporary_bank_failure,customer,payment_authentication,817,9,8,1,0.8888888888888888,1757.6137504464175,22453.648046554128,167,1,0,past_due,832,12,2,saas,vip,0.7416288393172817,NO_ACTION,RETRY,0.9128263853256481,1,1530.0
cus_662,pay_2662,ord_2662,1700.0,INR,card,failed,expired_card,expired_card,customer,payment_authentication,799,6,5,1,0.8333333333333334,1232.7702041296075,20944.12216858692,119,1,0,none,296,8,1,retail,regular,0.604800424661244,CUSTOMER_NOTIFICATION,ALTERNATIVE_PAYMENT_METHOD,0.5678400709331917,0,0.0
cus_663,pay_2663,ord_2663,2850.0,INR,card,failed,temporary_bank_failure,temporary_bank_failure,customer,payment_authentication,1060,8,6,2,0.75,2326.733529160311,44265.98046544072,59,1,0,active,664,2,5,retail,regular,0.5264902372834235,ALTERNATIVE_PAYMENT_METHOD,RETRY,0.7256129591406597,1,2850.0
cus_664,pay_2664,ord_2664,4060.0,INR,upi,failed,temporary_bank_failure,temporary_bank_failure,customer,payment_authentication,1019,7,6,1,0.8571428571428571,4279.9109988177215,32588.623887528407,66,0,0,none,17,14,0,education,regular,0.816373838671546,ALTERNATIVE_PAYMENT_METHOD,RETRY,0.8809376557026384,1,4060.0
cus_665,pay_2665,ord_2665,2980.0,INR,netbanking,failed,card_declined,card_declined,customer,payment_authentication,1120,6,6,0,1.0,3348.6617297536195,26379.012918663353,129,0,1,active,440,22,0,education,new,0.6348819394730377,RETRY,REMINDER,0.5953301746004648,1,2980.0
cus_666,pay_2666,ord_2666,7790.0,INR,netbanking,failed,insufficient_funds,insufficient_funds,customer,payment_authentication,868,11,9,2,0.8181818181818182,8594.92822110015,132532.10790102716,156,2,0,active,779,10,2,education,regular,0.7551581243001401,ALTERNATIVE_PAYMENT_METHOD,REMINDER,0.6634204718896044,0,0.0
cus_667,pay_2667,ord_2667,1850.0,INR,card,failed,network_timeout,network_timeout,customer,payment_authentication,1487,5,4,1,0.8,1585.6129883665728,19349.385082411274,142,1,1,none,635,8,4,saas,regular,0.9159438687028869,NO_ACTION,RETRY,0.8292426716731357,0,0.0
cus_668,pay_2668,ord_2668,470.0,INR,upi,failed,card_declined,card_declined,customer,payment_authentication,1317,5,3,2,0.6,437.7103297583657,2694.3958819838435,162,0,0,none,310,16,0,saas,new,0.5794690905162954,CUSTOMER_NOTIFICATION,NO_ACTION,0.51074080597296,0,0.0
cus_669,pay_2669,ord_2669,5370.0,INR,upi,failed,network_timeout,network_timeout,customer,payment_authentication,1436,5,4,1,0.8,3880.2455925816057,28092.660729213505,39,0,2,active,247,0,0,education,new,0.9212951043752713,REMINDER,RETRY,0.8414719845841728,1,5370.0
cus_670,pay_2670,ord_2670,1420.0,INR,upi,failed,card_declined,card_declined,customer,payment_authentication,1086,4,3,1,0.75,994.4009933520292,13568.885562014451,88,0,1,none,230,21,0,health,regular,0.941669280802164,NO_ACTION,REMINDER,0.8533935734246231,1,1420.0
cus_671,pay_2671,ord_2671,840.0,INR,upi,failed,network_timeout,network_timeout,customer,payment_authentication,371,10,7,3,0.7,797.9076506832529,8218.386481983947,85,0,1,active,922,11,4,education,vip,0.7716204669285041,RETRY,RETRY,0.8282224633561587,1,840.0
cus_672,pay_2672,ord_2672,3690.0,INR,card,failed,insufficient_funds,insufficient_funds,customer,payment_authentication,1447,6,5,1,0.8333333333333334,3785.985790913279,51294.31217596565,75,0,0,active,301,18,5,saas,vip,0.5487131637436508,RETRY,REMINDER,0.587540242009672,0,0.0
cus_673,pay_2673,ord_2673,2620.0,INR,upi,failed,expired_card,expired_card,customer,payment_authentication,1373,12,8,4,0.6666666666666666,3124.808551216699,50363.35079563816,3,0,0,none,632,7,2,health,regular,0.8166312367961901,RETRY,ALTERNATIVE_PAYMENT_METHOD,0.7496699735315344,0,0.0
cus_674,pay_2674,ord_2674,500.0,INR,upi,failed,expired_card,expired_card,customer,payment_authentication,445,7,5,2,0.7142857142857143,638.7998100671218,5394.791280010219,40,0,0,none,11,4,0,retail,regular,0.5976481550882741,RETRY,ALTERNATIVE_PAYMENT_METHOD,0.4889414487152712,1,500.0
cus_675,pay_2675,ord_2675,3540.0,INR,upi,failed,upi_error,upi_error,customer,payment_authentication,1326,7,5,2,0.7142857142857143,3750.58583298744,26780.004527536537,59,0,1,none,598,16,5,health,regular,0.6928634591960081,CUSTOMER_NOTIFICATION,RETRY,0.7097761789308509,1,3540.0
cus_676,pay_2676,ord_2676,11780.0,INR,upi,failed,temporary_bank_failure,temporary_bank_failure,customer,payment_authentication,783,6,5,1,0.8333333333333334,14017.397115454003,149966.57784479772,73,1,1,none,649,6,4,health,new,0.7983089718984165,HUMAN_ESCALATION,RETRY,0.8539958855481514,0,0.0
cus_677,pay_2677,ord_2677,2500.0,INR,netbanking,failed,card_declined,card_declined,customer,payment_authentication,1085,5,4,1,0.8,1945.7152838874963,13857.219246088749,48,0,1,past_due,580,16,0,saas,regular,0.42338286930981495,REMINDER,NO_ACTION,0.48241809470865193,0,0.0
cus_678,pay_2678,ord_2678,1400.0,INR,upi,failed,network_timeout,network_timeout,customer,payment_authentication,513,5,3,2,0.6,1665.9981436076869,10261.845760923472,63,0,1,active,833,16,5,saas,regular,0.6585567881989185,HUMAN_ESCALATION,RETRY,0.7438377701094027,0,0.0
cus_679,pay_2679,ord_2679,340.0,INR,card,failed,insufficient_funds,insufficient_funds,customer,payment_authentication,387,7,3,4,0.42857142857142855,289.69205794818856,2073.849915516131,138,1,0,none,683,16,6,health,new,0.48542559975872307,NO_ACTION,NO_ACTION,0.44100697057988736,0,0.0
cus_680,pay_2680,ord_2680,14060.0,INR,netbanking,failed,network_timeout,network_timeout,customer,payment_authentication,603,8,6,2,0.75,13298.69876248709,92287.17735207995,58,0,0,none,210,18,4,saas,regular,1.0,CUSTOMER_NOTIFICATION,RETRY,0.9469863208420308,1,14060.0
cus_681,pay_2681,ord_2681,1080.0,INR,netbanking,failed,insufficient_funds,insufficient_funds,customer,payment_authentication,283,8,5,3,0.625,769.8183658373863,16022.927682438147,39,2,0,past_due,685,9,2,saas,regular,0.5265897812080086,CUSTOMER_NOTIFICATION,NO_ACTION,0.48066920589844636,0,0.0
cus_682,pay_2682,ord_2682,440.0,INR,card,failed,temporary_bank_failure,temporary_bank_failure,customer,payment_authentication,212,9,7,2,0.7777777777777778,431.56351558370443,4268.288793849845,83,0,0,none,236,23,1,retail,regular,0.5479789862544814,RETRY,RETRY,0.5523806238618657,1,440.0
cus_683,pay_2683,ord_2683,2020.0,INR,upi,failed,card_declined,card_declined,customer,payment_authentication,653,9,4,5,0.4444444444444444,2203.370874188248,29916.769783889296,4,1,1,active,44,20,2,retail,regular,0.4408798361868024,REMINDER,NO_ACTION,0.2516820038161294,0,0.0
cus_684,pay_2684,ord_2684,4960.0,INR,card,failed,insufficient_funds,insufficient_funds,customer,payment_authentication,1421,8,7,1,0.875,4222.12177934996,73228.60756607211,40,0,1,none,929,11,2,retail,regular,0.8899933115165358,NO_ACTION,REMINDER,0.8918627580822014,1,4960.0
cus_685,pay_2685,ord_2685,6220.0,INR,upi,failed,temporary_bank_failure,temporary_bank_failure,customer,payment_authentication,59,3,2,1,0.6666666666666666,7371.967187311999,33322.347368245304,4,1,1,none,424,1,1,retail,regular,0.7603836820459654,CUSTOMER_NOTIFICATION,RETRY,0.6234407325435405,1,6220.0
cus_686,pay_2686,ord_2686,920.0,INR,card,failed,temporary_bank_failure,temporary_bank_failure,customer,payment_authentication,491,5,4,1,0.8,1155.2594254361356,8574.551206986596,12,1,0,none,432,1,6,saas,vip,0.36544296269469206,ALTERNATIVE_PAYMENT_METHOD,RETRY,0.4752544944644831,0,0.0
cus_687,pay_2687,ord_2687,1640.0,INR,upi,failed,temporary_bank_failure,temporary_bank_failure,customer,payment_authentication,426,3,2,1,0.6666666666666666,1709.5483244395386,6648.514448292925,137,0,1,active,975,11,0,saas,regular,0.6227057188777108,NO_ACTION,RETRY,0.6018338516462259,1,1640.0
cus_688,pay_2688,ord_2688,1810.0,INR,card,failed,network_timeout,network_timeout,customer,payment_authentication,312,8,5,3,0.625,1532.0469322160673,28722.86386794016,4,0,0,past_due,607,0,1,retail,regular,0.7548078039093074,CUSTOMER_NOTIFICATION,RETRY,0.853738615501755,1,1810.0
cus_689,pay_2689,ord_2689,4800.0,INR,upi,failed,network_timeout,network_timeout,customer,payment_authentication,111,8,5,3,0.625,5391.186033882076,41822.09901500764,25,1,1,none,758,22,0,retail,regular,0.6318201385680018,NO_ACTION,RETRY,0.7245442049235731,0,0.0
cus_690,pay_2690,ord_2690,3270.0,INR,wallet,failed,expired_card,expired_card,customer,payment_authentication,264,15,10,5,0.6666666666666666,2867.017244332838,76795.17673306732,31,0,0,none,876,10,4,retail,regular,0.6697020743861383,RETRY,ALTERNATIVE_PAYMENT_METHOD,0.75110264844972,1,3270.0
cus_691,pay_2691,ord_2691,2370.0,INR,card,failed,temporary_bank_failure,temporary_bank_failure,customer,payment_authentication,787,10,7,3,0.7,1890.490127521003,46577.242754802435,115,1,0,past_due,191,10,0,health,vip,0.7379063719568886,RETRY,RETRY,0.7317991843874959,1,2370.0
cus_692,pay_2692,ord_2692,4510.0,INR,netbanking,failed,expired_card,expired_card,customer,payment_authentication,640,10,9,1,0.9,3928.727020172084,85882.88594524171,59,0,2,active,152,12,5,saas,regular,0.5369970676508515,NO_ACTION,ALTERNATIVE_PAYMENT_METHOD,0.5834047873450878,0,0.0
cus_693,pay_2693,ord_2693,460.0,INR,wallet,failed,network_timeout,network_timeout,customer,payment_authentication,925,5,2,3,0.4,443.166827133855,2115.9559227467175,36,1,0,none,427,23,3,saas,new,0.04695359665892146,NO_ACTION,RETRY,0.2540484123303151,0,0.0
cus_694,pay_2694,ord_2694,2750.0,INR,netbanking,failed,network_timeout,network_timeout,customer,payment_authentication,1284,10,8,2,0.8,2297.3834407421045,35614.45053086221,132,0,1,none,73,14,3,health,new,0.6885573907624607,REMINDER,RETRY,0.7321577904924846,1,2750.0
cus_695,pay_2695,ord_2695,2260.0,INR,card,failed,insufficient_funds,insufficient_funds,customer,payment_authentication,167,11,10,1,0.9090909090909091,2039.3307993596418,49042.511642597754,39,0,1,none,461,17,5,education,regular,0.6776260252172523,ALTERNATIVE_PAYMENT_METHOD,REMINDER,0.7402181088746494,0,0.0
cus_696,pay_2696,ord_2696,1720.0,INR,netbanking,failed,temporary_bank_failure,temporary_bank_failure,customer,payment_authentication,496,13,11,2,0.8461538461538461,1612.281279584078,43493.83244256803,168,0,1,active,543,13,6,education,new,0.532561485307154,REMINDER,RETRY,0.7074611663672244,1,1720.0
cus_697,pay_2697,ord_2697,1410.0,INR,card,failed,upi_error,upi_error,customer,payment_authentication,1311,5,4,1,0.8,1624.7629462747198,12921.229750276116,145,0,1,active,978,9,0,health,vip,0.9274162203096928,ALTERNATIVE_PAYMENT_METHOD,RETRY,0.8821449643455286,1,1410.0
cus_698,pay_2698,ord_2698,2070.0,INR,card,failed,network_timeout,network_timeout,customer,payment_authentication,354,8,6,2,0.75,2514.1948142611996,15669.516876456066,159,1,1,none,169,2,4,retail,vip,0.6314966667447832,RETRY,RETRY,0.5649804717675668,1,2070.0
cus_699,pay_2699,ord_2699,1020.0,INR,netbanking,failed,temporary_bank_failure,temporary_bank_failure,customer,payment_authentication,146,11,7,4,0.6363636363636364,1218.8393243523306,15000.700964483774,122,0,1,active,951,16,0,saas,regular,0.5816192738477904,CUSTOMER_NOTIFICATION,RETRY,0.5199490543625997,0,0.0
cus_700,pay_2700,ord_2700,27650.0,INR,upi,failed,network_timeout,network_timeout,customer,payment_authentication,360,6,4,2,0.6666666666666666,22560.535113271555,377325.26805147715,49,0,0,past_due,242,11,0,health,new,1.0,HUMAN_ESCALATION,RETRY,0.8543165790821041,1,27650.0
cus_701,pay_2701,ord_2701,7040.0,INR,upi,failed,temporary_bank_failure,temporary_bank_failure,customer,payment_authentication,594,7,6,1,0.8571428571428571,8348.403372690926,47224.33732821513,117,2,0,none,77,22,0,saas,new,0.6799292073905291,HUMAN_ESCALATION,REMINDER,0.7921343954110344,1,7040.0
cus_702,pay_2702,ord_2702,5390.0,INR,card,failed,temporary_bank_failure,temporary_bank_failure,customer,payment_authentication,384,7,6,1,0.8571428571428571,5844.4909761664185,75107.46744710482,135,1,1,active,846,3,1,health,regular,0.8004244059494683,CUSTOMER_NOTIFICATION,RETRY,0.9101661246196078,1,5390.0
cus_703,pay_2703,ord_2703,1060.0,INR,netbanking,failed,network_timeout,network_timeout,customer,payment_authentication,751,2,1,1,0.5,893.2395280814922,3953.2712610123913,167,0,0,active,265,20,3,retail,regular,0.4197564925416195,ALTERNATIVE_PAYMENT_METHOD,RETRY,0.42319784602022176,0,0.0
cus_704,pay_2704,ord_2704,690.0,INR,upi,failed,expired_card,expired_card,customer,payment_authentication,306,6,4,2,0.6666666666666666,638.6660993632306,8057.227972411719,9,0,0,active,296,16,1,health,regular,0.7605161159202433,RETRY,ALTERNATIVE_PAYMENT_METHOD,0.7724223132612449,1,690.0
cus_705,pay_2705,ord_2705,1460.0,INR,upi,failed,insufficient_funds,insufficient_funds,customer,payment_authentication,873,7,4,3,0.5714285714285714,1324.6553454709488,9000.662478267688,156,1,0,active,73,4,1,saas,vip,0.4814230781205646,CUSTOMER_NOTIFICATION,NO_ACTION,0.46806521442754084,0,0.0
cus_706,pay_2706,ord_2706,2030.0,INR,netbanking,failed,upi_error,upi_error,customer,payment_authentication,1298,7,7,0,1.0,1951.0089081274214,11585.759136413426,146,0,1,active,535,12,6,retail,new,0.8612779001481968,ALTERNATIVE_PAYMENT_METHOD,RETRY,0.7776820251397364,1,2030.0
cus_707,pay_2707,ord_2707,420.0,INR,card,failed,network_timeout,network_timeout,customer,payment_authentication,479,9,5,4,0.5555555555555556,506.90071212865837,4581.431204096555,152,3,1,none,194,19,1,saas,vip,0.4807569103520412,REMINDER,NO_ACTION,0.5063400964533475,0,0.0
cus_708,pay_2708,ord_2708,2920.0,INR,card,failed,temporary_bank_failure,temporary_bank_failure,customer,payment_authentication,814,9,5,4,0.5555555555555556,2765.135686435887,53472.02261661382,36,1,0,none,607,16,0,education,vip,0.950629100028722,ALTERNATIVE_PAYMENT_METHOD,RETRY,0.8473436798394297,1,2920.0
cus_709,pay_2709,ord_2709,5340.0,INR,upi,failed,card_declined,card_declined,customer,payment_authentication,1069,2,2,0,1.0,3913.142029500432,25371.51149843644,24,0,0,past_due,449,5,2,retail,regular,0.3972946082663379,REMINDER,NO_ACTION,0.47442647600400006,0,0.0
cus_710,pay_2710,ord_2710,190.0,INR,wallet,failed,network_timeout,network_timeout,customer,payment_authentication,100,9,6,3,0.6666666666666666,217.05588074949995,2841.204693098147,118,1,0,none,271,16,4,saas,regular,0.5095411214633239,RETRY,RETRY,0.5602399048674891,1,190.0
cus_711,pay_2711,ord_2711,730.0,INR,card,failed,expired_card,expired_card,customer,payment_authentication,512,9,7,2,0.7777777777777778,855.7170166591293,14577.978164993643,29,1,2,none,600,2,4,education,regular,0.3358115435995824,NO_ACTION,ALTERNATIVE_PAYMENT_METHOD,0.4469213381493816,1,730.0
cus_712,pay_2712,ord_2712,6170.0,INR,card,failed,upi_error,upi_error,customer,payment_authentication,951,12,8,4,0.6666666666666666,6437.5843368767155,92360.57820265758,33,0,0,active,154,3,4,saas,regular,0.5313752227809313,NO_ACTION,RETRY,0.8725234079305059,1,6170.0
cus_713,pay_2713,ord_2713,2630.0,INR,card,failed,card_declined,card_declined,customer,payment_authentication,379,7,4,3,0.5714285714285714,2590.7515301735,37984.100063723476,176,0,0,past_due,812,9,1,education,regular,0.621641856661219,ALTERNATIVE_PAYMENT_METHOD,REMINDER,0.7966569462854933,0,0.0
cus_714,pay_2714,ord_2714,760.0,INR,netbanking,failed,temporary_bank_failure,temporary_bank_failure,customer,payment_authentication,618,6,4,2,0.6666666666666666,884.0793988845875,4482.446081157253,163,1,0,active,692,1,2,saas,new,0.7428873957141345,NO_ACTION,RETRY,0.653393461471942,1,760.0
cus_715,pay_2715,ord_2715,3770.0,INR,card,failed,temporary_bank_failure,temporary_bank_failure,customer,payment_authentication,680,7,7,0,1.0,2688.9454237692503,27805.84965061182,103,1,0,none,87,14,5,saas,regular,0.8778856468255202,HUMAN_ESCALATION,RETRY,0.7676308245866251,0,0.0
cus_716,pay_2716,ord_2716,1000.0,INR,upi,failed,network_timeout,network_timeout,customer,payment_authentication,1404,8,6,2,0.75,1050.5194035597574,11893.731417493276,116,1,1,none,994,4,2,retail,vip,0.6324570624677779,ALTERNATIVE_PAYMENT_METHOD,RETRY,0.7603679727084444,1,1000.0
cus_717,pay_2717,ord_2717,1430.0,INR,wallet,failed,upi_error,upi_error,customer,payment_authentication,171,5,3,2,0.6,1817.7631007141165,16708.032638034383,98,1,0,active,281,7,4,education,new,0.7260996248092821,RETRY,RETRY,0.6329546299456145,0,0.0
cus_718,pay_2718,ord_2718,580.0,INR,card,failed,temporary_bank_failure,temporary_bank_failure,customer,payment_authentication,951,9,6,3,0.6666666666666666,682.4146357794938,9363.657105857801,133,0,1,none,964,14,0,health,new,0.18533060076173774,NO_ACTION,RETRY,0.42817212964029056,0,0.0
cus_719,pay_2719,ord_2719,1840.0,INR,upi,failed,temporary_bank_failure,temporary_bank_failure,customer,payment_authentication,1449,7,5,2,0.7142857142857143,1592.1760084377354,12457.378369373848,91,0,0,past_due,609,20,5,education,new,0.7254045218440989,RETRY,RETRY,0.828553678635535,1,1840.0
cus_720,pay_2720,ord_2720,5000.0,INR,upi,failed,network_timeout,network_timeout,customer,payment_authentication,1358,10,4,6,0.4,6253.052923988348,106775.87289055409,109,0,1,none,920,3,6,retail,regular,0.8093210134639001,NO_ACTION,RETRY,0.8560791041014539,1,5000.0
cus_721,pay_2721,ord_2721,1120.0,INR,netbanking,failed,temporary_bank_failure,temporary_bank_failure,customer,payment_authentication,825,7,6,1,0.8571428571428571,920.0559690502129,15191.08831923846,132,1,0,none,459,7,2,education,regular,0.9591845204997005,RETRY,RETRY,0.8538123041046803,1,1120.0
cus_722,pay_2722,ord_2722,3450.0,INR,card,failed,temporary_bank_failure,temporary_bank_failure,customer,payment_authentication,582,5,5,0,1.0,3547.157292579476,34312.103753587515,142,1,0,none,770,10,0,health,new,0.842182567504667,HUMAN_ESCALATION,RETRY,0.6615399392852137,1,3450.0
cus_723,pay_2723,ord_2723,1720.0,INR,upi,failed,network_timeout,network_timeout,customer,payment_authentication,216,5,4,1,0.8,1848.9941722784083,14622.77808848831,107,2,1,active,308,2,2,retail,regular,0.6746866829280078,HUMAN_ESCALATION,REMINDER,0.7209993614206874,1,1720.0
cus_724,pay_2724,ord_2724,5320.0,INR,card,failed,network_timeout,network_timeout,customer,payment_authentication,393,6,3,3,0.5,3832.645791723894,45119.71323881779,133,0,1,active,694,4,6,education,new,0.8875030325041351,HUMAN_ESCALATION,RETRY,0.8943459069185521,0,0.0
cus_725,pay_2725,ord_2725,1140.0,INR,upi,failed,network_timeout,network_timeout,customer,payment_authentication,1194,10,6,4,0.6,885.0345150831997,10569.55132200164,26,1,0,past_due,177,11,6,retail,regular,1.0,RETRY,RETRY,0.9059884517172937,1,1140.0
cus_726,pay_2726,ord_2726,8560.0,INR,netbanking,failed,card_declined,card_declined,customer,payment_authentication,41,3,2,1,0.6666666666666666,8787.755149690987,51556.22121937008,9,0,1,active,146,9,3,retail,regular,0.9407279841429926,NO_ACTION,REMINDER,0.7159469470715151,0,0.0
cus_727,pay_2727,ord_2727,3570.0,INR,card,failed,insufficient_funds,insufficient_funds,customer,payment_authentication,1080,5,2,3,0.4,2886.4936496109226,18549.66976607161,18,1,1,active,708,15,4,health,new,0.682113069009935,CUSTOMER_NOTIFICATION,REMINDER,0.5633187560532762,1,3570.0
cus_728,pay_2728,ord_2728,2310.0,INR,card,failed,upi_error,upi_error,customer,payment_authentication,1394,4,3,1,0.75,2197.9399529445022,16943.03201642718,133,1,1,active,32,20,4,health,regular,0.448406404425005,NO_ACTION,RETRY,0.5694212588411977,1,2310.0
cus_729,pay_2729,ord_2729,2390.0,INR,netbanking,failed,insufficient_funds,insufficient_funds,customer,payment_authentication,646,7,6,1,0.8571428571428571,2685.1191658662683,26797.508887511005,54,0,1,none,234,6,1,saas,regular,0.6010849379068997,REMINDER,NO_ACTION,0.5134954552662624,0,0.0
cus_730,pay_2730,ord_2730,1140.0,INR,card,failed,insufficient_funds,insufficient_funds,customer,payment_authentication,1213,13,9,4,0.6923076923076923,1225.7488730557586,23548.687599604833,142,1,1,active,488,4,1,saas,regular,0.6115934555730838,ALTERNATIVE_PAYMENT_METHOD,REMINDER,0.6761962310747958,0,0.0
cus_731,pay_2731,ord_2731,1060.0,INR,card,failed,network_timeout,network_timeout,customer,payment_authentication,1475,6,5,1,0.8333333333333334,1298.019077680144,13169.161460346693,156,2,1,active,684,21,4,saas,regular,0.46394833606136554,RETRY,NO_ACTION,0.32385034575475924,0,0.0
cus_732,pay_2732,ord_2732,2350.0,INR,upi,failed,card_declined,card_declined,customer,payment_authentication,1142,12,9,3,0.75,2943.8524990616634,37714.9243903133,126,0,1,active,578,8,3,health,regular,0.7498614108304887,HUMAN_ESCALATION,REMINDER,0.6865624682104569,1,2350.0
cus_733,pay_2733,ord_2733,550.0,INR,card,failed,network_timeout,network_timeout,customer,payment_authentication,751,5,5,0,1.0,690.7769745716541,4183.005270784524,72,0,1,past_due,916,1,5,saas,regular,0.8165087579453045,HUMAN_ESCALATION,RETRY,0.9187929407714891,1,550.0
cus_734,pay_2734,ord_2734,990.0,INR,card,failed,temporary_bank_failure,temporary_bank_failure,customer,payment_authentication,846,4,3,1,0.75,926.0800271018368,3850.970300632131,19,0,0,active,724,22,2,health,regular,0.9386457397764687,RETRY,RETRY,0.8281302123423232,1,990.0
cus_735,pay_2735,ord_2735,710.0,INR,upi,failed,upi_error,upi_error,customer,payment_authentication,319,7,5,2,0.7142857142857143,548.938969219268,6100.670768853208,157,2,1,active,215,14,6,retail,new,0.7305924625431023,CUSTOMER_NOTIFICATION,REMINDER,0.6776968952192103,0,0.0
cus_736,pay_2736,ord_2736,3200.0,INR,card,failed,card_declined,card_declined,customer,payment_authentication,198,8,7,1,0.875,3520.943272540813,23193.46881528848,60,0,0,none,703,23,5,health,regular,0.7198564727335817,CUSTOMER_NOTIFICATION,REMINDER,0.6800145768264703,0,0.0
cus_737,pay_2737,ord_2737,3250.0,INR,upi,failed,card_declined,card_declined,customer,payment_authentication,1187,7,2,5,0.2857142857142857,4067.065433544708,22991.428487617995,103,0,1,active,721,20,3,education,regular,0.41253798283399645,NO_ACTION,NO_ACTION,0.40953944482532517,0,0.0
cus_738,pay_2738,ord_2738,6420.0,INR,upi,failed,upi_error,upi_error,customer,payment_authentication,779,4,4,0,1.0,7457.204724715149,40280.22703965625,130,0,1,none,850,15,5,education,regular,0.9110287788163262,RETRY,RETRY,0.963394800767587,1,6420.0
cus_739,pay_2739,ord_2739,1290.0,INR,upi,failed,insufficient_funds,insufficient_funds,customer,payment_authentication,1393,6,3,3,0.5,1442.4962316612975,11101.048380648854,167,0,1,none,800,19,4,education,vip,0.7728145342521726,HUMAN_ESCALATION,REMINDER,0.7110853763993049,1,1290.0
cus_740,pay_2740,ord_2740,810.0,INR,card,failed,card_declined,card_declined,customer,payment_authentication,1114,7,7,0,1.0,957.061709071624,12419.663880950298,93,1,0,none,627,3,1,retail,new,0.9507204666876535,CUSTOMER_NOTIFICATION,REMINDER,0.7305621989978185,1,810.0
cus_741,pay_2741,ord_2741,420.0,INR,netbanking,failed,card_declined,card_declined,customer,payment_authentication,394,8,4,4,0.5,397.27334143719787,3232.338447392868,159,1,0,active,633,15,2,saas,regular,0.5701951789489792,REMINDER,NO_ACTION,0.37937439213650215,0,0.0
cus_742,pay_2742,ord_2742,2370.0,INR,card,failed,network_timeout,network_timeout,customer,payment_authentication,1443,11,8,3,0.7272727272727273,2372.5056739848374,25428.016935789587,130,3,0,active,455,3,1,retail,regular,0.41707887286006834,REMINDER,NO_ACTION,0.43551807815387106,0,0.0
cus_743,pay_2743,ord_2743,7310.0,INR,netbanking,failed,network_timeout,network_timeout,customer,payment_authentication,11,10,8,2,0.8,5993.677105496125,134777.30783966003,67,0,1,none,325,1,3,health,new,0.7127456888600741,RETRY,RETRY,0.9231364886831052,1,7310.0
cus_744,pay_2744,ord_2744,1680.0,INR,card,failed,card_declined,card_declined,customer,payment_authentication,144,5,4,1,0.8,1852.9152048535511,7349.511270292149,62,0,0,active,957,19,4,retail,regular,0.5154058946996062,RETRY,REMINDER,0.5701645402721021,1,1680.0
cus_745,pay_2745,ord_2745,1860.0,INR,netbanking,failed,temporary_bank_failure,temporary_bank_failure,customer,payment_authentication,914,5,4,1,0.8,1690.3443481024096,17255.930027125894,99,0,2,none,239,1,0,retail,new,0.8282678478635982,CUSTOMER_NOTIFICATION,RETRY,0.8136596123542672,1,1860.0
cus_746,pay_2746,ord_2746,1800.0,INR,card,failed,temporary_bank_failure,temporary_bank_failure,customer,payment_authentication,906,4,2,2,0.5,1548.8594809541084,15046.465175266261,128,2,2,none,840,0,3,health,new,0.6532798882575708,HUMAN_ESCALATION,REMINDER,0.6247567954625534,1,1800.0
cus_747,pay_2747,ord_2747,2330.0,INR,card,failed,upi_error,upi_error,customer,payment_authentication,1099,6,5,1,0.8333333333333334,1981.4457483720923,24753.410892564923,127,0,1,active,787,11,5,saas,regular,0.9315404319046655,ALTERNATIVE_PAYMENT_METHOD,RETRY,0.8416951609892683,1,2330.0
cus_748,pay_2748,ord_2748,4900.0,INR,upi,failed,upi_error,upi_error,customer,payment_authentication,970,9,7,2,0.7777777777777778,4931.492555952594,52633.17618075353,132,0,0,none,616,8,5,education,new,1.0,NO_ACTION,RETRY,0.9302770775778597,1,4900.0
cus_749,pay_2749,ord_2749,12320.0,INR,card,failed,upi_error,upi_error,customer,payment_authentication,392,6,4,2,0.6666666666666666,12615.489654381445,71981.34355803163,8,1,0,none,325,22,4,education,regular,0.6225072578626525,RETRY,RETRY,0.5484141871007501,0,0.0
cus_750,pay_2750,ord_2750,2980.0,INR,card,failed,temporary_bank_failure,temporary_bank_failure,customer,payment_authentication,223,4,3,1,0.75,3563.3190127465637,29687.155015654884,76,0,1,past_due,711,16,2,education,regular,0.7519927665080177,RETRY,RETRY,0.8153357562168375,1,2980.0
cus_751,pay_2751,ord_2751,3180.0,INR,upi,failed,insufficient_funds,insufficient_funds,customer,payment_authentication,1445,6,5,1,0.8333333333333334,3974.3607385538717,40449.99334183976,28,0,0,active,806,1,4,saas,regular,0.848853932615937,CUSTOMER_NOTIFICATION,REMINDER,0.9011572536980202,0,0.0
cus_752,pay_2752,ord_2752,1420.0,INR,netbanking,failed,network_timeout,network_timeout,customer,payment_authentication,508,6,6,0,1.0,1257.3952154534418,16399.284668151424,6,1,2,active,598,3,1,health,new,0.7591480626392949,HUMAN_ESCALATION,RETRY,0.867294009878795,1,1420.0
cus_753,pay_2753,ord_2753,1620.0,INR,card,failed,network_timeout,network_timeout,customer,payment_authentication,252,7,5,2,0.7142857142857143,1456.533560433305,12223.255661666877,131,1,1,active,840,20,4,health,regular,0.691540133821163,CUSTOMER_NOTIFICATION,RETRY,0.6655454093085574,1,1620.0
cus_754,pay_2754,ord_2754,1600.0,INR,netbanking,failed,temporary_bank_failure,temporary_bank_failure,customer,payment_authentication,104,5,4,1,0.8,1389.943679452917,12097.75672939497,177,2,1,active,510,19,5,education,vip,0.8258053842380357,NO_ACTION,REMINDER,0.7392883233288217,0,0.0
cus_755,pay_2755,ord_2755,1250.0,INR,netbanking,failed,card_declined,card_declined,customer,payment_authentication,1201,5,3,2,0.6,1101.541315008012,12170.742935550272,164,0,2,past_due,870,19,1,education,vip,0.6648931743065348,REMINDER,REMINDER,0.5579903412844234,1,1250.0
cus_756,pay_2756,ord_2756,2050.0,INR,netbanking,failed,temporary_bank_failure,temporary_bank_failure,customer,payment_authentication,1267,6,5,1,0.8333333333333334,2331.03863179483,11937.219924470339,157,0,2,none,403,6,5,education,vip,0.6632108687890566,ALTERNATIVE_PAYMENT_METHOD,RETRY,0.9140375434981355,1,2050.0
cus_757,pay_2757,ord_2757,3380.0,INR,upi,failed,expired_card,expired_card,customer,payment_authentication,1314,12,5,7,0.4166666666666667,3641.8116366421655,85442.48852769894,54,0,0,active,816,22,0,retail,regular,0.7500290763687811,HUMAN_ESCALATION,ALTERNATIVE_PAYMENT_METHOD,0.7029782876499296,1,3380.0
cus_758,pay_2758,ord_2758,1930.0,INR,upi,failed,temporary_bank_failure,temporary_bank_failure,customer,payment_authentication,1279,3,2,1,0.6666666666666666,1441.1321854228809,14990.71728767548,28,0,2,active,68,11,4,health,regular,0.5495826240203199,REMINDER,RETRY,0.6537866057953353,1,1930.0
cus_759,pay_2759,ord_2759,1370.0,INR,upi,failed,temporary_bank_failure,temporary_bank_failure,customer,payment_authentication,257,8,6,2,0.75,1429.6246180322532,11043.287156384942,70,0,0,none,900,3,3,retail,regular,0.8655891828688463,RETRY,RETRY,0.8065686654592041,0,0.0
cus_760,pay_2760,ord_2760,2050.0,INR,upi,failed,temporary_bank_failure,temporary_bank_failure,customer,payment_authentication,22,10,6,4,0.6,2477.7028033054657,21561.72022685297,79,1,1,active,667,21,6,health,regular,0.6287465048917055,HUMAN_ESCALATION,RETRY,0.7336132004832638,1,2050.0
cus_761,pay_2761,ord_2761,690.0,INR,wallet,failed,upi_error,upi_error,customer,payment_authentication,752,10,3,7,0.3,507.9220667157119,8905.341693715294,157,3,1,active,929,2,3,saas,new,0.4764524612136384,HUMAN_ESCALATION,NO_ACTION,0.4030010675428766,0,0.0
cus_762,pay_2762,ord_2762,4040.0,INR,card,failed,network_timeout,network_timeout,customer,payment_authentication,762,8,5,3,0.625,5022.865492680225,46754.94725459988,57,0,0,none,922,2,0,saas,new,0.7588082229319772,REMINDER,RETRY,0.8235493160217412,0,0.0
cus_763,pay_2763,ord_2763,1200.0,INR,card,failed,upi_error,upi_error,customer,payment_authentication,43,7,5,2,0.7142857142857143,1024.8967942118543,12220.381370818377,47,0,0,none,493,9,5,retail,new,0.7698484329797333,RETRY,RETRY,0.8324692535050494,1,1200.0
cus_764,pay_2764,ord_2764,570.0,INR,card,failed,expired_card,expired_card,customer,payment_authentication,1314,7,4,3,0.5714285714285714,511.09451503917666,7271.674252226695,176,0,1,active,657,19,1,saas,regular,0.6813961160349478,RETRY,ALTERNATIVE_PAYMENT_METHOD,0.6010447175754244,0,0.0
cus_765,pay_2765,ord_2765,2870.0,INR,wallet,failed,insufficient_funds,insufficient_funds,customer,payment_authentication,963,5,5,0,1.0,2696.9355386679727,22580.171004816682,166,1,1,none,291,12,4,education,new,0.46485427096116066,HUMAN_ESCALATION,NO_ACTION,0.520014557417576,0,0.0
cus_766,pay_2766,ord_2766,3020.0,INR,upi,failed,insufficient_funds,insufficient_funds,customer,payment_authentication,1022,7,4,3,0.5714285714285714,2371.8177476443752,22699.041679289294,128,0,1,none,976,3,5,education,new,0.6034323689346395,RETRY,NO_ACTION,0.507552529207469,0,0.0
cus_767,pay_2767,ord_2767,770.0,INR,upi,failed,card_declined,card_declined,customer,payment_authentication,820,8,5,3,0.625,584.4929614586586,7202.550237889802,25,1,0,none,189,20,2,saas,new,0.4829970210020984,ALTERNATIVE_PAYMENT_METHOD,NO_ACTION,0.40880492953579295,0,0.0
cus_768,pay_2768,ord_2768,3370.0,INR,netbanking,failed,insufficient_funds,insufficient_funds,customer,payment_authentication,1490,7,5,2,0.7142857142857143,2845.544138664763,33283.57537371381,101,2,0,active,189,12,0,education,regular,0.4464162355990412,RETRY,NO_ACTION,0.4575433422421916,0,0.0
cus_769,pay_2769,ord_2769,3410.0,INR,wallet,failed,network_timeout,network_timeout,customer,payment_authentication,1167,9,5,4,0.5555555555555556,2398.0289049139733,46890.4919656133,45,1,1,none,391,22,3,education,regular,0.6109057771800377,RETRY,RETRY,0.6562558283506527,0,0.0
cus_770,pay_2770,ord_2770,13030.0,INR,card,failed,network_timeout,network_timeout,customer,payment_authentication,867,6,4,2,0.6666666666666666,13633.95428006773,173291.84368967035,27,0,0,none,434,14,2,saas,regular,1.0,NO_ACTION,RETRY,0.912600113417305,1,13030.0
cus_771,pay_2771,ord_2771,1430.0,INR,netbanking,failed,network_timeout,network_timeout,customer,payment_authentication,752,8,5,3,0.625,1116.380206112265,10618.73895493449,6,1,1,none,253,7,3,retail,new,0.5917194990882679,RETRY,RETRY,0.5087211513102028,0,0.0
cus_772,pay_2772,ord_2772,1710.0,INR,netbanking,failed,temporary_bank_failure,temporary_bank_failure,customer,payment_authentication,1252,4,2,2,0.5,1292.7763681905344,14925.211460183868,57,3,1,none,962,3,6,health,regular,0.355904808374483,NO_ACTION,NO_ACTION,0.1916559254613483,0,0.0
cus_773,pay_2773,ord_2773,990.0,INR,card,failed,expired_card,expired_card,customer,payment_authentication,531,12,8,4,0.6666666666666666,1027.5596572807963,14209.942376529363,16,0,2,none,842,19,4,saas,regular,0.6670848794378822,NO_ACTION,ALTERNATIVE_PAYMENT_METHOD,0.8413623294666748,1,990.0
cus_774,pay_2774,ord_2774,2960.0,INR,netbanking,failed,temporary_bank_failure,temporary_bank_failure,customer,payment_authentication,1291,5,4,1,0.8,3124.499826271314,29217.621151840856,16,0,2,past_due,202,2,1,education,new,0.6986231518201278,CUSTOMER_NOTIFICATION,RETRY,0.7275325450045941,1,2960.0
cus_775,pay_2775,ord_2775,1800.0,INR,card,failed,temporary_bank_failure,temporary_bank_failure,customer,payment_authentication,205,5,5,0,1.0,1972.68123835242,11185.935158520992,45,0,1,none,841,20,5,saas,regular,0.8686061763780791,NO_ACTION,RETRY,0.9141423935994507,1,1800.0
cus_776,pay_2776,ord_2776,4860.0,INR,upi,failed,card_declined,card_declined,customer,payment_authentication,54,7,5,2,0.7142857142857143,4871.009151404876,46682.73728086405,85,0,1,active,313,18,2,education,regular,0.794411863152092,HUMAN_ESCALATION,REMINDER,0.7431936532969966,1,4860.0
cus_777,pay_2777,ord_2777,1170.0,INR,upi,failed,expired_card,expired_card,customer,payment_authentication,77,0,0,0,0.0,1439.794744731412,1493.1935924946997,117,0,1,active,442,9,4,saas,regular,0.0960136519923028,ALTERNATIVE_PAYMENT_METHOD,ALTERNATIVE_PAYMENT_METHOD,0.19092221613742616,0,0.0
cus_778,pay_2778,ord_2778,2900.0,INR,card,failed,network_timeout,network_timeout,customer,payment_authentication,550,5,4,1,0.8,2247.256830537371,29162.521428040716,156,1,0,active,982,13,1,health,new,0.6515708051854419,ALTERNATIVE_PAYMENT_METHOD,RETRY,0.7323850193169789,1,2900.0
cus_779,pay_2779,ord_2779,1430.0,INR,card,failed,temporary_bank_failure,temporary_bank_failure,customer,payment_authentication,793,10,7,3,0.7,1675.6370715328442,14410.739265781947,36,0,1,active,808,10,5,health,regular,0.7466043995028557,CUSTOMER_NOTIFICATION,RETRY,0.7425073316435882,0,0.0
cus_780,pay_2780,ord_2780,290.0,INR,card,failed,upi_error,upi_error,customer,payment_authentication,1344,9,5,4,0.5555555555555556,274.54900794926107,3336.502248389744,141,1,0,none,351,0,3,education,regular,0.4601583430126284,HUMAN_ESCALATION,RETRY,0.6477246438378573,1,290.0
cus_781,pay_2781,ord_2781,3390.0,INR,card,failed,upi_error,upi_error,customer,payment_authentication,1378,7,6,1,0.8571428571428571,4210.6299153805685,37618.606212136496,169,0,0,none,640,21,2,retail,regular,0.5573551746805432,NO_ACTION,RETRY,0.75851563797111,1,3390.0
cus_782,pay_2782,ord_2782,310.0,INR,upi,failed,expired_card,expired_card,customer,payment_authentication,47,9,5,4,0.5555555555555556,260.62264480385716,4820.098267458907,138,0,0,active,802,18,6,education,regular,0.47239828249739674,REMINDER,ALTERNATIVE_PAYMENT_METHOD,0.48391425791058473,1,310.0
cus_783,pay_2783,ord_2783,1540.0,INR,card,failed,network_timeout,network_timeout,customer,payment_authentication,1149,11,7,4,0.6363636363636364,1953.723354638689,14763.490846357729,62,0,0,past_due,574,21,5,health,vip,1.0,RETRY,RETRY,0.7552325361106752,1,1540.0
cus_784,pay_2784,ord_2784,1570.0,INR,card,failed,temporary_bank_failure,temporary_bank_failure,customer,payment_authentication,302,7,2,5,0.2857142857142857,1915.8774981032898,10338.690112263308,56,0,1,past_due,246,14,1,education,regular,0.7941143030398631,CUSTOMER_NOTIFICATION,RETRY,0.7827619204387442,1,1570.0
cus_785,pay_2785,ord_2785,1790.0,INR,upi,failed,network_timeout,network_timeout,customer,payment_authentication,590,7,6,1,0.8571428571428571,1438.9848575027406,23399.228744446846,93,0,0,none,810,23,0,education,regular,0.7470870023292916,CUSTOMER_NOTIFICATION,RETRY,0.7847407005411191,1,1790.0
cus_786,pay_2786,ord_2786,1900.0,INR,upi,failed,network_timeout,network_timeout,customer,payment_authentication,1287,7,5,2,0.7142857142857143,1825.8072240797976,17875.10128671659,149,0,0,none,352,1,6,education,regular,0.7037603564875707,NO_ACTION,RETRY,0.6606217247901631,1,1900.0
cus_787,pay_2787,ord_2787,1880.0,INR,upi,failed,network_timeout,network_timeout,customer,payment_authentication,1475,8,5,3,0.625,1590.1894553341965,15486.879588013071,119,0,0,active,805,14,5,saas,new,0.7452173755248034,ALTERNATIVE_PAYMENT_METHOD,RETRY,0.6873796866928125,0,0.0
cus_788,pay_2788,ord_2788,2600.0,INR,wallet,failed,network_timeout,network_timeout,customer,payment_authentication,1190,6,4,2,0.6666666666666666,2041.5895061221881,18967.342671959737,81,0,1,past_due,539,21,1,saas,regular,0.8013757254839309,REMINDER,RETRY,0.8141956872159939,1,2600.0
cus_789,pay_2789,ord_2789,1620.0,INR,card,failed,expired_card,expired_card,customer,payment_authentication,276,6,3,3,0.5,1511.153916832067,16756.880132645594,24,1,0,active,799,11,2,saas,new,0.12961076338064437,REMINDER,ALTERNATIVE_PAYMENT_METHOD,0.1972274189116745,0,0.0
cus_790,pay_2790,ord_2790,24730.0,INR,netbanking,failed,network_timeout,network_timeout,customer,payment_authentication,57,3,1,2,0.3333333333333333,25251.730697653475,191834.11108669554,120,0,1,none,823,11,4,saas,new,0.715898043873287,RETRY,RETRY,0.872737652185071,1,24730.0
cus_791,pay_2791,ord_2791,1280.0,INR,card,failed,card_declined,card_declined,customer,payment_authentication,1496,6,5,1,0.8333333333333334,1204.4129313371327,14797.305632557667,123,2,1,none,545,19,4,education,new,0.545068730217698,REMINDER,NO_ACTION,0.45500816844787,0,0.0
cus_792,pay_2792,ord_2792,530.0,INR,upi,failed,temporary_bank_failure,temporary_bank_failure,customer,payment_authentication,353,8,6,2,0.75,476.4788134115712,8281.549914257235,90,0,1,active,325,8,3,retail,vip,0.7716396766313989,ALTERNATIVE_PAYMENT_METHOD,RETRY,0.8187105365866753,1,530.0
cus_793,pay_2793,ord_2793,440.0,INR,wallet,failed,temporary_bank_failure,temporary_bank_failure,customer,payment_authentication,345,9,6,3,0.6666666666666666,394.5608510657577,6560.325781087157,21,0,0,active,320,1,4,saas,regular,0.8171192073143498,NO_ACTION,RETRY,0.7696958129168562,1,440.0
cus_794,pay_2794,ord_2794,3490.0,INR,netbanking,failed,network_timeout,network_timeout,customer,payment_authentication,783,4,4,0,1.0,2780.199935702363,20635.252101220016,79,0,1,none,34,6,2,education,new,0.894778932524457,HUMAN_ESCALATION,RETRY,0.7891140091279482,1,3490.0
cus_795,pay_2795,ord_2795,370.0,INR,upi,failed,card_declined,card_declined,customer,payment_authentication,253,8,3,5,0.375,308.44962108775195,6496.398924809109,148,0,0,active,403,20,2,education,regular,0.262833774228565,HUMAN_ESCALATION,NO_ACTION,0.2935233083835663,0,0.0
cus_796,pay_2796,ord_2796,540.0,INR,upi,failed,expired_card,expired_card,customer,payment_authentication,999,6,4,2,0.6666666666666666,549.5318393601748,3045.3792926615965,171,2,1,active,207,7,3,saas,regular,0.09509105110084762,RETRY,ALTERNATIVE_PAYMENT_METHOD,0.24163294800618026,0,0.0
cus_797,pay_2797,ord_2797,470.0,INR,card,failed,upi_error,upi_error,customer,payment_authentication,1287,10,6,4,0.6,373.8564003097768,9053.738900820434,87,2,1,past_due,681,5,1,health,regular,0.2866309636178397,CUSTOMER_NOTIFICATION,NO_ACTION,0.30927965088239756,0,0.0
cus_798,pay_2798,ord_2798,2860.0,INR,upi,failed,card_declined,card_declined,customer,payment_authentication,519,6,3,3,0.5,3425.398144652316,20735.762226746283,152,1,1,none,661,10,5,retail,new,0.48709368107649065,RETRY,NO_ACTION,0.5026442362527663,0,0.0
cus_799,pay_2799,ord_2799,6840.0,INR,netbanking,failed,insufficient_funds,insufficient_funds,customer,payment_authentication,703,9,8,1,0.8888888888888888,7809.225407663633,101930.76402482124,16,0,1,none,910,11,5,retail,vip,0.7729682540497991,CUSTOMER_NOTIFICATION,REMINDER,0.7234568223274783,1,6840.0
cus_800,pay_2800,ord_2800,700.0,INR,wallet,failed,insufficient_funds,insufficient_funds,customer,payment_authentication,1349,10,8,2,0.8,905.318624283147,15223.687688542524,12,1,0,active,164,22,3,health,regular,0.24947706913111684,ALTERNATIVE_PAYMENT_METHOD,NO_ACTION,0.3066677423523037,0,0.0
cus_801,pay_2801,ord_2801,2760.0,INR,upi,failed,card_declined,card_declined,customer,payment_authentication,1337,9,6,3,0.6666666666666666,2456.5230031108686,49541.42480236503,127,2,1,active,722,16,2,health,regular,0.2841672704008245,ALTERNATIVE_PAYMENT_METHOD,NO_ACTION,0.34646233932942844,0,0.0
cus_802,pay_2802,ord_2802,130.0,INR,card,failed,network_timeout,network_timeout,customer,payment_authentication,141,7,4,3,0.5714285714285714,105.2268050264909,1877.3901159005147,174,0,0,active,231,18,3,retail,regular,0.7248190115734922,ALTERNATIVE_PAYMENT_METHOD,RETRY,0.7633745108206623,1,130.0
cus_803,pay_2803,ord_2803,860.0,INR,upi,failed,expired_card,expired_card,customer,payment_authentication,1122,6,4,2,0.6666666666666666,640.9666616042167,10655.329635680378,13,1,0,active,791,0,2,health,vip,0.7190867558227884,HUMAN_ESCALATION,ALTERNATIVE_PAYMENT_METHOD,0.6818967577260278,0,0.0
cus_804,pay_2804,ord_2804,3300.0,INR,card,failed,expired_card,expired_card,customer,payment_authentication,30,9,8,1,0.8888888888888888,3002.913847057942,42567.75149870293,26,1,1,active,808,20,1,education,new,0.5053648604674782,RETRY,ALTERNATIVE_PAYMENT_METHOD,0.4153689098648099,1,3300.0
cus_805,pay_2805,ord_2805,1320.0,INR,card,failed,network_timeout,network_timeout,customer,payment_authentication,235,11,7,4,0.6363636363636364,1653.388101790123,19181.731560669064,175,1,1,past_due,291,9,4,retail,regular,1.0,HUMAN_ESCALATION,RETRY,0.8984671896775991,1,1320.0
cus_806,pay_2806,ord_2806,4890.0,INR,card,failed,card_declined,card_declined,customer,payment_authentication,941,5,4,1,0.8,5157.568407198255,40316.51580059743,172,0,1,active,971,2,1,retail,regular,0.7293771832434718,REMINDER,NO_ACTION,0.5364871618107437,0,0.0
cus_807,pay_2807,ord_2807,190.0,INR,upi,failed,network_timeout,network_timeout,customer,payment_authentication,183,8,6,2,0.75,242.2736642515016,1830.8056283534672,81,0,1,active,438,7,4,retail,regular,0.46270712015528875,ALTERNATIVE_PAYMENT_METHOD,RETRY,0.47606958504043195,0,0.0
cus_808,pay_2808,ord_2808,870.0,INR,card,failed,temporary_bank_failure,temporary_bank_failure,customer,payment_authentication,276,6,1,5,0.16666666666666666,1086.1160781014778,8048.468197351554,7,0,1,none,634,15,4,saas,vip,0.744018279071291,HUMAN_ESCALATION,RETRY,0.815900180844785,1,870.0
cus_809,pay_2809,ord_2809,2840.0,INR,card,failed,network_timeout,network_timeout,customer,payment_authentication,670,5,5,0,1.0,2635.0797557290293,14736.786944625215,68,1,1,none,746,1,0,retail,regular,0.5832069645931055,RETRY,RETRY,0.6455503159172328,1,2840.0
cus_810,pay_2810,ord_2810,2810.0,INR,card,failed,expired_card,expired_card,customer,payment_authentication,624,11,10,1,0.9090909090909091,2705.3353745327704,62729.133990307404,121,1,1,past_due,605,18,1,education,regular,0.6982177775182541,RETRY,ALTERNATIVE_PAYMENT_METHOD,0.8294823793318367,0,0.0
cus_811,pay_2811,ord_2811,3030.0,INR,netbanking,failed,temporary_bank_failure,temporary_bank_failure,customer,payment_authentication,842,3,2,1,0.6666666666666666,2665.2290631265364,20075.227651428693,56,0,0,active,870,4,3,retail,regular,0.7059163847611997,RETRY,RETRY,0.6934876211759021,1,3030.0
cus_812,pay_2812,ord_2812,2220.0,INR,upi,failed,card_declined,card_declined,customer,payment_authentication,1380,7,4,3,0.5714285714285714,2542.2238525914827,13864.162665467127,59,0,0,active,67,20,0,education,regular,0.4140658074640751,REMINDER,NO_ACTION,0.5131061129911528,0,0.0
cus_813,pay_2813,ord_2813,580.0,INR,card,failed,card_declined,card_declined,customer,payment_authentication,635,3,3,0,1.0,604.147878834406,3614.4061462048126,80,0,0,none,512,3,5,saas,new,0.3461454386412189,HUMAN_ESCALATION,NO_ACTION,0.4568400268433931,0,0.0
cus_814,pay_2814,ord_2814,830.0,INR,card,failed,expired_card,expired_card,customer,payment_authentication,460,9,8,1,0.8888888888888888,612.5841740281287,13996.350403401217,81,1,0,none,790,21,3,saas,regular,0.6519381847065051,RETRY,ALTERNATIVE_PAYMENT_METHOD,0.7560370119573587,1,830.0
cus_815,pay_2815,ord_2815,18330.0,INR,upi,failed,network_timeout,network_timeout,customer,payment_authentication,318,7,5,2,0.7142857142857143,22934.59843627966,266898.8031057215,140,0,1,active,18,18,2,saas,regular,1.0,HUMAN_ESCALATION,RETRY,0.9254483093201352,1,18330.0
cus_816,pay_2816,ord_2816,510.0,INR,card,failed,insufficient_funds,insufficient_funds,customer,payment_authentication,1315,9,6,3,0.6666666666666666,597.3590886703316,5752.09910814904,89,1,1,past_due,475,4,2,education,new,0.3448182452187227,CUSTOMER_NOTIFICATION,NO_ACTION,0.3530762028464898,0,0.0
cus_817,pay_2817,ord_2817,440.0,INR,upi,failed,temporary_bank_failure,temporary_bank_failure,customer,payment_authentication,327,3,3,0,1.0,554.3023322715397,2675.121590314766,93,1,1,none,885,9,2,health,regular,0.5879717438648533,ALTERNATIVE_PAYMENT_METHOD,RETRY,0.7242434727872233,1,440.0
cus_818,pay_2818,ord_2818,3570.0,INR,upi,failed,insufficient_funds,insufficient_funds,customer,payment_authentication,7,6,3,3,0.5,3033.340581432518,26462.221745909043,73,0,0,none,328,2,4,retail,regular,0.7511126531717539,HUMAN_ESCALATION,REMINDER,0.6629942560694028,1,3570.0
cus_819,pay_2819,ord_2819,630.0,INR,wallet,failed,insufficient_funds,insufficient_funds,customer,payment_authentication,765,6,3,3,0.5,725.631042464457,7953.632937489196,115,0,1,none,97,1,4,health,new,0.5540310747704017,RETRY,NO_ACTION,0.4349093744145013,0,0.0
cus_820,pay_2820,ord_2820,10850.0,INR,card,failed,card_declined,card_declined,customer,payment_authentication,1097,8,6,2,0.75,11721.402758300575,179452.17642970683,125,0,1,active,384,8,0,health,regular,0.8177913142179211,RETRY,REMINDER,0.8637659595678097,0,0.0
cus_821,pay_2821,ord_2821,27850.0,INR,upi,failed,network_timeout,network_timeout,customer,payment_authentication,22,7,7,0,1.0,21553.36258820234,178132.79876926646,10,1,0,active,529,5,1,retail,regular,0.7598668220146283,HUMAN_ESCALATION,RETRY,0.8382222063048784,1,27850.0
cus_822,pay_2822,ord_2822,1420.0,INR,card,failed,network_timeout,network_timeout,customer,payment_authentication,955,7,5,2,0.7142857142857143,1215.1541491220687,12161.939823080163,7,0,0,active,89,18,5,retail,new,0.6232379919907595,RETRY,RETRY,0.7104736977761639,1,1420.0
cus_823,pay_2823,ord_2823,2460.0,INR,wallet,failed,temporary_bank_failure,temporary_bank_failure,customer,payment_authentication,658,5,4,1,0.8,2005.0413033950272,12304.733371488453,153,1,1,active,479,17,6,saas,new,0.5057913713084062,ALTERNATIVE_PAYMENT_METHOD,RETRY,0.4792665920344367,0,0.0
cus_824,pay_2824,ord_2824,290.0,INR,wallet,failed,insufficient_funds,insufficient_funds,customer,payment_authentication,1165,6,5,1,0.8333333333333334,229.68795104081357,2473.329973786901,8,1,0,active,659,7,5,retail,regular,0.3829285467094711,HUMAN_ESCALATION,NO_ACTION,0.2917721247166769,0,0.0
cus_825,pay_2825,ord_2825,5070.0,INR,upi,failed,temporary_bank_failure,temporary_bank_failure,customer,payment_authentication,50,4,2,2,0.5,5524.433032117599,17914.68937813282,95,1,1,none,962,5,1,health,regular,0.7363068138829105,HUMAN_ESCALATION,RETRY,0.7194522230649413,0,0.0
cus_826,pay_2826,ord_2826,190.0,INR,upi,failed,card_declined,card_declined,customer,payment_authentication,1345,6,6,0,1.0,231.73028382257593,2284.500809628046,150,1,2,none,667,21,5,health,regular,0.4513467621327715,HUMAN_ESCALATION,REMINDER,0.5859140946856428,1,190.0
cus_827,pay_2827,ord_2827,470.0,INR,card,failed,temporary_bank_failure,temporary_bank_failure,customer,payment_authentication,1309,9,9,0,1.0,607.5792896996192,5926.170464285183,94,0,0,active,124,10,4,education,regular,0.9952188893162446,HUMAN_ESCALATION,RETRY,0.8888024592670747,1,470.0
cus_828,pay_2828,ord_2828,2040.0,INR,netbanking,failed,expired_card,expired_card,customer,payment_authentication,1030,6,6,0,1.0,1691.1943970944017,19914.59439474483,15,0,0,none,934,15,1,retail,regular,0.6359659019226142,ALTERNATIVE_PAYMENT_METHOD,ALTERNATIVE_PAYMENT_METHOD,0.6413961877153287,1,2040.0
cus_829,pay_2829,ord_2829,3130.0,INR,upi,failed,network_timeout,network_timeout,customer,payment_authentication,930,8,8,0,1.0,3457.200617110447,46914.41274910305,45,1,1,none,664,15,4,retail,regular,0.5809058839020507,NO_ACTION,RETRY,0.6010033166435382,1,3130.0
cus_830,pay_2830,ord_2830,410.0,INR,card,failed,card_declined,card_declined,customer,payment_authentication,1056,4,4,0,1.0,306.26403252845677,3333.343107719247,28,1,0,active,841,16,5,education,regular,0.523447294106199,REMINDER,NO_ACTION,0.48034464324064424,0,0.0
cus_831,pay_2831,ord_2831,1050.0,INR,upi,failed,insufficient_funds,insufficient_funds,customer,payment_authentication,241,5,4,1,0.8,885.5922702568998,6987.083583251193,13,0,1,active,311,23,4,health,new,0.9623257731582777,RETRY,REMINDER,0.8579856651094917,1,1050.0
cus_832,pay_2832,ord_2832,340.0,INR,upi,failed,insufficient_funds,insufficient_funds,customer,payment_authentication,1345,8,5,3,0.625,410.86498722719335,5255.848558517166,63,0,0,active,31,16,6,health,new,0.2732152924619738,NO_ACTION,NO_ACTION,0.3870800603047997,0,0.0
cus_833,pay_2833,ord_2833,1320.0,INR,netbanking,failed,card_declined,card_declined,customer,payment_authentication,1153,6,6,0,1.0,1669.6834705499737,14164.779588234785,60,1,0,none,434,1,5,health,regular,0.475470531173523,CUSTOMER_NOTIFICATION,REMINDER,0.6096252983912328,1,1320.0
cus_834,pay_2834,ord_2834,810.0,INR,upi,failed,expired_card,expired_card,customer,payment_authentication,1133,3,3,0,1.0,1038.7400453079256,3186.9370907022094,117,1,1,past_due,357,9,4,retail,regular,0.20418779257548,CUSTOMER_NOTIFICATION,ALTERNATIVE_PAYMENT_METHOD,0.20898317928170865,0,0.0
cus_835,pay_2835,ord_2835,960.0,INR,upi,failed,temporary_bank_failure,temporary_bank_failure,customer,payment_authentication,739,5,2,3,0.4,939.5337417592168,4251.038933137082,147,1,1,none,416,5,3,saas,new,0.45661704169021017,HUMAN_ESCALATION,RETRY,0.4602337960462618,1,960.0
cus_836,pay_2836,ord_2836,3470.0,INR,upi,failed,network_timeout,network_timeout,customer,payment_authentication,212,12,8,4,0.6666666666666666,3960.9592965492807,75920.67997206014,103,2,0,none,940,5,4,education,regular,0.6823305244915012,HUMAN_ESCALATION,REMINDER,0.5920971052850151,1,3470.0
cus_837,pay_2837,ord_2837,2400.0,INR,card,failed,expired_card,expired_card,customer,payment_authentication,766,7,4,3,0.5714285714285714,2211.544999796148,17574.56003849598,98,0,0,none,348,5,6,retail,vip,0.7489538282871071,REMINDER,ALTERNATIVE_PAYMENT_METHOD,0.6221692330619493,0,0.0
cus_838,pay_2838,ord_2838,3170.0,INR,card,failed,expired_card,expired_card,customer,payment_authentication,817,8,6,2,0.75,3552.3059286100365,24147.76490785601,144,2,0,past_due,267,20,2,saas,new,0.34114965434578587,RETRY,ALTERNATIVE_PAYMENT_METHOD,0.39145334714925745,0,0.0
cus_839,pay_2839,ord_2839,1590.0,INR,card,failed,temporary_bank_failure,temporary_bank_failure,customer,payment_authentication,384,7,7,0,1.0,1258.1902916405616,15855.908448373304,47,1,0,none,880,21,4,saas,regular,0.6076104304351196,HUMAN_ESCALATION,RETRY,0.5747766762499352,1,1590.0
cus_840,pay_2840,ord_2840,3700.0,INR,netbanking,failed,insufficient_funds,insufficient_funds,customer,payment_authentication,1386,5,5,0,1.0,2861.0995866783164,42140.779702075786,85,0,0,active,895,4,2,health,regular,0.7020664937137958,HUMAN_ESCALATION,REMINDER,0.6561230346990429,1,3700.0
cus_841,pay_2841,ord_2841,1750.0,INR,upi,failed,insufficient_funds,insufficient_funds,customer,payment_authentication,591,11,7,4,0.6363636363636364,2258.0018160053446,34305.63891412721,106,2,0,active,721,13,6,saas,regular,0.438756272057479,REMINDER,NO_ACTION,0.3830768046065856,0,0.0
cus_842,pay_2842,ord_2842,1110.0,INR,upi,failed,insufficient_funds,insufficient_funds,customer,payment_authentication,1431,5,2,3,0.4,984.4769832283196,11571.617587403369,145,0,1,active,124,10,6,retail,new,0.17150403021002417,ALTERNATIVE_PAYMENT_METHOD,NO_ACTION,0.333621797357958,0,0.0
cus_843,pay_2843,ord_2843,3200.0,INR,card,failed,expired_card,expired_card,customer,payment_authentication,1317,11,8,3,0.7272727272727273,3962.563511711812,40353.03449687816,63,0,1,active,898,18,0,retail,vip,0.5791013341671075,CUSTOMER_NOTIFICATION,ALTERNATIVE_PAYMENT_METHOD,0.5269324404706318,1,3200.0
cus_844,pay_2844,ord_2844,1180.0,INR,card,failed,expired_card,expired_card,customer,payment_authentication,113,5,4,1,0.8,842.0928292609733,12641.817950117782,90,3,1,none,40,20,1,retail,regular,0.40779001262458764,RETRY,ALTERNATIVE_PAYMENT_METHOD,0.49093443203063597,1,1180.0
cus_845,pay_2845,ord_2845,1300.0,INR,upi,failed,network_timeout,network_timeout,customer,payment_authentication,221,4,3,1,0.75,1558.5485401690655,8059.965286955385,40,0,1,none,809,11,5,saas,regular,0.7504774892969699,HUMAN_ESCALATION,RETRY,0.6932856165152271,0,0.0
cus_846,pay_2846,ord_2846,5260.0,INR,card,failed,upi_error,upi_error,customer,payment_authentication,589,10,10,0,1.0,6638.181707720369,114170.35748875904,56,1,1,none,740,10,4,retail,regular,0.7565005402102679,REMINDER,RETRY,0.8721746752580121,1,5260.0
cus_847,pay_2847,ord_2847,4790.0,INR,card,failed,temporary_bank_failure,temporary_bank_failure,customer,payment_authentication,935,2,2,0,1.0,3397.6964119357617,20702.57807657841,133,0,2,active,416,11,4,health,regular,0.8432465846780643,NO_ACTION,RETRY,0.8373870345397638,1,4790.0
cus_848,pay_2848,ord_2848,1340.0,INR,netbanking,failed,temporary_bank_failure,temporary_bank_failure,customer,payment_authentication,171,3,0,3,0.0,1250.9665601713837,7976.239242013799,152,0,1,none,196,11,1,saas,regular,0.29986210926688317,RETRY,RETRY,0.33082581217083257,1,1340.0
cus_849,pay_2849,ord_2849,4330.0,INR,card,failed,network_timeout,network_timeout,customer,payment_authentication,326,4,4,0,1.0,5130.888183815201,40911.40952674504,30,1,1,active,61,23,6,retail,regular,0.9878278366765569,NO_ACTION,RETRY,0.7748622952322083,0,0.0
cus_850,pay_2850,ord_2850,500.0,INR,card,failed,upi_error,upi_error,customer,payment_authentication,1284,7,6,1,0.8571428571428571,351.3437077735562,7731.690011104999,178,1,0,none,36,3,5,health,regular,0.6688935835291367,ALTERNATIVE_PAYMENT_METHOD,RETRY,0.7585795494443193,1,500.0
cus_851,pay_2851,ord_2851,1350.0,INR,upi,failed,network_timeout,network_timeout,customer,payment_authentication,667,6,4,2,0.6666666666666666,1191.940588937179,6831.7849586106,105,1,1,none,298,3,2,health,regular,0.7584220643239024,NO_ACTION,RETRY,0.8556205664743055,1,1350.0
cus_852,pay_2852,ord_2852,850.0,INR,netbanking,failed,temporary_bank_failure,temporary_bank_failure,customer,payment_authentication,834,5,4,1,0.8,726.6951182437186,5111.194506475788,178,0,1,none,475,9,6,health,regular,0.8198556823863763,HUMAN_ESCALATION,RETRY,0.6734571982183595,1,850.0
cus_853,pay_2853,ord_2853,1800.0,INR,card,failed,insufficient_funds,insufficient_funds,customer,payment_authentication,799,4,1,3,0.25,1404.4196285652604,13486.666917318535,132,1,0,active,345,9,4,education,regular,0.412307581467816,HUMAN_ESCALATION,NO_ACTION,0.32756267023604596,0,0.0
cus_854,pay_2854,ord_2854,3770.0,INR,netbanking,failed,temporary_bank_failure,temporary_bank_failure,customer,payment_authentication,1453,8,8,0,1.0,2837.990449556461,23910.42791378964,23,0,0,none,606,11,6,saas,vip,0.9382374834298612,REMINDER,RETRY,0.9144839127962783,1,3770.0
cus_855,pay_2855,ord_2855,3150.0,INR,wallet,failed,network_timeout,network_timeout,customer,payment_authentication,183,3,1,2,0.3333333333333333,2675.5565253403033,14021.145777705813,11,1,0,past_due,101,23,3,education,regular,0.6958496317717878,CUSTOMER_NOTIFICATION,RETRY,0.7478245036075135,1,3150.0
cus_856,pay_2856,ord_2856,2750.0,INR,upi,failed,card_declined,card_declined,customer,payment_authentication,782,12,10,2,0.8333333333333334,2254.9105265096728,34148.689359488024,164,1,1,none,703,14,2,health,new,0.36795830644634464,REMINDER,NO_ACTION,0.48723576587719114,0,0.0
cus_857,pay_2857,ord_2857,2070.0,INR,upi,failed,expired_card,expired_card,customer,payment_authentication,118,4,4,0,1.0,2659.2088454796735,14288.384370571837,125,1,2,active,154,6,5,education,vip,0.5439689799562233,HUMAN_ESCALATION,ALTERNATIVE_PAYMENT_METHOD,0.5913651061539988,0,0.0
cus_858,pay_2858,ord_2858,1540.0,INR,upi,failed,expired_card,expired_card,customer,payment_authentication,70,9,6,3,0.6666666666666666,1098.4225333042834,22738.20843796133,155,0,0,active,442,6,0,education,regular,0.7093739573081453,ALTERNATIVE_PAYMENT_METHOD,ALTERNATIVE_PAYMENT_METHOD,0.7673357165871281,1,1540.0
cus_859,pay_2859,ord_2859,6010.0,INR,upi,failed,insufficient_funds,insufficient_funds,customer,payment_authentication,726,5,2,3,0.4,4674.034428155235,34102.61955631655,2,0,0,none,22,2,4,saas,regular,0.5415451675429468,HUMAN_ESCALATION,REMINDER,0.6160776856946446,1,6010.0
cus_860,pay_2860,ord_2860,390.0,INR,upi,failed,card_declined,card_declined,customer,payment_authentication,1355,8,6,2,0.75,461.8718525207262,4904.5326211321635,28,3,0,active,929,0,6,education,regular,0.3837133563181437,REMINDER,NO_ACTION,0.43939158113376003,0,0.0
cus_861,pay_2861,ord_2861,930.0,INR,upi,failed,temporary_bank_failure,temporary_bank_failure,customer,payment_authentication,614,12,10,2,0.8333333333333334,1076.4707779942232,14698.33890645156,146,1,1,none,438,7,6,saas,regular,0.7962298828923882,HUMAN_ESCALATION,RETRY,0.8565670372166113,0,0.0
cus_862,pay_2862,ord_2862,2730.0,INR,card,failed,card_declined,card_declined,customer,payment_authentication,1075,8,6,2,0.75,2677.998202875104,48851.312200942695,152,0,0,past_due,373,16,2,retail,regular,0.8401419185133708,ALTERNATIVE_PAYMENT_METHOD,REMINDER,0.7481081250242377,0,0.0
cus_863,pay_2863,ord_2863,8330.0,INR,card,failed,network_timeout,network_timeout,customer,payment_authentication,1381,9,8,1,0.8888888888888888,7756.610233937723,65359.97825898914,50,0,1,active,169,20,3,retail,regular,0.7242170022603013,REMINDER,RETRY,0.8678126527987121,1,8330.0
cus_864,pay_2864,ord_2864,1280.0,INR,upi,failed,card_declined,card_declined,customer,payment_authentication,10,8,5,3,0.625,1161.995713766226,20654.101647356038,177,1,0,active,232,16,1,saas,vip,0.4208897901312997,NO_ACTION,NO_ACTION,0.38577700465442916,0,0.0
cus_865,pay_2865,ord_2865,1390.0,INR,card,failed,insufficient_funds,insufficient_funds,customer,payment_authentication,1047,8,4,4,0.5,1784.8840827648887,25011.55914970261,27,2,0,none,271,23,4,education,regular,0.3408138168620763,HUMAN_ESCALATION,NO_ACTION,0.3181685101667381,0,0.0
cus_866,pay_2866,ord_2866,500.0,INR,upi,failed,network_timeout,network_timeout,customer,payment_authentication,1347,6,4,2,0.6666666666666666,610.1032893582186,4914.242322666355,55,2,0,active,95,5,4,saas,new,0.5053543988148603,REMINDER,NO_ACTION,0.5160734075582007,0,0.0
cus_867,pay_2867,ord_2867,1050.0,INR,upi,failed,card_declined,card_declined,customer,payment_authentication,1345,4,3,1,0.75,899.9095873136242,8319.90777595338,23,1,0,none,480,14,5,health,regular,0.749604613187091,REMINDER,REMINDER,0.6870007798835677,1,1050.0
cus_868,pay_2868,ord_2868,3670.0,INR,wallet,failed,temporary_bank_failure,temporary_bank_failure,customer,payment_authentication,1104,9,6,3,0.6666666666666666,3584.4159686801745,31794.364049214957,102,1,2,active,146,18,5,health,regular,0.7743713305060895,HUMAN_ESCALATION,RETRY,0.7355309771715959,1,3670.0
cus_869,pay_2869,ord_2869,8770.0,INR,card,failed,temporary_bank_failure,temporary_bank_failure,customer,payment_authentication,1392,7,5,2,0.7142857142857143,10064.201377849704,81109.78393971582,78,1,0,none,164,23,3,saas,regular,0.7860190847104043,RETRY,RETRY,0.7799981479018401,1,8770.0
cus_870,pay_2870,ord_2870,1350.0,INR,upi,failed,card_declined,card_declined,customer,payment_authentication,903,8,8,0,1.0,1613.1017301653333,11371.6293632889,108,0,1,active,90,6,2,retail,new,0.6577768257387752,RETRY,REMINDER,0.5514793748740072,0,0.0
cus_871,pay_2871,ord_2871,810.0,INR,upi,failed,insufficient_funds,insufficient_funds,customer,payment_authentication,29,4,3,1,0.75,626.2836208103913,5906.184009665178,51,0,2,active,65,4,2,saas,regular,0.5109468262999467,HUMAN_ESCALATION,REMINDER,0.7605592921397238,0,0.0
cus_872,pay_2872,ord_2872,1940.0,INR,card,failed,temporary_bank_failure,temporary_bank_failure,customer,payment_authentication,1473,9,6,3,0.6666666666666666,2470.5665523459793,37339.491066094306,94,2,1,active,829,23,2,saas,regular,0.7195070927137616,RETRY,NO_ACTION,0.5043998264703927,0,0.0
cus_873,pay_2873,ord_2873,360.0,INR,card,failed,temporary_bank_failure,temporary_bank_failure,customer,payment_authentication,1319,1,0,1,0.0,428.98151271105195,531.6996207811644,84,0,2,active,765,15,3,health,new,0.5126969905509163,CUSTOMER_NOTIFICATION,RETRY,0.39931446500256385,1,360.0
cus_874,pay_2874,ord_2874,6220.0,INR,card,failed,temporary_bank_failure,temporary_bank_failure,customer,payment_authentication,286,8,6,2,0.75,6233.2455589708625,75168.82397855849,51,1,0,past_due,676,18,1,retail,regular,1.0,NO_ACTION,RETRY,0.8845300440466525,1,6220.0
cus_875,pay_2875,ord_2875,530.0,INR,card,failed,expired_card,expired_card,customer,payment_authentication,1437,11,7,4,0.6363636363636364,530.1959852530647,10434.37120207518,152,2,1,active,885,14,5,retail,new,0.4162493678943173,ALTERNATIVE_PAYMENT_METHOD,ALTERNATIVE_PAYMENT_METHOD,0.5073577665680087,0,0.0
cus_876,pay_2876,ord_2876,2470.0,INR,card,failed,card_declined,card_declined,customer,payment_authentication,977,9,6,3,0.6666666666666666,2480.5124428339113,31117.213530057794,154,0,1,active,453,3,4,health,regular,0.4968638477399347,NO_ACTION,NO_ACTION,0.493034238097744,0,0.0
cus_877,pay_2877,ord_2877,2440.0,INR,upi,failed,temporary_bank_failure,temporary_bank_failure,customer,payment_authentication,679,8,4,4,0.5,2902.310286284277,30755.652470912977,18,2,1,none,337,3,6,retail,regular,0.41291231488385743,ALTERNATIVE_PAYMENT_METHOD,NO_ACTION,0.3849043136740996,0,0.0
cus_878,pay_2878,ord_2878,3390.0,INR,upi,failed,card_declined,card_declined,customer,payment_authentication,1228,7,2,5,0.2857142857142857,3484.476868657148,34954.05006991399,53,1,1,none,429,7,0,saas,regular,0.31901514716334944,HUMAN_ESCALATION,NO_ACTION,0.35915127934169544,0,0.0
cus_879,pay_2879,ord_2879,2330.0,INR,card,failed,insufficient_funds,insufficient_funds,customer,payment_authentication,954,9,9,0,1.0,2766.9433411344407,34407.97426913637,46,1,1,past_due,462,14,1,saas,regular,0.5765879392846158,REMINDER,REMINDER,0.5615321554986311,1,2330.0
cus_880,pay_2880,ord_2880,1810.0,INR,card,failed,insufficient_funds,insufficient_funds,customer,payment_authentication,1183,8,6,2,0.75,2204.8011986159004,12855.27170652308,49,0,0,active,106,22,0,health,vip,0.4114870371752081,ALTERNATIVE_PAYMENT_METHOD,NO_ACTION,0.3880167900911759,0,0.0
cus_881,pay_2881,ord_2881,2780.0,INR,card,failed,temporary_bank_failure,temporary_bank_failure,customer,payment_authentication,519,6,4,2,0.6666666666666666,3117.732758529197,27454.813767308886,20,0,1,none,288,12,1,saas,vip,0.5700817043928681,CUSTOMER_NOTIFICATION,RETRY,0.6927603162610386,1,2780.0
cus_882,pay_2882,ord_2882,4170.0,INR,upi,failed,network_timeout,network_timeout,customer,payment_authentication,585,4,2,2,0.5,3036.282896138949,28466.802907083897,69,1,1,active,469,12,0,retail,regular,0.31250967340046193,ALTERNATIVE_PAYMENT_METHOD,RETRY,0.24099300209489358,0,0.0
cus_883,pay_2883,ord_2883,10900.0,INR,card,failed,upi_error,upi_error,customer,payment_authentication,148,7,7,0,1.0,10558.907342399014,81655.0856840964,114,0,0,none,461,18,1,saas,regular,0.9929762480718698,RETRY,RETRY,0.9297088404406758,1,10900.0
cus_884,pay_2884,ord_2884,600.0,INR,upi,failed,expired_card,expired_card,customer,payment_authentication,1333,11,8,3,0.7272727272727273,512.0315536145843,10045.266214355535,67,0,0,none,389,16,3,education,new,0.6548353301780314,ALTERNATIVE_PAYMENT_METHOD,ALTERNATIVE_PAYMENT_METHOD,0.7251082492725315,1,600.0
cus_885,pay_2885,ord_2885,290.0,INR,card,failed,temporary_bank_failure,temporary_bank_failure,customer,payment_authentication,394,6,3,3,0.5,210.56496540042033,2643.2509100453403,112,1,0,active,88,19,1,education,regular,0.6323521030371397,HUMAN_ESCALATION,RETRY,0.7647710550566341,1,290.0
cus_886,pay_2886,ord_2886,380.0,INR,card,failed,insufficient_funds,insufficient_funds,customer,payment_authentication,207,7,6,1,0.8571428571428571,413.87915676557316,4472.234382966774,12,1,1,none,283,7,4,retail,regular,0.5851831927853062,ALTERNATIVE_PAYMENT_METHOD,REMINDER,0.5747513886183823,1,380.0
cus_887,pay_2887,ord_2887,290.0,INR,wallet,failed,temporary_bank_failure,temporary_bank_failure,customer,payment_authentication,121,10,8,2,0.8,292.2329604833559,4571.183760665699,152,1,0,none,459,5,0,saas,regular,0.5375090399812636,ALTERNATIVE_PAYMENT_METHOD,RETRY,0.6219360634182604,1,290.0
cus_888,pay_2888,ord_2888,540.0,INR,card,failed,network_timeout,network_timeout,customer,payment_authentication,579,5,4,1,0.8,397.79960352916015,3972.126466939396,93,1,0,past_due,216,16,4,saas,vip,0.8343947016824419,REMINDER,RETRY,0.8075089623616906,1,540.0
cus_889,pay_2889,ord_2889,480.0,INR,card,failed,temporary_bank_failure,temporary_bank_failure,customer,payment_authentication,730,2,2,0,1.0,515.0782505376949,2470.284029914394,131,0,2,active,461,2,5,health,new,0.6453851592569896,CUSTOMER_NOTIFICATION,RETRY,0.7247231109822739,1,480.0
cus_890,pay_2890,ord_2890,1190.0,INR,card,failed,upi_error,upi_error,customer,payment_authentication,1251,6,4,2,0.6666666666666666,968.6991137349643,9701.89069096783,88,0,0,active,320,18,5,health,regular,0.7154818023722859,ALTERNATIVE_PAYMENT_METHOD,RETRY,0.5657260093302714,1,1190.0
cus_891,pay_2891,ord_2891,4250.0,INR,wallet,failed,card_declined,card_declined,customer,payment_authentication,980,9,8,1,0.8888888888888888,5365.002605827459,55968.1829858401,125,0,1,none,307,22,2,education,vip,0.635018006083258,RETRY,REMINDER,0.7037635430040299,1,4250.0
cus_892,pay_2892,ord_2892,3380.0,INR,upi,failed,expired_card,expired_card,customer,payment_authentication,1209,12,7,5,0.5833333333333334,3779.7778765376634,55115.40054129263,101,1,1,active,930,15,2,health,regular,0.496527780552049,CUSTOMER_NOTIFICATION,ALTERNATIVE_PAYMENT_METHOD,0.5859178635295986,0,0.0
cus_893,pay_2893,ord_2893,970.0,INR,upi,failed,network_timeout,network_timeout,customer,payment_authentication,8,7,6,1,0.8571428571428571,681.1834388969072,10333.478605580247,28,2,1,none,868,17,2,saas,regular,0.5161289201269262,ALTERNATIVE_PAYMENT_METHOD,NO_ACTION,0.5137308001507475,0,0.0
cus_894,pay_2894,ord_2894,1060.0,INR,wallet,failed,temporary_bank_failure,temporary_bank_failure,customer,payment_authentication,44,10,6,4,0.6,1296.2151928009812,20291.172571117586,41,1,0,none,700,12,6,health,new,0.35253765801553644,RETRY,RETRY,0.5124007019247645,0,0.0
cus_895,pay_2895,ord_2895,13500.0,INR,card,failed,network_timeout,network_timeout,customer,payment_authentication,344,5,5,0,1.0,9977.054700085886,131427.35697726408,147,1,0,active,420,8,6,health,regular,0.713776943391786,ALTERNATIVE_PAYMENT_METHOD,RETRY,0.8003587126294085,1,13500.0
cus_896,pay_2896,ord_2896,3280.0,INR,wallet,failed,temporary_bank_failure,temporary_bank_failure,customer,payment_authentication,579,3,2,1,0.6666666666666666,2318.8336925529165,9904.409809498453,61,1,0,none,801,5,3,health,new,0.5610594649207497,CUSTOMER_NOTIFICATION,RETRY,0.7266696173247863,1,3280.0
cus_897,pay_2897,ord_2897,2150.0,INR,card,failed,network_timeout,network_timeout,customer,payment_authentication,111,4,3,1,0.75,2014.841031758361,14436.732564324939,1,0,0,active,148,12,6,health,regular,0.7938335752308845,CUSTOMER_NOTIFICATION,RETRY,0.7726061563375761,1,2150.0
cus_898,pay_2898,ord_2898,2040.0,INR,upi,failed,expired_card,expired_card,customer,payment_authentication,1301,2,1,1,0.5,1618.57833626008,5276.541096426898,94,1,1,none,186,21,1,education,new,0.8742546029042053,CUSTOMER_NOTIFICATION,ALTERNATIVE_PAYMENT_METHOD,0.781486593857177,1,2040.0
cus_899,pay_2899,ord_2899,1350.0,INR,upi,failed,temporary_bank_failure,temporary_bank_failure,customer,payment_authentication,1448,5,5,0,1.0,1607.4861371170514,13349.980597577514,128,0,0,none,750,19,3,health,new,0.7877923779060947,NO_ACTION,RETRY,0.8307608672311685,1,1350.0
cus_900,pay_2900,ord_2900,13400.0,INR,card,failed,network_timeout,network_timeout,customer,payment_authentication,727,10,7,3,0.7,16975.241628147076,292250.3626696118,153,1,2,past_due,902,8,1,retail,new,0.9884408325936573,ALTERNATIVE_PAYMENT_METHOD,RETRY,0.8630083336281358,1,13400.0
cus_901,pay_2901,ord_2901,1500.0,INR,wallet,failed,temporary_bank_failure,temporary_bank_failure,customer,payment_authentication,1204,9,7,2,0.7777777777777778,1755.0740282686354,22566.639607514422,146,0,1,active,146,3,0,saas,regular,0.5359690686349575,HUMAN_ESCALATION,RETRY,0.6209890104108248,1,1500.0
cus_902,pay_2902,ord_2902,2100.0,INR,card,failed,temporary_bank_failure,temporary_bank_failure,customer,payment_authentication,286,2,2,0,1.0,1933.9378547318533,7521.065332411511,169,1,0,none,492,23,4,health,regular,0.7778611106930076,HUMAN_ESCALATION,RETRY,0.8244999562573807,1,2100.0
cus_903,pay_2903,ord_2903,350.0,INR,wallet,failed,network_timeout,network_timeout,customer,payment_authentication,47,8,5,3,0.625,306.3479670912081,2501.126942938847,40,2,1,none,85,0,3,education,regular,0.520557749429857,HUMAN_ESCALATION,NO_ACTION,0.4310736223783891,0,0.0
cus_904,pay_2904,ord_2904,960.0,INR,card,failed,expired_card,expired_card,customer,payment_authentication,1348,6,6,0,1.0,869.3587970162432,7609.324991658065,128,0,0,none,974,4,4,education,regular,0.7576177913051655,NO_ACTION,ALTERNATIVE_PAYMENT_METHOD,0.6860074267256039,1,960.0
cus_905,pay_2905,ord_2905,1040.0,INR,upi,failed,network_timeout,network_timeout,customer,payment_authentication,1221,11,6,5,0.5454545454545454,782.024369256224,17258.33054256173,56,0,0,none,368,13,6,retail,regular,0.9401254192279691,HUMAN_ESCALATION,RETRY,0.8944888965140838,1,1040.0
cus_906,pay_2906,ord_2906,2940.0,INR,wallet,failed,card_declined,card_declined,customer,payment_authentication,1136,7,5,2,0.7142857142857143,3651.950312184798,43397.12866355204,157,0,0,active,815,20,3,health,vip,0.7126164475197455,NO_ACTION,REMINDER,0.6016219934627184,0,0.0
cus_907,pay_2907,ord_2907,830.0,INR,card,failed,card_declined,card_declined,customer,payment_authentication,1241,11,11,0,1.0,702.5356548032009,13614.239758514652,43,0,0,active,797,2,6,retail,regular,0.5029899619188269,REMINDER,NO_ACTION,0.508136538656378,0,0.0
cus_908,pay_2908,ord_2908,1900.0,INR,wallet,failed,insufficient_funds,insufficient_funds,customer,payment_authentication,1065,12,6,6,0.5,1615.2065251968263,48900.09598761994,128,1,1,none,162,5,4,education,regular,0.33710927508356603,HUMAN_ESCALATION,NO_ACTION,0.3068127312633085,0,0.0
cus_909,pay_2909,ord_2909,990.0,INR,upi,failed,temporary_bank_failure,temporary_bank_failure,customer,payment_authentication,1208,9,8,1,0.8888888888888888,1118.2310116108638,11681.172672589759,147,0,0,none,951,23,2,retail,new,0.7643110242021275,CUSTOMER_NOTIFICATION,RETRY,0.8324282168587641,1,990.0
cus_910,pay_2910,ord_2910,600.0,INR,upi,failed,upi_error,upi_error,customer,payment_authentication,1450,9,5,4,0.5555555555555556,642.3818660515013,4203.832859763873,106,2,0,none,962,1,0,retail,new,0.709436460258204,REMINDER,NO_ACTION,0.516832505520758,0,0.0
cus_911,pay_2911,ord_2911,580.0,INR,card,failed,temporary_bank_failure,temporary_bank_failure,customer,payment_authentication,1317,8,6,2,0.75,739.6794998393275,7919.851143850606,75,0,1,past_due,657,4,6,education,regular,0.7355609748234689,HUMAN_ESCALATION,RETRY,0.7805721599515164,1,580.0
cus_912,pay_2912,ord_2912,1520.0,INR,upi,failed,expired_card,expired_card,customer,payment_authentication,1335,10,7,3,0.7,1958.9210931644345,16467.20746017961,83,0,0,active,959,0,5,saas,regular,0.38706649068606047,NO_ACTION,ALTERNATIVE_PAYMENT_METHOD,0.40836388068867807,0,0.0
cus_913,pay_2913,ord_2913,2000.0,INR,upi,failed,insufficient_funds,insufficient_funds,customer,payment_authentication,703,5,3,2,0.6,1900.738640993325,12203.040346805348,65,1,0,active,895,17,2,saas,regular,0.7825843114216847,CUSTOMER_NOTIFICATION,REMINDER,0.7616247974177022,0,0.0
cus_914,pay_2914,ord_2914,1490.0,INR,upi,failed,insufficient_funds,insufficient_funds,customer,payment_authentication,1227,7,7,0,1.0,1866.307514008108,8613.982117053161,20,0,0,active,561,7,4,education,vip,0.9198390801274613,HUMAN_ESCALATION,REMINDER,0.8531233712053492,0,0.0
cus_915,pay_2915,ord_2915,790.0,INR,card,failed,card_declined,card_declined,customer,payment_authentication,359,8,5,3,0.625,1005.7339167597258,9889.398151856627,90,1,1,active,568,17,5,retail,regular,0.5486973782124018,NO_ACTION,NO_ACTION,0.4830096814613406,0,0.0
cus_916,pay_2916,ord_2916,1580.0,INR,card,failed,network_timeout,network_timeout,customer,payment_authentication,471,8,7,1,0.875,1917.60367311313,14529.428715233602,108,0,1,active,994,0,0,saas,vip,0.355636952657282,RETRY,RETRY,0.6265534855945635,0,0.0
cus_917,pay_2917,ord_2917,1310.0,INR,netbanking,failed,network_timeout,network_timeout,customer,payment_authentication,1305,5,3,2,0.6,1649.962092912305,15661.657693247433,131,0,0,active,190,3,6,health,regular,1.0,CUSTOMER_NOTIFICATION,RETRY,0.8943774315276435,1,1310.0
cus_918,pay_2918,ord_2918,640.0,INR,card,failed,network_timeout,network_timeout,customer,payment_authentication,545,11,9,2,0.8181818181818182,678.3972363790991,13719.200010718145,10,1,0,past_due,471,2,0,health,vip,1.0,NO_ACTION,RETRY,0.8494450639438924,1,640.0
cus_919,pay_2919,ord_2919,1960.0,INR,upi,failed,insufficient_funds,insufficient_funds,customer,payment_authentication,1252,6,6,0,1.0,1506.4466773999534,22467.145987188378,118,0,1,active,565,0,0,education,regular,0.8630905270024971,CUSTOMER_NOTIFICATION,REMINDER,0.7378527214434806,1,1960.0
cus_920,pay_2920,ord_2920,11050.0,INR,wallet,failed,expired_card,expired_card,customer,payment_authentication,743,8,7,1,0.875,13433.97881102525,115367.87016923602,52,1,0,past_due,95,0,3,retail,regular,0.8212296658846466,RETRY,ALTERNATIVE_PAYMENT_METHOD,0.8065763660778724,1,11050.0
cus_921,pay_2921,ord_2921,1560.0,INR,card,failed,temporary_bank_failure,temporary_bank_failure,customer,payment_authentication,412,7,5,2,0.7142857142857143,1379.8651598313604,9897.591937685513,127,1,0,active,736,5,2,health,new,0.7377975358464339,RETRY,RETRY,0.6130276076551864,1,1560.0
cus_922,pay_2922,ord_2922,420.0,INR,card,failed,network_timeout,network_timeout,customer,payment_authentication,618,3,0,3,0.0,527.1349550829069,2636.9711872591993,89,1,1,none,631,20,2,saas,vip,0.2737499419846413,REMINDER,RETRY,0.24754261653754855,1,420.0
cus_923,pay_2923,ord_2923,7850.0,INR,upi,failed,insufficient_funds,insufficient_funds,customer,payment_authentication,871,12,6,6,0.5,7940.621797652722,74393.62851396126,170,0,1,none,74,12,3,saas,regular,0.6545317632622438,RETRY,REMINDER,0.629571683276157,0,0.0
cus_924,pay_2924,ord_2924,6360.0,INR,card,failed,expired_card,expired_card,customer,payment_authentication,96,5,3,2,0.6,6320.7433752449615,48618.93827743243,19,0,0,active,845,18,2,education,new,0.4458338232806446,RETRY,ALTERNATIVE_PAYMENT_METHOD,0.3760154583188686,0,0.0
cus_925,pay_2925,ord_2925,7570.0,INR,upi,failed,temporary_bank_failure,temporary_bank_failure,customer,payment_authentication,835,10,6,4,0.6,9074.819605618708,64001.44154034841,45,1,1,active,419,3,2,education,regular,0.6066023094203553,RETRY,RETRY,0.5522605438800685,0,0.0
cus_926,pay_2926,ord_2926,1730.0,INR,upi,failed,network_timeout,network_timeout,customer,payment_authentication,158,4,2,2,0.5,1614.0203753425913,12348.914029617688,129,1,0,none,110,21,3,retail,regular,0.8029635309146542,ALTERNATIVE_PAYMENT_METHOD,RETRY,0.7005622634416672,1,1730.0
cus_927,pay_2927,ord_2927,830.0,INR,upi,failed,network_timeout,network_timeout,customer,payment_authentication,731,10,7,3,0.7,633.8979267095169,13032.202383108603,37,1,0,past_due,84,22,6,education,regular,0.5082367572851333,RETRY,RETRY,0.7234085844479197,1,830.0
cus_928,pay_2928,ord_2928,740.0,INR,card,failed,network_timeout,network_timeout,customer,payment_authentication,485,13,11,2,0.8461538461538461,865.9799240444212,14398.33109822522,45,0,1,none,275,14,4,saas,vip,0.6283435682273315,RETRY,RETRY,0.6372197266867908,1,740.0
cus_929,pay_2929,ord_2929,5660.0,INR,upi,failed,temporary_bank_failure,temporary_bank_failure,customer,payment_authentication,913,10,7,3,0.7,4948.901580668091,101419.25015166357,116,1,0,none,396,18,2,retail,regular,0.588318361027532,HUMAN_ESCALATION,RETRY,0.710411998474111,1,5660.0
cus_930,pay_2930,ord_2930,9010.0,INR,upi,failed,upi_error,upi_error,customer,payment_authentication,1258,11,10,1,0.9090909090909091,10879.981781614357,107752.59651938433,92,2,1,none,401,9,4,saas,new,0.642415424349281,RETRY,NO_ACTION,0.549320381795884,0,0.0
cus_931,pay_2931,ord_2931,720.0,INR,card,failed,temporary_bank_failure,temporary_bank_failure,customer,payment_authentication,126,5,3,2,0.6,899.6316572471494,4384.017714265647,26,1,0,none,562,5,5,saas,new,0.4500432042129783,REMINDER,RETRY,0.5412680567916145,0,0.0
cus_932,pay_2932,ord_2932,150.0,INR,upi,failed,insufficient_funds,insufficient_funds,customer,payment_authentication,128,7,5,2,0.7142857142857143,140.2721451651408,1489.2147416722457,58,2,1,none,655,21,0,saas,regular,0.22275293493346113,ALTERNATIVE_PAYMENT_METHOD,NO_ACTION,0.25104659254737893,0,0.0
cus_933,pay_2933,ord_2933,1780.0,INR,netbanking,failed,temporary_bank_failure,temporary_bank_failure,customer,payment_authentication,682,5,4,1,0.8,1962.0011642083089,17233.267028147948,115,0,1,past_due,717,2,1,saas,new,0.9813330248754711,RETRY,RETRY,0.8877073662653354,1,1780.0
cus_934,pay_2934,ord_2934,730.0,INR,upi,failed,insufficient_funds,insufficient_funds,customer,payment_authentication,1131,5,3,2,0.6,518.7112005482007,3730.7885987136583,11,1,0,none,442,9,6,saas,new,0.5220507086162918,RETRY,NO_ACTION,0.3912213204822249,0,0.0
cus_935,pay_2935,ord_2935,890.0,INR,upi,failed,expired_card,expired_card,customer,payment_authentication,420,9,8,1,0.8888888888888888,1047.0061789004242,16479.72206497618,172,0,0,none,355,1,6,education,regular,0.7317022321319704,CUSTOMER_NOTIFICATION,ALTERNATIVE_PAYMENT_METHOD,0.6434120701109873,1,890.0
cus_936,pay_2936,ord_2936,1420.0,INR,card,failed,temporary_bank_failure,temporary_bank_failure,customer,payment_authentication,1173,9,4,5,0.4444444444444444,1385.3799037143094,14595.835191087974,71,1,1,none,744,7,4,retail,new,0.6216808014938288,HUMAN_ESCALATION,RETRY,0.5463775532988341,0,0.0
cus_937,pay_2937,ord_2937,2720.0,INR,card,failed,insufficient_funds,insufficient_funds,customer,payment_authentication,4,10,5,5,0.5,2335.4348450190946,25918.289898930845,82,0,2,none,122,19,5,saas,regular,0.17534126971459818,NO_ACTION,NO_ACTION,0.2940696626754767,0,0.0
cus_938,pay_2938,ord_2938,830.0,INR,card,failed,card_declined,card_declined,customer,payment_authentication,443,3,2,1,0.6666666666666666,1016.8897921110903,4909.1727208023185,118,2,1,active,901,17,6,saas,regular,0.23357835875247343,RETRY,NO_ACTION,0.335292017202111,0,0.0
cus_939,pay_2939,ord_2939,2070.0,INR,card,failed,network_timeout,network_timeout,customer,payment_authentication,779,16,11,5,0.6875,1957.3426007864562,37240.05392495063,38,0,1,none,495,21,0,saas,regular,0.7116246507882408,RETRY,RETRY,0.8456637220410441,0,0.0
cus_940,pay_2940,ord_2940,1590.0,INR,wallet,failed,card_declined,card_declined,customer,payment_authentication,939,5,5,0,1.0,1898.5360683331235,11747.476332242826,101,1,2,past_due,625,19,3,education,regular,0.5374667614721461,RETRY,REMINDER,0.6430660330250236,1,1590.0
cus_941,pay_2941,ord_2941,180.0,INR,card,failed,card_declined,card_declined,customer,payment_authentication,547,4,3,1,0.75,171.42093240862255,701.5040508315979,179,0,0,none,129,12,1,health,regular,0.65478277196049,CUSTOMER_NOTIFICATION,REMINDER,0.6389640474617783,1,180.0
cus_942,pay_2942,ord_2942,3120.0,INR,netbanking,failed,temporary_bank_failure,temporary_bank_failure,customer,payment_authentication,1323,2,1,1,0.5,3961.4744293561043,12209.682794328914,172,0,0,past_due,88,23,6,saas,regular,0.902166528387288,HUMAN_ESCALATION,RETRY,0.8016136559083376,1,3120.0
cus_943,pay_2943,ord_2943,1150.0,INR,card,failed,network_timeout,network_timeout,customer,payment_authentication,647,4,4,0,1.0,1267.5770632875635,6295.122415081548,68,1,2,none,96,13,0,health,new,1.0,REMINDER,RETRY,0.9286711297341117,1,1150.0
cus_944,pay_2944,ord_2944,510.0,INR,card,failed,temporary_bank_failure,temporary_bank_failure,customer,payment_authentication,953,11,9,2,0.8181818181818182,561.16185564169,5635.104848928032,178,0,1,none,395,15,0,education,vip,0.445311501102716,NO_ACTION,RETRY,0.6304671735491837,0,0.0
cus_945,pay_2945,ord_2945,870.0,INR,upi,failed,insufficient_funds,insufficient_funds,customer,payment_authentication,167,9,7,2,0.7777777777777778,673.6075134383769,10459.220531065126,20,0,0,active,732,10,4,education,new,0.6552260598404723,NO_ACTION,REMINDER,0.6588601875867747,0,0.0
cus_946,pay_2946,ord_2946,2210.0,INR,card,failed,temporary_bank_failure,temporary_bank_failure,customer,payment_authentication,1394,5,3,2,0.6,2538.203807773784,22556.418019748337,161,1,0,none,958,7,2,retail,regular,0.6985340668055083,NO_ACTION,RETRY,0.7259363700106811,1,2210.0
cus_947,pay_2947,ord_2947,1890.0,INR,netbanking,failed,card_declined,card_declined,customer,payment_authentication,758,7,4,3,0.5714285714285714,1912.9507953017157,25594.307487036273,74,1,0,past_due,608,19,5,education,regular,0.19868085689099121,ALTERNATIVE_PAYMENT_METHOD,NO_ACTION,0.43040476311155257,0,0.0
cus_948,pay_2948,ord_2948,3440.0,INR,wallet,failed,insufficient_funds,insufficient_funds,customer,payment_authentication,705,9,8,1,0.8888888888888888,3890.6869830439114,40200.93321531437,56,0,1,none,429,22,2,education,regular,0.7034554312858321,REMINDER,REMINDER,0.6204677620960453,1,3440.0
cus_949,pay_2949,ord_2949,2800.0,INR,netbanking,failed,card_declined,card_declined,customer,payment_authentication,405,9,8,1,0.8888888888888888,3417.3373717560344,55062.18689658817,15,0,1,active,530,20,5,education,regular,0.8630396075515931,CUSTOMER_NOTIFICATION,REMINDER,0.7828406914038712,0,0.0
cus_950,pay_2950,ord_2950,560.0,INR,card,failed,insufficient_funds,insufficient_funds,customer,payment_authentication,911,6,3,3,0.5,628.265406380263,3385.515876927154,111,2,1,active,168,17,2,education,new,0.27950165647247005,NO_ACTION,NO_ACTION,0.34027079421068207,0,0.0
cus_951,pay_2951,ord_2951,99.0,INR,netbanking,failed,expired_card,expired_card,customer,payment_authentication,1,6,5,1,0.8333333333333334,98.94870430498659,1255.1450233271914,14,0,1,none,167,7,4,education,new,0.3732168072069115,ALTERNATIVE_PAYMENT_METHOD,ALTERNATIVE_PAYMENT_METHOD,0.40416953512238907,0,0.0
cus_952,pay_2952,ord_2952,2040.0,INR,card,failed,expired_card,expired_card,customer,payment_authentication,678,6,5,1,0.8333333333333334,2470.918189205289,28169.265589089235,131,0,0,none,857,19,6,education,regular,0.4131550167535358,ALTERNATIVE_PAYMENT_METHOD,ALTERNATIVE_PAYMENT_METHOD,0.398605879971446,0,0.0
cus_953,pay_2953,ord_2953,3400.0,INR,wallet,failed,temporary_bank_failure,temporary_bank_failure,customer,payment_authentication,1170,5,5,0,1.0,3885.852249782252,29474.894113764596,8,0,2,none,920,21,4,health,new,0.8582818608434121,HUMAN_ESCALATION,RETRY,0.8169026825185515,0,0.0
cus_954,pay_2954,ord_2954,1480.0,INR,upi,failed,insufficient_funds,insufficient_funds,customer,payment_authentication,1166,9,6,3,0.6666666666666666,1715.1024018691628,11516.97339509786,94,1,0,none,837,11,1,retail,regular,0.31199922549077486,NO_ACTION,NO_ACTION,0.3768696941515702,0,0.0
cus_955,pay_2955,ord_2955,3500.0,INR,card,failed,card_declined,card_declined,customer,payment_authentication,942,10,10,0,1.0,4364.187788146534,73048.00898361467,81,1,0,none,860,5,6,education,regular,0.6729876815520957,ALTERNATIVE_PAYMENT_METHOD,REMINDER,0.758893419003628,1,3500.0
cus_956,pay_2956,ord_2956,660.0,INR,card,failed,expired_card,expired_card,customer,payment_authentication,562,7,6,1,0.8571428571428571,516.6941828546181,6695.300191729178,177,0,2,active,726,15,6,education,new,0.3795251396772358,NO_ACTION,ALTERNATIVE_PAYMENT_METHOD,0.4881114067203224,0,0.0
cus_957,pay_2957,ord_2957,1280.0,INR,card,failed,temporary_bank_failure,temporary_bank_failure,customer,payment_authentication,792,9,6,3,0.6666666666666666,1279.254008950908,11820.22525334493,82,0,2,none,842,5,3,saas,new,0.8884624379153311,NO_ACTION,RETRY,0.7395698647910778,0,0.0
cus_958,pay_2958,ord_2958,720.0,INR,card,failed,card_declined,card_declined,customer,payment_authentication,254,5,5,0,1.0,557.5316960668818,8030.231560131155,56,0,2,none,48,23,2,education,regular,0.544245111317437,CUSTOMER_NOTIFICATION,NO_ACTION,0.4222880591865246,0,0.0
cus_959,pay_2959,ord_2959,3630.0,INR,wallet,failed,insufficient_funds,insufficient_funds,customer,payment_authentication,933,8,4,4,0.5,4173.688824215283,40998.99574138767,132,1,1,none,65,20,5,retail,vip,0.1394362145144062,ALTERNATIVE_PAYMENT_METHOD,NO_ACTION,0.2486750171656506,0,0.0
cus_960,pay_2960,ord_2960,730.0,INR,netbanking,failed,temporary_bank_failure,temporary_bank_failure,customer,payment_authentication,325,9,5,4,0.5555555555555556,700.2130199570272,9849.184224487075,156,1,0,none,896,15,3,education,regular,0.42099441350026634,NO_ACTION,RETRY,0.510574312060815,1,730.0
cus_961,pay_2961,ord_2961,14180.0,INR,wallet,failed,temporary_bank_failure,temporary_bank_failure,customer,payment_authentication,486,3,2,1,0.6666666666666666,16054.62126284202,81808.77117452811,97,0,0,none,72,12,0,education,new,0.6851325693257937,HUMAN_ESCALATION,RETRY,0.7911928625211662,1,14180.0
cus_962,pay_2962,ord_2962,1090.0,INR,card,failed,expired_card,expired_card,customer,payment_authentication,1101,7,5,2,0.7142857142857143,842.6285956778065,16381.227544138119,136,0,0,none,259,4,2,retail,regular,0.3396319799891038,ALTERNATIVE_PAYMENT_METHOD,ALTERNATIVE_PAYMENT_METHOD,0.48813177269466845,0,0.0
cus_963,pay_2963,ord_2963,4020.0,INR,upi,failed,insufficient_funds,insufficient_funds,customer,payment_authentication,185,5,5,0,1.0,4309.917105276621,32679.571289892752,154,0,0,none,471,1,0,education,regular,0.950171806863776,RETRY,REMINDER,0.7550663414996296,1,4020.0
cus_964,pay_2964,ord_2964,1110.0,INR,card,failed,card_declined,card_declined,customer,payment_authentication,495,9,6,3,0.6666666666666666,852.1456889582124,20586.79195637131,82,0,1,none,526,0,2,education,regular,0.26891348243688434,CUSTOMER_NOTIFICATION,NO_ACTION,0.34234826543020846,0,0.0
cus_965,pay_2965,ord_2965,6890.0,INR,upi,failed,temporary_bank_failure,temporary_bank_failure,customer,payment_authentication,536,7,6,1,0.8571428571428571,6282.944929439354,50782.00032311509,157,0,1,past_due,288,2,1,health,regular,0.9017938263238126,RETRY,RETRY,0.8258379258635212,1,6890.0
cus_966,pay_2966,ord_2966,6630.0,INR,card,failed,network_timeout,network_timeout,customer,payment_authentication,1419,4,3,1,0.75,6771.954677562949,49781.90182274659,144,2,0,none,887,10,6,saas,regular,0.6025240706161415,REMINDER,REMINDER,0.6363849387617918,1,6630.0
cus_967,pay_2967,ord_2967,1310.0,INR,card,failed,insufficient_funds,insufficient_funds,customer,payment_authentication,1183,14,12,2,0.8571428571428571,1460.6014742351188,27178.99461558081,30,1,1,none,336,6,6,retail,regular,0.3382612633618516,CUSTOMER_NOTIFICATION,NO_ACTION,0.3602123170234814,0,0.0
cus_968,pay_2968,ord_2968,2380.0,INR,upi,failed,card_declined,card_declined,customer,payment_authentication,559,3,2,1,0.6666666666666666,2381.5446204337672,10686.6743592616,77,2,1,none,783,8,0,retail,regular,0.3847232912349312,NO_ACTION,NO_ACTION,0.413618397744609,0,0.0
cus_969,pay_2969,ord_2969,6460.0,INR,card,failed,network_timeout,network_timeout,customer,payment_authentication,912,6,5,1,0.8333333333333334,7354.346315650944,44147.733752273205,7,1,0,active,709,4,5,education,regular,0.488382119527154,REMINDER,RETRY,0.45163229323852333,0,0.0
cus_970,pay_2970,ord_2970,2450.0,INR,upi,failed,insufficient_funds,insufficient_funds,customer,payment_authentication,360,7,5,2,0.7142857142857143,1970.5864086975146,15502.070268671974,138,0,2,past_due,47,17,5,saas,regular,0.48918282722852374,HUMAN_ESCALATION,NO_ACTION,0.5076676758229013,0,0.0
cus_971,pay_2971,ord_2971,720.0,INR,upi,failed,temporary_bank_failure,temporary_bank_failure,customer,payment_authentication,1187,10,9,1,0.9,781.3220093503214,8238.822423685744,127,1,1,active,935,23,6,education,new,0.8983089893618094,RETRY,RETRY,0.8237672307145654,1,720.0
cus_972,pay_2972,ord_2972,1940.0,INR,card,failed,expired_card,expired_card,customer,payment_authentication,517,8,7,1,0.875,1807.034305151629,27670.002844572544,7,0,1,active,208,0,6,saas,new,0.4631194762156952,HUMAN_ESCALATION,ALTERNATIVE_PAYMENT_METHOD,0.34757074301872515,0,0.0
cus_973,pay_2973,ord_2973,860.0,INR,wallet,failed,upi_error,upi_error,customer,payment_authentication,1353,6,5,1,0.8333333333333334,681.5786471794501,6391.262196234289,1,0,0,active,603,17,2,health,new,0.789441933610178,REMINDER,RETRY,0.8514743901052746,1,860.0
cus_974,pay_2974,ord_2974,2100.0,INR,upi,failed,upi_error,upi_error,customer,payment_authentication,1336,3,2,1,0.6666666666666666,2545.2783770259502,13830.943899174616,109,0,1,none,600,21,3,health,regular,0.6257073204698218,CUSTOMER_NOTIFICATION,RETRY,0.6052873834854533,1,2100.0
cus_975,pay_2975,ord_2975,820.0,INR,netbanking,failed,temporary_bank_failure,temporary_bank_failure,customer,payment_authentication,375,6,0,6,0.0,1054.140462279467,10548.388306012506,70,0,0,none,28,10,1,education,vip,0.2760798163710326,REMINDER,RETRY,0.43944558340552087,1,820.0
cus_976,pay_2976,ord_2976,2620.0,INR,upi,failed,network_timeout,network_timeout,customer,payment_authentication,614,4,3,1,0.75,2210.6402946423773,20994.01928899756,7,0,1,active,971,13,6,health,regular,0.8563062131242403,ALTERNATIVE_PAYMENT_METHOD,RETRY,0.9085121960342818,1,2620.0
cus_977,pay_2977,ord_2977,300.0,INR,upi,failed,insufficient_funds,insufficient_funds,customer,payment_authentication,1371,8,7,1,0.875,238.35701465567857,4715.792823272366,9,0,0,past_due,40,19,0,health,regular,0.5314823837008797,CUSTOMER_NOTIFICATION,NO_ACTION,0.529659046290155,0,0.0
cus_978,pay_2978,ord_2978,590.0,INR,upi,failed,temporary_bank_failure,temporary_bank_failure,customer,payment_authentication,145,5,4,1,0.8,683.6223547567658,5115.894871209849,155,3,0,none,432,15,3,education,regular,0.7140777225794744,RETRY,REMINDER,0.7339797758278687,1,590.0
cus_979,pay_2979,ord_2979,820.0,INR,netbanking,failed,card_declined,card_declined,customer,payment_authentication,994,3,3,0,1.0,1061.3877664753156,6332.32427064176,82,0,0,past_due,231,7,3,health,new,0.6256079678537649,RETRY,REMINDER,0.6364963351330855,0,0.0
cus_980,pay_2980,ord_2980,1540.0,INR,upi,failed,expired_card,expired_card,customer,payment_authentication,774,9,5,4,0.5555555555555556,1464.764828628158,26054.091486262056,136,0,2,none,207,7,2,education,new,0.6192337486507827,NO_ACTION,ALTERNATIVE_PAYMENT_METHOD,0.5675703374262593,1,1540.0
cus_981,pay_2981,ord_2981,400.0,INR,card,failed,expired_card,expired_card,customer,payment_authentication,841,10,8,2,0.8,469.8201443576675,4925.7061297628325,80,1,0,none,9,0,6,health,new,0.7061495928443451,NO_ACTION,ALTERNATIVE_PAYMENT_METHOD,0.633611745564507,1,400.0
cus_982,pay_2982,ord_2982,750.0,INR,card,failed,network_timeout,network_timeout,customer,payment_authentication,858,7,4,3,0.5714285714285714,591.2181957350733,9842.125329496406,165,0,0,past_due,125,19,3,health,regular,0.5798600669483605,CUSTOMER_NOTIFICATION,RETRY,0.7924579868501627,1,750.0
cus_983,pay_2983,ord_2983,3940.0,INR,upi,failed,insufficient_funds,insufficient_funds,customer,payment_authentication,755,5,3,2,0.6,3297.1332349965096,37195.55040305903,152,1,1,past_due,138,8,0,retail,regular,0.5522099029938139,REMINDER,NO_ACTION,0.5339103532740458,0,0.0
cus_984,pay_2984,ord_2984,4430.0,INR,card,failed,card_declined,card_declined,customer,payment_authentication,514,6,5,1,0.8333333333333334,3475.544904629597,51998.95817892964,162,0,1,none,667,20,5,saas,new,0.6057806754759405,REMINDER,REMINDER,0.6372592881675783,1,4430.0
cus_985,pay_2985,ord_2985,140.0,INR,card,failed,insufficient_funds,insufficient_funds,customer,payment_authentication,703,11,8,3,0.7272727272727273,153.95488195445526,1873.487378642705,116,0,1,active,53,8,6,saas,regular,0.2560683593235333,NO_ACTION,NO_ACTION,0.30424607731023573,0,0.0
cus_986,pay_2986,ord_2986,1010.0,INR,card,failed,temporary_bank_failure,temporary_bank_failure,customer,payment_authentication,1467,7,5,2,0.7142857142857143,1063.0256775449739,11008.646404110696,2,0,1,active,540,12,2,retail,vip,0.6999065514569393,HUMAN_ESCALATION,RETRY,0.5603104135195579,0,0.0
cus_987,pay_2987,ord_2987,6470.0,INR,upi,failed,insufficient_funds,insufficient_funds,customer,payment_authentication,111,10,7,3,0.7,7098.470780993138,131273.1310659276,72,0,1,active,277,3,1,education,regular,0.6676037328413172,ALTERNATIVE_PAYMENT_METHOD,REMINDER,0.8432792309608204,1,6470.0
cus_988,pay_2988,ord_2988,2660.0,INR,card,failed,upi_error,upi_error,customer,payment_authentication,241,9,7,2,0.7777777777777778,2131.553174274658,52360.19895033184,17,2,2,active,35,1,4,retail,regular,0.8584770553077776,ALTERNATIVE_PAYMENT_METHOD,REMINDER,0.8637948712782776,1,2660.0
cus_989,pay_2989,ord_2989,2720.0,INR,upi,failed,expired_card,expired_card,customer,payment_authentication,82,4,3,1,0.75,2036.5778081098688,15883.695568490715,91,0,0,none,45,15,0,retail,regular,0.7936572456810814,HUMAN_ESCALATION,ALTERNATIVE_PAYMENT_METHOD,0.6497563371518384,1,2720.0
cus_990,pay_2990,ord_2990,3180.0,INR,netbanking,failed,temporary_bank_failure,temporary_bank_failure,customer,payment_authentication,938,2,1,1,0.5,3244.8103326884034,12714.099469141316,86,0,0,none,835,17,4,saas,new,0.4495597649541376,ALTERNATIVE_PAYMENT_METHOD,RETRY,0.4423616323423095,0,0.0
cus_991,pay_2991,ord_2991,690.0,INR,netbanking,failed,card_declined,card_declined,customer,payment_authentication,497,7,5,2,0.7142857142857143,702.3386417394047,6237.998401071842,98,2,0,none,911,9,1,health,new,0.1711570284030285,HUMAN_ESCALATION,NO_ACTION,0.26614529032298867,0,0.0
cus_992,pay_2992,ord_2992,2240.0,INR,card,failed,upi_error,upi_error,customer,payment_authentication,68,6,4,2,0.6666666666666666,2134.617538494799,25610.472077524908,168,1,1,past_due,619,15,1,retail,regular,0.5616783076621159,HUMAN_ESCALATION,RETRY,0.5833167269911538,1,2240.0
cus_993,pay_2993,ord_2993,2900.0,INR,upi,failed,upi_error,upi_error,customer,payment_authentication,306,9,5,4,0.5555555555555556,3218.3525298943114,21762.335253152316,40,1,2,active,523,7,0,education,regular,0.7551189963760295,REMINDER,RETRY,0.578006759618147,1,2900.0
cus_994,pay_2994,ord_2994,2010.0,INR,upi,failed,card_declined,card_declined,customer,payment_authentication,390,13,9,4,0.6923076923076923,1912.035650283644,54590.371885002955,156,2,0,past_due,236,16,4,education,vip,0.437284504625179,HUMAN_ESCALATION,NO_ACTION,0.3200915704232202,0,0.0
cus_995,pay_2995,ord_2995,1220.0,INR,upi,failed,insufficient_funds,insufficient_funds,customer,payment_authentication,130,2,2,0,1.0,1480.94426677574,5175.89287803856,139,0,1,past_due,861,14,4,health,regular,0.6920541458227573,ALTERNATIVE_PAYMENT_METHOD,REMINDER,0.7438553578959453,1,1220.0
cus_996,pay_2996,ord_2996,1720.0,INR,upi,failed,card_declined,card_declined,customer,payment_authentication,1150,9,7,2,0.7777777777777778,2006.5856006485217,18098.40468740877,80,0,0,none,490,20,3,education,regular,0.834494471988243,NO_ACTION,REMINDER,0.6810065402901005,0,0.0
cus_997,pay_2997,ord_2997,580.0,INR,card,failed,network_timeout,network_timeout,customer,payment_authentication,37,9,8,1,0.8888888888888888,522.8484486699377,4341.169757056131,84,0,1,none,678,17,6,education,regular,0.9776052358841021,REMINDER,RETRY,0.9138797291411244,1,580.0
cus_998,pay_2998,ord_2998,3340.0,INR,wallet,failed,network_timeout,network_timeout,customer,payment_authentication,1324,14,11,3,0.7857142857142857,4130.007930927497,71591.17527405456,70,0,0,past_due,785,21,0,health,new,0.5474572023544957,ALTERNATIVE_PAYMENT_METHOD,RETRY,0.8016904737727771,1,3340.0
cus_999,pay_2999,ord_2999,430.0,INR,card,failed,network_timeout,network_timeout,customer,payment_authentication,1467,3,2,1,0.6666666666666666,427.94717430201496,2514.691253736037,114,0,1,none,460,23,6,education,regular,0.7313812152009492,NO_ACTION,RETRY,0.741996198148752,1,430.0
